<?xml version="1.0" encoding="UTF-8"?><?xml-stylesheet href="https://www.accessdata.fda.gov/spl/stylesheet/spl.xsl" type="text/xsl"?>
<document xmlns="urn:hl7-org:v3" xmlns:xsi="http://www.w3.org/2001/XMLSchema-instance" xsi:schemaLocation="urn:hl7-org:v3 https://www.accessdata.fda.gov/spl/schema/spl.xsd">
   <id root="014692c3-74d5-4811-a4fe-318b1fc4897a"/>
   <code code="34390-5" codeSystem="2.16.840.1.113883.6.1" displayName="HUMAN OTC DRUG LABEL"/>
   <title/>
   <effectiveTime value="20181022"/>
   <setId root="f3e21ed8-c9be-470e-a5d0-25b811b4933c"/>
   <versionNumber value="4"/>
   <author>
      <time/>
      <assignedEntity>
         <representedOrganization>
            <id root="1.3.6.1.4.1.519.1" extension="075372276"/>
            <name>New World Imports, Inc.</name>
            <assignedEntity>
               <assignedOrganization/>
            </assignedEntity>
         </representedOrganization>
      </assignedEntity>
   </author>
   <component>
      <structuredBody>
         <component>
            <section>
               <id root="dc99b705-7966-4c1b-bcae-32efaffc2efc"/>
               <code code="48780-1" codeSystem="2.16.840.1.113883.6.1" displayName="SPL product data elements section"/>
               <title/>
               <text/>
               <effectiveTime value="20181022"/>
               <subject>
                  <manufacturedProduct>
                     <manufacturedProduct>
                        <code code="51824-030" codeSystem="2.16.840.1.113883.6.69"/>
                        <name>CAREALL Naproxen</name>
                        <formCode code="C25158" codeSystem="2.16.840.1.113883.3.26.1.1" displayName="CAPSULE"/>
                        <asEntityWithGeneric>
                           <genericMedicine>
                              <name>Naproxen Sodium</name>
                           </genericMedicine>
                        </asEntityWithGeneric>
                        <ingredient classCode="ACTIB">
                           <quantity>
                              <numerator value="220" unit="mg"/>
                              <denominator value="1" unit="1"/>
                           </quantity>
                           <ingredientSubstance>
                              <code code="9TN87S3A3C" codeSystem="2.16.840.1.113883.4.9"/>
                              <name>NAPROXEN SODIUM</name>
                              <activeMoiety>
                                 <activeMoiety>
                                    <code code="57Y76R9ATQ" codeSystem="2.16.840.1.113883.4.9"/>
                                    <name>NAPROXEN</name>
                                 </activeMoiety>
                              </activeMoiety>
                           </ingredientSubstance>
                        </ingredient>
                        <ingredient classCode="IACT">
                           <ingredientSubstance>
                              <code code="M28OL1HH48" codeSystem="2.16.840.1.113883.4.9"/>
                              <name>CROSCARMELLOSE SODIUM</name>
                           </ingredientSubstance>
                        </ingredient>
                        <ingredient classCode="IACT">
                           <ingredientSubstance>
                              <code code="ETJ7Z6XBU4" codeSystem="2.16.840.1.113883.4.9"/>
                              <name>SILICON DIOXIDE</name>
                           </ingredientSubstance>
                        </ingredient>
                        <ingredient classCode="IACT">
                           <ingredientSubstance>
                              <code code="L06K8R7DQK" codeSystem="2.16.840.1.113883.4.9"/>
                              <name>FD&amp;C BLUE NO. 2</name>
                           </ingredientSubstance>
                        </ingredient>
                        <ingredient classCode="IACT">
                           <ingredientSubstance>
                              <code code="3NXW29V3WO" codeSystem="2.16.840.1.113883.4.9"/>
                              <name>HYPROMELLOSES</name>
                           </ingredientSubstance>
                        </ingredient>
                        <ingredient classCode="IACT">
                           <ingredientSubstance>
                              <code code="70097M6I30" codeSystem="2.16.840.1.113883.4.9"/>
                              <name>MAGNESIUM STEARATE</name>
                           </ingredientSubstance>
                        </ingredient>
                        <ingredient classCode="IACT">
                           <ingredientSubstance>
                              <code code="OP1R32D61U" codeSystem="2.16.840.1.113883.4.9"/>
                              <name>CELLULOSE, MICROCRYSTALLINE</name>
                           </ingredientSubstance>
                        </ingredient>
                        <ingredient classCode="IACT">
                           <ingredientSubstance>
                              <code code="FZ989GH94E" codeSystem="2.16.840.1.113883.4.9"/>
                              <name>POVIDONE</name>
                           </ingredientSubstance>
                        </ingredient>
                        <ingredient classCode="IACT">
                           <ingredientSubstance>
                              <code code="15FIX9V2JP" codeSystem="2.16.840.1.113883.4.9"/>
                              <name>TITANIUM DIOXIDE</name>
                           </ingredientSubstance>
                        </ingredient>
                        <ingredient classCode="IACT">
                           <ingredientSubstance>
                              <code code="AG9B65PV6B" codeSystem="2.16.840.1.113883.4.9"/>
                              <name>SODIUM STARCH GLYCOLATE TYPE A CORN</name>
                           </ingredientSubstance>
                        </ingredient>
                        <ingredient classCode="IACT">
                           <ingredientSubstance>
                              <code code="059QF0KO0R" codeSystem="2.16.840.1.113883.4.9"/>
                              <name>water</name>
                           </ingredientSubstance>
                        </ingredient>
                        <ingredient classCode="IACT">
                           <ingredientSubstance>
                              <code code="O8232NY3SJ" codeSystem="2.16.840.1.113883.4.9"/>
                              <name>starch, corn</name>
                           </ingredientSubstance>
                        </ingredient>
                        <ingredient classCode="IACT">
                           <ingredientSubstance>
                              <code code="4ELV7Z65AP" codeSystem="2.16.840.1.113883.4.9"/>
                              <name>STEARIC ACID</name>
                           </ingredientSubstance>
                        </ingredient>
                        <asContent>
                           <quantity>
                              <numerator value="100" unit="1"/>
                              <denominator value="1" unit="1"/>
                           </quantity>
                           <containerPackagedProduct>
                              <code code="51824-030-01" codeSystem="2.16.840.1.113883.6.69"/>
                              <formCode code="C43173" displayName="BOTTLE, PLASTIC" codeSystem="2.16.840.1.113883.3.26.1.1"/>
                           </containerPackagedProduct>
                           <subjectOf>
                              <marketingAct>
                                 <code code="C53292" codeSystem="2.16.840.1.113883.3.26.1.1"/>
                                 <statusCode code="active"/>
                                 <effectiveTime>
                                    <low value="20130501"/>
                                 </effectiveTime>
                              </marketingAct>
                           </subjectOf>
                           <subjectOf>
                              <characteristic classCode="OBS">
                                 <code code="SPLCMBPRDTP" codeSystem="2.16.840.1.113883.1.11.19255"/>
                                 <value code="C112160" displayName="Type 0: Not a Combination Product" codeSystem="2.16.840.1.113883.3.26.1.1" xsi:type="CE"/>
                              </characteristic>
                           </subjectOf>
                        </asContent>
                     </manufacturedProduct>
                     <subjectOf>
                        <marketingAct>
                           <code code="C53292" codeSystem="2.16.840.1.113883.3.26.1.1"/>
                           <statusCode code="active"/>
                           <effectiveTime>
                              <low value="20130501"/>
                           </effectiveTime>
                        </marketingAct>
                     </subjectOf>
                     <subjectOf>
                        <approval>
                           <id extension="ANDA090545" root="2.16.840.1.113883.3.150"/>
                           <code code="C73584" codeSystem="2.16.840.1.113883.3.26.1.1" displayName="ANDA"/>
                           <author>
                              <territorialAuthority>
                                 <territory>
                                    <code code="USA" codeSystem="2.16.840.1.113883.5.28"/>
                                 </territory>
                              </territorialAuthority>
                           </author>
                        </approval>
                     </subjectOf>
                     <subjectOf>
                        <characteristic>
                           <code code="SPLCOLOR" codeSystem="2.16.840.1.113883.1.11.19255"/>
                           <value code="C48333" codeSystem="2.16.840.1.113883.3.26.1.1" displayName="blue" xsi:type="CE"/>
                        </characteristic>
                     </subjectOf>
                     <subjectOf>
                        <characteristic>
                           <code code="SPLSHAPE" codeSystem="2.16.840.1.113883.1.11.19255"/>
                           <value code="C48345" codeSystem="2.16.840.1.113883.3.26.1.1" displayName="OVAL" xsi:type="CE"/>
                        </characteristic>
                     </subjectOf>
                     <subjectOf>
                        <characteristic>
                           <code code="SPLSIZE" codeSystem="2.16.840.1.113883.1.11.19255"/>
                           <value unit="mm" value="12" xsi:type="PQ"/>
                        </characteristic>
                     </subjectOf>
                     <subjectOf>
                        <characteristic>
                           <code code="SPLIMPRINT" codeSystem="2.16.840.1.113883.1.11.19255"/>
                           <value xsi:type="ST">144</value>
                        </characteristic>
                     </subjectOf>
                     <subjectOf>
                        <characteristic>
                           <code code="SPLSCORE" codeSystem="2.16.840.1.113883.1.11.19255"/>
                           <value value="1" xsi:type="INT"/>
                        </characteristic>
                     </subjectOf>
                     <consumedIn>
                        <substanceAdministration>
                           <routeCode code="C38288" codeSystem="2.16.840.1.113883.3.26.1.1" displayName="ORAL"/>
                        </substanceAdministration>
                     </consumedIn>
                  </manufacturedProduct>
               </subject>
            </section>
         </component>
         <component>
            <section ID="L3c397c20-0f15-4b12-842d-1f120d0e59eb">
               <id root="9d7815aa-3de5-4f68-ad31-c0b9c05abeaf"/>
               <code code="55106-9" codeSystem="2.16.840.1.113883.6.1" displayName="OTC - ACTIVE INGREDIENT SECTION"/>
               <title>Active ingredients (in each tablet)</title>
               <text>
                  <paragraph>Naproxen 200mg</paragraph>
               </text>
               <effectiveTime value="20130329"/>
            </section>
         </component>
         <component>
            <section ID="L75328e2f-9153-48ed-93fa-0c145e92ab35">
               <id root="56fd70c3-e6d3-4268-86f0-fbe9cc26380b"/>
               <code code="55105-1" codeSystem="2.16.840.1.113883.6.1" displayName="OTC - PURPOSE SECTION"/>
               <title>Purpose</title>
               <text>
                  <paragraph>Pain reliever / fever reducer</paragraph>
               </text>
               <effectiveTime value="20130315"/>
            </section>
         </component>
         <component>
            <section ID="L4f7f927b-d368-4745-bb47-b88e1b3e1066">
               <id root="3804f8e7-13ab-4cec-9b33-cc65a47e9776"/>
               <code code="34067-9" codeSystem="2.16.840.1.113883.6.1" displayName="INDICATIONS &amp; USAGE SECTION"/>
               <title>Uses</title>
               <text>
                  <paragraph>Temporarily relieves minor aches and pains due to: minor pain of arthritis, backache, headache, muscular aches, menstrual cramps, toothache, common cold, temporarily reduces fever</paragraph>
               </text>
               <effectiveTime value="20130315"/>
            </section>
         </component>
         <component>
            <section ID="Ld93b8175-0c5c-42c6-bb65-f7f2588958ae">
               <id root="0feaff12-ce62-46a7-abff-8cab46b1f195"/>
               <code code="34071-1" codeSystem="2.16.840.1.113883.6.1" displayName="WARNINGS SECTION"/>
               <title>Warnings</title>
               <text>
                  <paragraph>Allergy alert: Naproxen sodium may casue a severe allergic reaction, especially in people allergic to aspirin. Symptoms may include hives, facial swelling, asthma(wheezing), shock, skin reddening, rash, blisters. If an allergic reaction occurs, stop use and seek medical help right away</paragraph>
                  <paragraph>Stomach bleeding warning: This product contains NSAID, which may casue severe stomach bleeding. The chance is higher if you are age 60 or older, have had stomach ulcers or bleeding problems, take a blood thinning (anticoagulant) or steroid drug, take other drugs containing prescription or nonprescription NSAIDs (aspirin, ibuprofen, naproxen, or others), have 3 or mre alcoholic drinks everyday while using this product, take more or for a longer time than directed.</paragraph>
                  <paragraph>Heart attack and stroke warning: NSAIDs, except aspirin, increase the rist of heart attack, heart failure and stroke. These can be fatal. The risk is higher if you use more than directed or for longer than directed.</paragraph>
               </text>
               <effectiveTime value="20181022"/>
               <component>
                  <section ID="L90ae9b7d-f698-4245-a667-dd3626fdbe06">
                     <id root="1f1967b1-071e-412a-a514-8eac4497d6d6"/>
                     <code code="50570-1" codeSystem="2.16.840.1.113883.6.1" displayName="OTC - DO NOT USE SECTION"/>
                     <title>Do not use</title>
                     <text>
                        <paragraph>
                           <content>
                              <content styleCode="bold">﻿Do not use: </content>
                           </content>
                        </paragraph>
                        <paragraph>
                           <content>
                              <content>﻿If you have ever had an allergic reaction to any other pain reliever/fever reducer. </content>
                           </content>
                        </paragraph>
                        <paragraph>
                           <content>
                              <content>Right before or after heart surgery</content>
                           </content>
                        </paragraph>
                     </text>
                     <effectiveTime value="20130315"/>
                  </section>
               </component>
               <component>
                  <section ID="L8f8c544f-93df-43d6-a911-a9bbb996677f">
                     <id root="874767ec-019d-400f-b1dd-f754f2c26181"/>
                     <code code="50567-7" codeSystem="2.16.840.1.113883.6.1" displayName="OTC - WHEN USING SECTION"/>
                     <title>When using this product</title>
                     <text>
                        <paragraph>
                           <content>
                              <content styleCode="bold">﻿When using this product:</content>
                           </content>
                        </paragraph>
                        <paragraph>Take with food or milk if stomach upset occurs. </paragraph>
                        <paragraph>The risk of heart attack or stroke may increase if you use more than directed of for longer than directed</paragraph>
                     </text>
                     <effectiveTime value="20130315"/>
                  </section>
               </component>
               <component>
                  <section ID="L4217d559-bee9-4ff2-99c7-6c0cccd90ba8">
                     <id root="ad9a455e-a724-45df-a685-7193b59916d0"/>
                     <code code="50569-3" codeSystem="2.16.840.1.113883.6.1" displayName="OTC - ASK DOCTOR SECTION"/>
                     <title>Ask a Doctor</title>
                     <text>
                        <paragraph>
                           <content styleCode="bold">﻿Ask a doctor before use if:</content>
                        </paragraph>
                        <paragraph>﻿Stomach bleeding warning applies to you</paragraph>
                        <paragraph>You have a history of stomach problems, such as heartburn</paragraph>
                        <paragraph>You have high blood pressure, heart disease, liver cirrhosis, or kidney disease</paragraph>
                        <paragraph>You are taking a diuretic</paragraph>
                        <paragraph>You have problems or serious side effects from taking paiin relievers or fever reducers</paragraph>
                        <paragraph>You have asthma</paragraph>
                        <paragraph/>
                        <paragraph>
                           <content styleCode="bold">﻿Ask a doctor or pharmacist before use if you are:</content>
                        </paragraph>
                        <paragraph>﻿under a doctors care for any serious condition</paragraph>
                        <paragraph>Taking any other drug</paragraph>
                     </text>
                     <effectiveTime value="20130315"/>
                  </section>
               </component>
            </section>
         </component>
         <component>
            <section ID="Lcf1f0ce8-daa4-4d40-bd54-d5a16fc439b2">
               <id root="e474796d-984e-4c39-a4e9-5453585eebfa"/>
               <code code="50566-9" codeSystem="2.16.840.1.113883.6.1" displayName="OTC - STOP USE SECTION"/>
               <title>Stop use and ask a doctor</title>
               <text>
                  <paragraph>Stop use and ask a doctor if:</paragraph>
                  <paragraph>You experience any of the following signs of stomach bleeding: you feel faint, vomit blood, have bloddy or black stools, have stomach pain that does not get better, you have symptoms of heart problems or stroke, chest pain, trouble breathing, weakness in one part or side of body, slurred speech, leg swelling, pain gets worse or lasts more than 10 days, fever gets worse or lasts more than 3 days, redness or swelling is present in the painful area, or any new symptoms appear.</paragraph>
               </text>
               <effectiveTime value="20181022"/>
            </section>
         </component>
         <component>
            <section ID="L19532f3b-6e4c-4544-8b8d-8d24da43356c">
               <id root="4dc76110-882f-4607-bf3b-ac1f6010cf97"/>
               <code code="53414-9" codeSystem="2.16.840.1.113883.6.1" displayName="OTC - PREGNANCY OR BREAST FEEDING SECTION"/>
               <title>If pregnant or breast-feeding</title>
               <text>
                  <paragraph>
                     <content styleCode="bold">If pregnant or breast-feeding, </content>ask a health professional before use. It is especially important not to use naproxen sodium during the last 3 months of pregnancy unless definately directed to do so by a doctor because it may cause problems in the unborn child or complications during delivery</paragraph>
               </text>
               <effectiveTime value="20130320"/>
            </section>
         </component>
         <component>
            <section ID="Lf22cc2d8-5aa9-4d7f-b19f-a5fa4c85ee3f">
               <id root="d272cf12-9676-47f7-990d-58c44287e608"/>
               <code code="50565-1" codeSystem="2.16.840.1.113883.6.1" displayName="OTC - KEEP OUT OF REACH OF CHILDREN SECTION"/>
               <title>Keep out of reach of Children</title>
               <text>
                  <paragraph>
                     <br/>
                     <content styleCode="bold">Keep out of reach of children.</content>  In case of overdose, get medical help or contact a Poison Control Center immediately.</paragraph>
               </text>
               <effectiveTime value="20130320"/>
            </section>
         </component>
         <component>
            <section ID="L2954bf7c-2734-4085-8f30-e8312001ea92">
               <id root="bec29476-8a0d-46ed-b852-fa8468498a62"/>
               <code code="34068-7" codeSystem="2.16.840.1.113883.6.1" displayName="DOSAGE &amp; ADMINISTRATION SECTION"/>
               <title>Directions</title>
               <text>
                  <paragraph>
                     <content styleCode="bold">Directions:</content>
                  </paragraph>
                  <paragraph>
                     <content styleCode="bold">Do not take more than directed.  The smallest effective dose should be used. </content> Drink a full glass of water with each dose</paragraph>
                  <paragraph>
                     <content styleCode="bold">Adults and children 12 years and older:</content>
                  </paragraph>
                  <list listType="unordered">
                     <item>Take 1 caplet every 8 to 12 hours while symptoms last</item>
                     <item>For the first dose you may take 2 caplets within the first hour</item>
                     <item>Do not exceed 2 caplets in any 8 - 12 hour period</item>
                     <item>Do not exceed 3 caplets in a 24 hour period</item>
                  </list>
                  <paragraph>
                     <content styleCode="bold">Children under 12 years:</content> ask a doctor</paragraph>
               </text>
               <effectiveTime value="20130320"/>
            </section>
         </component>
         <component>
            <section ID="Lecefe254-3a1c-46d1-80c0-e6aabf10cbab">
               <id root="ec876777-19e4-4b03-8bc5-2bb964618f6b"/>
               <code code="51727-6" codeSystem="2.16.840.1.113883.6.1" displayName="INACTIVE INGREDIENT SECTION"/>
               <title>Inactive ingredients</title>
               <text>
                  <paragraph>FD and C blue number 2 aluminum lake, hypromellose, microcrystalline cellulose, polyethylene glycol, povidone, titanium dioxide. May contain: corn starch, croscarmellose sodium, magnesium stearate, purified water, silicon dioxide, sodium starch glycolate, stearic acid</paragraph>
               </text>
               <effectiveTime value="20181022"/>
            </section>
         </component>
         <component>
            <section ID="L92345750-218e-4070-8eef-b2d772d2ac36">
               <id root="beaaf692-525f-4ca8-9a78-5a815a1e4a7f"/>
               <code code="51945-4" codeSystem="2.16.840.1.113883.6.1" displayName="PACKAGE LABEL.PRINCIPAL DISPLAY PANEL"/>
               <title/>
               <text>
                  <paragraph>
                     <renderMultiMedia referencedObject="L5f965c21-a9c0-484c-aed7-6145192e1d2d"/>
                  </paragraph>
               </text>
               <effectiveTime value="20181022"/>
               <component>
                  <observationMedia ID="L5f965c21-a9c0-484c-aed7-6145192e1d2d">
                     <text>Naproxen Label</text>
                     <value mediaType="image/jpeg" xsi:type="ED">
                        <reference value="Naproxen Label.jpg"/>
                     </value>
                  </observationMedia>
               </component>
            </section>
         </component>
      </structuredBody>
   </component>
</document>