<?xml version="1.0" encoding="UTF-8"?><?xml-stylesheet href="http://www.accessdata.fda.gov/spl/stylesheet/spl.xsl" type="text/xsl"?>
<document xmlns="urn:hl7-org:v3" xmlns:xsi="http://www.w3.org/2001/XMLSchema-instance" xsi:schemaLocation="urn:hl7-org:v3 http://www.accessdata.fda.gov/spl/schema/spl.xsd">
   <id root="046b91ed-d78b-42c0-b822-77fcbdeff84b"/>
   <code code="34390-5" codeSystem="2.16.840.1.113883.6.1" displayName="HUMAN OTC DRUG LABEL"/>
   <title>All Day Pain Relief - Naproxen Sodium Tablets, 220 mg</title>
   <effectiveTime value="20170601"/>
   <setId root="7b0cb91e-5465-40ef-9f82-919f7d984f17"/>
   <versionNumber value="4"/>
   <author>
      <time/>
      <assignedEntity>
         <representedOrganization>
            <id extension="079656178" root="1.3.6.1.4.1.519.1"/>
            <name>HealthLife of USA LLC</name>
            <assignedEntity>
               <assignedOrganization>
                  <assignedEntity>
                     <assignedOrganization>
                        <id root="1.3.6.1.4.1.519.1" extension="918609236"/>
                        <name>Granules India Limited</name>
                     </assignedOrganization>
                     <performance>
                        <actDefinition>
                           <code code="C43360" displayName="manufacture" codeSystem="2.16.840.1.113883.3.26.1.1"/>
                           <product>
                              <manufacturedProduct classCode="MANU">
                                 <manufacturedMaterialKind>
                                    <code code="69517-109" codeSystem="2.16.840.1.113883.6.69"/>
                                 </manufacturedMaterialKind>
                              </manufacturedProduct>
                           </product>
                        </actDefinition>
                     </performance>
                  </assignedEntity>
               </assignedOrganization>
            </assignedEntity>
         </representedOrganization>
      </assignedEntity>
   </author>
   <component>
      <structuredBody>
         <component>
            <section ID="DLDE">
               <id root="1740b46a-58a5-46d7-9905-5f67234528ea"/>
               <code code="48780-1" codeSystem="2.16.840.1.113883.6.1" displayName="SPL PRODUCT DATA ELEMENTS SECTION"/>
               <effectiveTime value="20160408"/>
               <subject>
                  <manufacturedProduct>
                     <manufacturedProduct>
                        <code code="69517-109" codeSystem="2.16.840.1.113883.6.69"/>
                        <name>All Day Pain Relief</name>
                        <formCode code="C42998" codeSystem="2.16.840.1.113883.3.26.1.1" displayName="TABLET"/>
                        <asEntityWithGeneric>
                           <genericMedicine>
                              <name>Naproxen Sodium Tablets, 220 mg</name>
                           </genericMedicine>
                        </asEntityWithGeneric>
                        <ingredient classCode="ACTIM">
                           <quantity>
                              <numerator value="220" unit="mg"/>
                              <denominator value="1" unit="1"/>
                           </quantity>
                           <ingredientSubstance>
                              <code code="9TN87S3A3C" codeSystem="2.16.840.1.113883.4.9"/>
                              <name>NAPROXEN SODIUM</name>
                              <activeMoiety>
                                 <activeMoiety>
                                    <code code="57Y76R9ATQ" codeSystem="2.16.840.1.113883.4.9"/>
                                    <name>NAPROXEN</name>
                                 </activeMoiety>
                              </activeMoiety>
                           </ingredientSubstance>
                        </ingredient>
                        <ingredient classCode="IACT">
                           <ingredientSubstance>
                              <code code="3NXW29V3WO" codeSystem="2.16.840.1.113883.4.9"/>
                              <name>HYPROMELLOSES</name>
                           </ingredientSubstance>
                        </ingredient>
                        <ingredient classCode="IACT">
                           <ingredientSubstance>
                              <code code="L06K8R7DQK" codeSystem="2.16.840.1.113883.4.9"/>
                              <name>FD&amp;C BLUE NO. 2</name>
                           </ingredientSubstance>
                        </ingredient>
                        <ingredient classCode="IACT">
                           <ingredientSubstance>
                              <code code="U725QWY32X" codeSystem="2.16.840.1.113883.4.9"/>
                              <name>POVIDONE K30</name>
                           </ingredientSubstance>
                        </ingredient>
                        <ingredient classCode="IACT">
                           <ingredientSubstance>
                              <code code="O8232NY3SJ" codeSystem="2.16.840.1.113883.4.9"/>
                              <name>STARCH, CORN</name>
                           </ingredientSubstance>
                        </ingredient>
                        <ingredient classCode="IACT">
                           <ingredientSubstance>
                              <code code="5856J3G2A2" codeSystem="2.16.840.1.113883.4.9"/>
                              <name>SODIUM STARCH GLYCOLATE TYPE A POTATO</name>
                           </ingredientSubstance>
                        </ingredient>
                        <ingredient classCode="IACT">
                           <ingredientSubstance>
                              <code code="OP1R32D61U" codeSystem="2.16.840.1.113883.4.9"/>
                              <name>CELLULOSE, MICROCRYSTALLINE</name>
                           </ingredientSubstance>
                        </ingredient>
                        <ingredient classCode="IACT">
                           <ingredientSubstance>
                              <code code="B697894SGQ" codeSystem="2.16.840.1.113883.4.9"/>
                              <name>POLYETHYLENE GLYCOL 400</name>
                           </ingredientSubstance>
                        </ingredient>
                        <ingredient classCode="IACT">
                           <ingredientSubstance>
                              <code code="4ELV7Z65AP" codeSystem="2.16.840.1.113883.4.9"/>
                              <name>STEARIC ACID</name>
                           </ingredientSubstance>
                        </ingredient>
                        <ingredient classCode="IACT">
                           <ingredientSubstance>
                              <code code="15FIX9V2JP" codeSystem="2.16.840.1.113883.4.9"/>
                              <name>TITANIUM DIOXIDE</name>
                           </ingredientSubstance>
                        </ingredient>
                        <asContent>
                           <quantity>
                              <numerator value="2" unit="1"/>
                              <denominator value="1"/>
                           </quantity>
                           <containerPackagedProduct>
                              <code/>
                              <formCode code="C43200" codeSystem="2.16.840.1.113883.3.26.1.1" displayName="POUCH"/>
                              <asContent>
                                 <quantity>
                                    <numerator value="25" unit="1"/>
                                    <denominator value="1"/>
                                 </quantity>
                                 <containerPackagedProduct>
                                    <code code="69517-109-25" codeSystem="2.16.840.1.113883.6.69"/>
                                    <formCode code="C43178" codeSystem="2.16.840.1.113883.3.26.1.1" displayName="BOX"/>
                                 </containerPackagedProduct>
                                 <subjectOf>
                                    <marketingAct>
                                       <code code="C53292" codeSystem="2.16.840.1.113883.3.26.1.1"/>
                                       <statusCode code="active"/>
                                       <effectiveTime>
                                          <low value="20160407"/>
                                       </effectiveTime>
                                    </marketingAct>
                                 </subjectOf>
                              </asContent>
                           </containerPackagedProduct>
                           <subjectOf>
                              <characteristic classCode="OBS">
                                 <code code="SPLCMBPRDTP" codeSystem="2.16.840.1.113883.1.11.19255"/>
                                 <value code="C112160" displayName="Type 0: Not a Combination Product" codeSystem="2.16.840.1.113883.3.26.1.1" xsi:type="CE"/>
                              </characteristic>
                           </subjectOf>
                        </asContent>
                        <asContent>
                           <quantity>
                              <numerator value="2" unit="1"/>
                              <denominator value="1"/>
                           </quantity>
                           <containerPackagedProduct>
                              <code/>
                              <formCode code="C43200" codeSystem="2.16.840.1.113883.3.26.1.1" displayName="POUCH"/>
                              <asContent>
                                 <quantity>
                                    <numerator value="50" unit="1"/>
                                    <denominator value="1"/>
                                 </quantity>
                                 <containerPackagedProduct>
                                    <code code="69517-109-50" codeSystem="2.16.840.1.113883.6.69"/>
                                    <formCode code="C43178" codeSystem="2.16.840.1.113883.3.26.1.1" displayName="BOX"/>
                                 </containerPackagedProduct>
                                 <subjectOf>
                                    <marketingAct>
                                       <code code="C53292" codeSystem="2.16.840.1.113883.3.26.1.1"/>
                                       <statusCode code="active"/>
                                       <effectiveTime>
                                          <low value="20160407"/>
                                       </effectiveTime>
                                    </marketingAct>
                                 </subjectOf>
                              </asContent>
                           </containerPackagedProduct>
                           <subjectOf>
                              <characteristic classCode="OBS">
                                 <code code="SPLCMBPRDTP" codeSystem="2.16.840.1.113883.1.11.19255"/>
                                 <value code="C112160" displayName="Type 0: Not a Combination Product" codeSystem="2.16.840.1.113883.3.26.1.1" xsi:type="CE"/>
                              </characteristic>
                           </subjectOf>
                        </asContent>
                        <asContent>
                           <quantity>
                              <numerator value="2" unit="1"/>
                              <denominator value="1"/>
                           </quantity>
                           <containerPackagedProduct>
                              <code/>
                              <formCode code="C43200" codeSystem="2.16.840.1.113883.3.26.1.1" displayName="POUCH"/>
                              <asContent>
                                 <quantity>
                                    <numerator value="2" unit="1"/>
                                    <denominator value="1"/>
                                 </quantity>
                                 <containerPackagedProduct>
                                    <code code="69517-109-02" codeSystem="2.16.840.1.113883.6.69"/>
                                    <formCode code="C43200" codeSystem="2.16.840.1.113883.3.26.1.1" displayName="POUCH"/>
                                 </containerPackagedProduct>
                                 <subjectOf>
                                    <marketingAct>
                                       <code code="C53292" codeSystem="2.16.840.1.113883.3.26.1.1"/>
                                       <statusCode code="active"/>
                                       <effectiveTime>
                                          <low value="20160407"/>
                                       </effectiveTime>
                                    </marketingAct>
                                 </subjectOf>
                              </asContent>
                           </containerPackagedProduct>
                           <subjectOf>
                              <characteristic classCode="OBS">
                                 <code code="SPLCMBPRDTP" codeSystem="2.16.840.1.113883.1.11.19255"/>
                                 <value code="C112160" displayName="Type 0: Not a Combination Product" codeSystem="2.16.840.1.113883.3.26.1.1" xsi:type="CE"/>
                              </characteristic>
                           </subjectOf>
                        </asContent>
                        <asContent>
                           <quantity>
                              <numerator value="1" unit="1"/>
                              <denominator value="1"/>
                           </quantity>
                           <containerPackagedProduct>
                              <code/>
                              <formCode code="C43182" codeSystem="2.16.840.1.113883.3.26.1.1" displayName="CARTON"/>
                              <asContent>
                                 <quantity>
                                    <numerator value="24" unit="1"/>
                                    <denominator value="1"/>
                                 </quantity>
                                 <containerPackagedProduct>
                                    <code code="69517-109-24" codeSystem="2.16.840.1.113883.6.69"/>
                                    <formCode code="C43169" codeSystem="2.16.840.1.113883.3.26.1.1" displayName="BOTTLE"/>
                                    <asContent>
                                       <quantity>
                                          <numerator value="100" unit="1"/>
                                          <denominator value="1" unit="1"/>
                                       </quantity>
                                       <containerPackagedProduct>
                                          <code code="69517-109-01" codeSystem="2.16.840.1.113883.6.69"/>
                                          <formCode code="C43169" displayName="BOTTLE" codeSystem="2.16.840.1.113883.3.26.1.1"/>
                                          <asContent>
                                             <quantity>
                                                <numerator value="400" unit="1"/>
                                                <denominator value="1" unit="1"/>
                                             </quantity>
                                             <containerPackagedProduct>
                                                <code code="69517-109-04" codeSystem="2.16.840.1.113883.6.69"/>
                                                <formCode code="C43169" displayName="BOTTLE" codeSystem="2.16.840.1.113883.3.26.1.1"/>
                                             </containerPackagedProduct>
                                             <subjectOf>
                                                <marketingAct>
                                                   <code code="C53292" codeSystem="2.16.840.1.113883.3.26.1.1"/>
                                                   <statusCode code="active"/>
                                                   <effectiveTime>
                                                      <low value="20160407"/>
                                                   </effectiveTime>
                                                </marketingAct>
                                             </subjectOf>
                                          </asContent>
                                       </containerPackagedProduct>
                                    </asContent>
                                 </containerPackagedProduct>
                              </asContent>
                           </containerPackagedProduct>
                           <subjectOf>
                              <characteristic classCode="OBS">
                                 <code code="SPLCMBPRDTP" codeSystem="2.16.840.1.113883.1.11.19255"/>
                                 <value code="C112160" displayName="Type 0: Not a Combination Product" codeSystem="2.16.840.1.113883.3.26.1.1" xsi:type="CE"/>
                              </characteristic>
                           </subjectOf>
                        </asContent>
                     </manufacturedProduct>
                     <subjectOf>
                        <approval>
                           <id extension="ANDA091353" root="2.16.840.1.113883.3.150"/>
                           <code code="C73584" codeSystem="2.16.840.1.113883.3.26.1.1" displayName="ANDA"/>
                           <author>
                              <territorialAuthority>
                                 <territory>
                                    <code code="USA" codeSystem="2.16.840.1.113883.5.28"/>
                                 </territory>
                              </territorialAuthority>
                           </author>
                        </approval>
                     </subjectOf>
                     <subjectOf>
                        <marketingAct>
                           <code code="C53292" codeSystem="2.16.840.1.113883.3.26.1.1"/>
                           <statusCode code="active"/>
                           <effectiveTime>
                              <low value="20110930"/>
                           </effectiveTime>
                        </marketingAct>
                     </subjectOf>
                     <subjectOf>
                        <characteristic classCode="OBS">
                           <code code="SPLCOLOR" codeSystem="2.16.840.1.113883.1.11.19255"/>
                           <value code="C48333" codeSystem="2.16.840.1.113883.3.26.1.1" displayName="BLUE" xsi:type="CE">
                              <originalText>Light Blue</originalText>
                           </value>
                        </characteristic>
                     </subjectOf>
                     <subjectOf>
                        <characteristic classCode="OBS">
                           <code code="SPLSCORE" codeSystem="2.16.840.1.113883.1.11.19255"/>
                           <value value="1" xsi:type="INT"/>
                        </characteristic>
                     </subjectOf>
                     <subjectOf>
                        <characteristic classCode="OBS">
                           <code code="SPLSHAPE" codeSystem="2.16.840.1.113883.1.11.19255"/>
                           <value code="C48345" codeSystem="2.16.840.1.113883.3.26.1.1" displayName="OVAL" xsi:type="CE">
                              <originalText>Capsule-Shaped</originalText>
                           </value>
                        </characteristic>
                     </subjectOf>
                     <subjectOf>
                        <characteristic classCode="OBS">
                           <code code="SPLSIZE" codeSystem="2.16.840.1.113883.1.11.19255"/>
                           <value unit="mm" value="12" xsi:type="PQ"/>
                        </characteristic>
                     </subjectOf>
                     <subjectOf>
                        <characteristic classCode="OBS">
                           <code code="SPLIMPRINT" codeSystem="2.16.840.1.113883.1.11.19255"/>
                           <value xsi:type="ST">220</value>
                        </characteristic>
                     </subjectOf>
                     <consumedIn>
                        <substanceAdministration>
                           <routeCode code="C38288" codeSystem="2.16.840.1.113883.3.26.1.1" displayName="ORAL"/>
                        </substanceAdministration>
                     </consumedIn>
                  </manufacturedProduct>
               </subject>
            </section>
         </component>
         <component>
            <section>
               <id root="855f70fe-09b1-44cf-b9e7-ff77271853b0"/>
               <code code="42229-5" codeSystem="2.16.840.1.113883.6.1" displayName="SPL UNCLASSIFIED SECTION"/>
               <text>
                  <paragraph>
                     <content styleCode="bold italics">Drug Facts</content>
                  </paragraph>
               </text>
               <effectiveTime value="20160408"/>
            </section>
         </component>
         <component>
            <section>
               <id root="2e114fa9-ef56-4bf9-80de-227e9110b661"/>
               <code code="55106-9" codeSystem="2.16.840.1.113883.6.1" displayName="OTC - ACTIVE INGREDIENT SECTION"/>
               <effectiveTime value="20160408"/>
               <component>
                  <section>
                     <id root="1976cf98-a001-4ee9-814c-e15c6d06be5d"/>
                     <code code="55105-1" codeSystem="2.16.840.1.113883.6.1" displayName="OTC - PURPOSE SECTION"/>
                     <text>
                        <paragraph>
                           <content styleCode="bold">Active ingredient (in each caplet)                        Purpose</content>
                        </paragraph>
                        <paragraph>Naproxen Sodium 220 mg</paragraph>
                        <paragraph>(naproxen 200mg) (NSAID)* ....................Pain reliever / Fever reducer</paragraph>
                        <paragraph>*nonsteroidal anti-inflammatory drug</paragraph>
                     </text>
                     <effectiveTime value="20160408"/>
                  </section>
               </component>
            </section>
         </component>
         <component>
            <section>
               <id root="ce8f71d9-9f4e-465b-97d5-0e303ca39969"/>
               <code code="34067-9" codeSystem="2.16.840.1.113883.6.1" displayName="INDICATIONS &amp; USAGE SECTION"/>
               <title>Uses</title>
               <text>
                  <paragraph>■ temporarily relieves minor aches and pains due to:</paragraph>
                  <paragraph>  ■ minor pain of arthritis ■ muscular aches ■ backache ■ headache</paragraph>
                  <paragraph>  ■ menstrual cramps ■ toothache ■ the common cold</paragraph>
                  <paragraph>■ temporarily reduces fever</paragraph>
               </text>
               <effectiveTime value="20160407"/>
            </section>
         </component>
         <component>
            <section>
               <id root="9147f0ec-cb1d-4c65-acfb-1e8a74828c0f"/>
               <code code="34071-1" codeSystem="2.16.840.1.113883.6.1" displayName="WARNINGS SECTION"/>
               <title>Warnings</title>
               <effectiveTime value="20160407"/>
               <component>
                  <section>
                     <id root="ef64ae48-2089-4e79-9ac9-f41eb6aae83c"/>
                     <code code="42229-5" codeSystem="2.16.840.1.113883.6.1" displayName="SPL UNCLASSIFIED SECTION"/>
                     <title>Allergy alert:</title>
                     <text>
                        <paragraph>Naproxen sodium may cause a severe allergic reaction, especially in people allergic to aspirin. Symptoms may include:</paragraph>
                        <paragraph>■ hives ■ facial swelling ■ asthma (wheezing) ■ shock</paragraph>
                        <paragraph>■ skin reddening ■ rash ■ blisters</paragraph>
                        <paragraph>If an allergic reaction occurs, stop use and seek medical help right away.</paragraph>
                     </text>
                     <effectiveTime value="20160407"/>
                  </section>
               </component>
               <component>
                  <section>
                     <id root="c4a354f0-ab1b-4b47-a07f-c7a9b330a118"/>
                     <code code="42229-5" codeSystem="2.16.840.1.113883.6.1" displayName="SPL UNCLASSIFIED SECTION"/>
                     <title>Stomach bleeding warning:</title>
                     <text>
                        <paragraph>This product contains an NSAID, which may cause severe stomach bleeding. The chance is higher if you:</paragraph>
                        <paragraph>■ are age 60 or older </paragraph>
                        <paragraph>■ have had stomach ulcers or bleeding problems </paragraph>
                        <paragraph>■ take a blood thinning (anticoagulant) or steroid drug</paragraph>
                        <paragraph>■ take other drugs containing prescription or nonprescription NSAIDs (aspirin, ibuprofen, naproxen, or others)</paragraph>
                        <paragraph>■ have 3 or more alcoholic drinks every day while using this product</paragraph>
                        <paragraph>■ take more or for a longer time than directed</paragraph>
                     </text>
                     <effectiveTime value="20160407"/>
                  </section>
               </component>
               <component>
                  <section>
                     <id root="548e16dd-46e8-4921-90c0-00965182f93c"/>
                     <code code="50570-1" codeSystem="2.16.840.1.113883.6.1" displayName="OTC - DO NOT USE SECTION"/>
                     <title>Do not use</title>
                     <text>
                        <paragraph>■ if you have ever had an allergic reaction to any other pain reliever/fever reducer</paragraph>
                        <paragraph>■ right before or after heart surgery</paragraph>
                     </text>
                     <effectiveTime value="20160407"/>
                  </section>
               </component>
               <component>
                  <section>
                     <id root="e3c06bc0-e66f-4729-b0cb-76f5bfb0d540"/>
                     <code code="50569-3" codeSystem="2.16.840.1.113883.6.1" displayName="OTC - ASK DOCTOR SECTION"/>
                     <title>Ask a doctor before use if</title>
                     <text>
                        <paragraph>■ the stomach bleeding warning applies to you </paragraph>
                        <paragraph>■ you have a history of stomach problems, such as heartburn</paragraph>
                        <paragraph>■ you have high blood pressure, heart disease, liver cirrhosis, or kidney disease</paragraph>
                        <paragraph>■ you are taking a diuretic </paragraph>
                        <paragraph>■ you have problems or serious side effects from taking pain relievers or fever reducers</paragraph>
                        <paragraph>■ you have asthma</paragraph>
                     </text>
                     <effectiveTime value="20160407"/>
                  </section>
               </component>
               <component>
                  <section>
                     <id root="d59f15ae-6a0c-48d8-8417-028088552bf5"/>
                     <code code="50568-5" codeSystem="2.16.840.1.113883.6.1" displayName="OTC - ASK DOCTOR/PHARMACIST SECTION"/>
                     <title>
  Ask a doctor or pharmacist before use if you are
</title>
                     <text>
                        <paragraph>■ under a doctor's care for any serious condition</paragraph>
                        <paragraph>■ taking any other drug</paragraph>
                     </text>
                     <effectiveTime value="20160407"/>
                  </section>
               </component>
               <component>
                  <section>
                     <id root="85cf420e-808c-4738-8358-12ccbf37eb38"/>
                     <code code="50567-7" codeSystem="2.16.840.1.113883.6.1" displayName="OTC - WHEN USING SECTION"/>
                     <title>
  When using this product
</title>
                     <text>
                        <paragraph>■ take with food or milk if stomach upset occurs</paragraph>
                        <paragraph>■ the risk of heart attack or stroke may increase if you use more than directed or for longer than directed</paragraph>
                     </text>
                     <effectiveTime value="20160407"/>
                  </section>
               </component>
               <component>
                  <section>
                     <id root="9e355a4c-2cab-45ba-adab-7bd7b7faa1c8"/>
                     <code code="50566-9" codeSystem="2.16.840.1.113883.6.1" displayName="OTC - STOP USE SECTION"/>
                     <title>Stop use and ask a doctor if</title>
                     <text>
                        <paragraph>■ you experience any of the following signs of stomach bleeding:</paragraph>
                        <paragraph>  ■ feel faint ■ vomit blood ■ have bloody or black stools</paragraph>
                        <paragraph>  ■ have stomach pain that does not get better</paragraph>
                        <paragraph>■ pain gets worse or lasts more than 10 days </paragraph>
                        <paragraph>■ fever gets worse or lasts more than 3 days</paragraph>
                        <paragraph>■ you have difficulty swallowing </paragraph>
                        <paragraph>■ it feels like the pill is stuck in your throat</paragraph>
                        <paragraph>■ redness or swelling is present in the painful area </paragraph>
                        <paragraph>■ any new symptoms appear</paragraph>
                     </text>
                     <effectiveTime value="20160407"/>
                  </section>
               </component>
               <component>
                  <section>
                     <id root="63ef382d-3314-4656-a2e1-8419eaae429e"/>
                     <code code="53414-9" codeSystem="2.16.840.1.113883.6.1" displayName="OTC - PREGNANCY OR BREAST FEEDING SECTION"/>
                     <text>
                        <paragraph>
                           <content styleCode="bold">If pregnant or breast-feeding</content>, ask a health professional before use. It is especially important not to use naproxen sodium during the last 3 months of pregnancy unless definitely directed to do so by a doctor because it may cause problems in the unborn child or complications during delivery.</paragraph>
                     </text>
                     <effectiveTime value="20160407"/>
                  </section>
               </component>
               <component>
                  <section>
                     <id root="cdcea583-e3f7-474d-9e79-e712490d5196"/>
                     <code code="50565-1" codeSystem="2.16.840.1.113883.6.1" displayName="OTC - KEEP OUT OF REACH OF CHILDREN SECTION"/>
                     <text>
                        <paragraph>
                           <content styleCode="bold">Keep out of reach of children.</content>
                        </paragraph>
                        <paragraph>In case of overdose, get medical help or contact a Poison Control Center (1-800-222-1222) right away. Quick medical attention is critical for adults as well as for children even if you do not notice any signs or symptoms.</paragraph>
                     </text>
                     <effectiveTime value="20160407"/>
                  </section>
               </component>
            </section>
         </component>
         <component>
            <section>
               <id root="ab594854-5d89-4d68-99ee-96fb3cfaed3b"/>
               <code code="34068-7" codeSystem="2.16.840.1.113883.6.1" displayName="DOSAGE &amp; ADMINISTRATION SECTION"/>
               <title>Directions</title>
               <text>
                  <paragraph>■ <content styleCode="bold">do not take more than directed</content>
                  </paragraph>
                  <paragraph>■ <content styleCode="bold">the smallest effective dose should be used</content>
                  </paragraph>
                  <paragraph>■ drink a full glass of water with each dose</paragraph>
                  <paragraph>
                     <content styleCode="bold">Adults and children 12 years and older:</content>
                  </paragraph>
                  <paragraph>  ■ take 1 tablet every 8 to 12 hours while symptoms last</paragraph>
                  <paragraph>  ■ for the first dose you may take 2 tablets within the first hour</paragraph>
                  <paragraph>  ■ do not exceed 2 tablets in any 8 to 12-hour period</paragraph>
                  <paragraph>  ■ do not exceed 3 tablets in a 24-hour period</paragraph>
                  <paragraph>
                     <content styleCode="bold">Children under 12 years</content>
                  </paragraph>
                  <paragraph>  ■ ask a doctor</paragraph>
               </text>
               <effectiveTime value="20160408"/>
            </section>
         </component>
         <component>
            <section>
               <id root="69903296-2e35-41d9-82e7-84d627dd0870"/>
               <code code="44425-7" codeSystem="2.16.840.1.113883.6.1" displayName="STORAGE AND HANDLING SECTION"/>
               <title>Other information</title>
               <text>
                  <paragraph>■ each tablet contains: sodium 20 mg</paragraph>
                  <paragraph>■ store at 20-25° C (68-77° F).</paragraph>
                  <paragraph>■ avoid high humidity and excessive heat above 40° C (104° F)</paragraph>
                  <paragraph>■ read all product information before using</paragraph>
                  <paragraph>■ <content styleCode="bold">TAMPER EVIDENT: DO NOT USE IF IMPRINTED SAFETY SEAL UNDER CAP IS BROKEN OR MISSING</content>
                  </paragraph>
               </text>
               <effectiveTime value="20160407"/>
            </section>
         </component>
         <component>
            <section>
               <id root="f335b1b7-0d59-4759-991d-931ee18d24d7"/>
               <code code="51727-6" codeSystem="2.16.840.1.113883.6.1" displayName="INACTIVE INGREDIENT SECTION"/>
               <title>Inactive ingredients</title>
               <text>
                  <paragraph>colloidal silicon dioxide, croscarmellose sodium, FD&amp;C Blue #2 lake, hypromellose, magnesium stearate, microcrystalline cellulose, polyethylene glycol, povidone, titanium dioxide</paragraph>
               </text>
               <effectiveTime value="20160407"/>
            </section>
         </component>
         <component>
            <section>
               <id root="45b8560c-a3c2-41e3-9451-ff87f044938c"/>
               <code code="53413-1" codeSystem="2.16.840.1.113883.6.1" displayName="OTC - QUESTIONS SECTION"/>
               <title>Questions or comments?</title>
               <text>
                  <paragraph>Call toll free 1-844-832-1138 Monday through Friday 9AM – 5PM EST or <linkHtml href="http://www.healthlifeofusa.com">www.healthlifeofusa.com</linkHtml>
                  </paragraph>
               </text>
               <effectiveTime value="20160407"/>
            </section>
         </component>
         <component>
            <section>
               <id root="6a7f6e19-c745-45f3-90c1-76c1857c0d43"/>
               <code code="51945-4" codeSystem="2.16.840.1.113883.6.1" displayName="PACKAGE LABEL.PRINCIPAL DISPLAY PANEL"/>
               <title>PRINCIPAL DISPLAY PANEL</title>
               <text>
                  <paragraph>
                     <content styleCode="bold">See New Warnings Information &amp; Directions</content>
                  </paragraph>
                  <paragraph>
                     <content styleCode="italics">
                        <content styleCode="bold">Compare to the Active Ingredients in </content>
                        <content styleCode="bold">Aleve®.</content>
                     </content>
                  </paragraph>
                  <paragraph>
                     <content styleCode="Bold Italics">ALL DAY PAIN RELIEF</content>
                  </paragraph>
                  <paragraph>
                     <content styleCode="Bold Italics">Naproxen Sodium Tablets, 220 mg</content>
                  </paragraph>
                  <paragraph>
                     <renderMultiMedia referencedObject="MM1"/>
                  </paragraph>
               </text>
               <effectiveTime value="20170601"/>
               <component>
                  <observationMedia ID="MM1">
                     <text>Principal Display Panel</text>
                     <value xsi:type="ED" mediaType="image/jpeg">
                        <reference value="Naproxen.jpg"/>
                     </value>
                  </observationMedia>
               </component>
            </section>
         </component>
      </structuredBody>
   </component>
</document>