<?xml version="1.0" encoding="UTF-8"?><?xml-stylesheet href="http://www.accessdata.fda.gov/spl/stylesheet/spl.xsl" type="text/xsl"?>
<document xmlns="urn:hl7-org:v3" xmlns:xsi="http://www.w3.org/2001/XMLSchema-instance" xsi:schemaLocation="urn:hl7-org:v3 http://www.accessdata.fda.gov/spl/schema/spl.xsd">
   <id root="06ba032d-b59b-115f-e054-00144ff88e88"/>
   <code code="34390-5" codeSystem="2.16.840.1.113883.6.1" displayName="HUMAN OTC DRUG LABEL"/>
   <title>1109 - QCH - 2014-1031</title>
   <effectiveTime value="20141031"/>
   <setId root="3804de95-0c5e-4d90-8cc4-0095cadfff04"/>
   <versionNumber value="1"/>
   <author>
      <time/>
      <assignedEntity>
         <representedOrganization>
            <id root="1.3.6.1.4.1.519.1" extension="011920774"/>
            <name>Chain Drug Marketing Association</name>
         </representedOrganization>
      </assignedEntity>
   </author>
   <component>
      <structuredBody>
         <component>
            <section>
               <id root="06ba7a72-14d4-2da4-e054-00144ff8d46c"/>
               <code code="48780-1" codeSystem="2.16.840.1.113883.6.1" displayName="SPL product data elements section"/>
               <effectiveTime value="20141031"/>
               <subject>
                  <manufacturedProduct>
                     <manufacturedProduct>
                        <code code="63868-983" codeSystem="2.16.840.1.113883.6.69"/>
                        <name>Ibuprofen</name>
                        <formCode code="C42897" codeSystem="2.16.840.1.113883.3.26.1.1" displayName="TABLET, COATED"/>
                        <asEntityWithGeneric>
                           <genericMedicine>
                              <name>Ibuprofen</name>
                           </genericMedicine>
                        </asEntityWithGeneric>
                        <ingredient classCode="IACT">
                           <ingredientSubstance>
                              <code code="ETJ7Z6XBU4" codeSystem="2.16.840.1.113883.4.9"/>
                              <name>SILICON DIOXIDE</name>
                           </ingredientSubstance>
                        </ingredient>
                        <ingredient classCode="IACT">
                           <ingredientSubstance>
                              <code code="O8232NY3SJ" codeSystem="2.16.840.1.113883.4.9"/>
                              <name>STARCH, CORN</name>
                           </ingredientSubstance>
                        </ingredient>
                        <ingredient classCode="IACT">
                           <ingredientSubstance>
                              <code code="LX22YL083G" codeSystem="2.16.840.1.113883.4.9"/>
                              <name>DEXTROSE MONOHYDRATE</name>
                           </ingredientSubstance>
                        </ingredient>
                        <ingredient classCode="IACT">
                           <ingredientSubstance>
                              <code code="3NXW29V3WO" codeSystem="2.16.840.1.113883.4.9"/>
                              <name>HYPROMELLOSES</name>
                           </ingredientSubstance>
                        </ingredient>
                        <ingredient classCode="IACT">
                           <ingredientSubstance>
                              <code code="1K09F3G675" codeSystem="2.16.840.1.113883.4.9"/>
                              <name>FERRIC OXIDE RED</name>
                           </ingredientSubstance>
                        </ingredient>
                        <ingredient classCode="IACT">
                           <ingredientSubstance>
                              <code code="EWQ57Q8I5X" codeSystem="2.16.840.1.113883.4.9"/>
                              <name>LACTOSE MONOHYDRATE</name>
                           </ingredientSubstance>
                        </ingredient>
                        <ingredient classCode="IACT">
                           <ingredientSubstance>
                              <code code="1DI56QDM62" codeSystem="2.16.840.1.113883.4.9"/>
                              <name>LECITHIN, SOYBEAN</name>
                           </ingredientSubstance>
                        </ingredient>
                        <ingredient classCode="IACT">
                           <ingredientSubstance>
                              <code code="70097M6I30" codeSystem="2.16.840.1.113883.4.9"/>
                              <name>MAGNESIUM STEARATE</name>
                           </ingredientSubstance>
                        </ingredient>
                        <ingredient classCode="IACT">
                           <ingredientSubstance>
                              <code code="7CVR7L4A2D" codeSystem="2.16.840.1.113883.4.9"/>
                              <name>MALTODEXTRIN</name>
                           </ingredientSubstance>
                        </ingredient>
                        <ingredient classCode="IACT">
                           <ingredientSubstance>
                              <code code="OP1R32D61U" codeSystem="2.16.840.1.113883.4.9"/>
                              <name>CELLULOSE, MICROCRYSTALLINE</name>
                           </ingredientSubstance>
                        </ingredient>
                        <ingredient classCode="IACT">
                           <ingredientSubstance>
                              <code code="U725QWY32X" codeSystem="2.16.840.1.113883.4.9"/>
                              <name>POVIDONE K30</name>
                           </ingredientSubstance>
                        </ingredient>
                        <ingredient classCode="IACT">
                           <ingredientSubstance>
                              <code code="K679OBS311" codeSystem="2.16.840.1.113883.4.9"/>
                              <name>CARBOXYMETHYLCELLULOSE SODIUM</name>
                           </ingredientSubstance>
                        </ingredient>
                        <ingredient classCode="IACT">
                           <ingredientSubstance>
                              <code code="AG9B65PV6B" codeSystem="2.16.840.1.113883.4.9"/>
                              <name>SODIUM STARCH GLYCOLATE TYPE A CORN</name>
                           </ingredientSubstance>
                        </ingredient>
                        <ingredient classCode="IACT">
                           <ingredientSubstance>
                              <code code="4ELV7Z65AP" codeSystem="2.16.840.1.113883.4.9"/>
                              <name>STEARIC ACID</name>
                           </ingredientSubstance>
                        </ingredient>
                        <ingredient classCode="IACT">
                           <ingredientSubstance>
                              <code code="7SEV7J4R1U" codeSystem="2.16.840.1.113883.4.9"/>
                              <name>TALC</name>
                           </ingredientSubstance>
                        </ingredient>
                        <ingredient classCode="IACT">
                           <ingredientSubstance>
                              <code code="15FIX9V2JP" codeSystem="2.16.840.1.113883.4.9"/>
                              <name>TITANIUM DIOXIDE</name>
                           </ingredientSubstance>
                        </ingredient>
                        <ingredient classCode="IACT">
                           <ingredientSubstance>
                              <code code="XHX3C3X673" codeSystem="2.16.840.1.113883.4.9"/>
                              <name>TRIACETIN</name>
                           </ingredientSubstance>
                        </ingredient>
                        <ingredient classCode="ACTIB">
                           <quantity>
                              <numerator unit="mg" value="200"/>
                              <denominator unit="1" value="1"/>
                           </quantity>
                           <ingredientSubstance>
                              <code code="WK2XYI10QM" codeSystem="2.16.840.1.113883.4.9"/>
                              <name>IBUPROFEN</name>
                              <activeMoiety>
                                 <activeMoiety>
                                    <code code="WK2XYI10QM" codeSystem="2.16.840.1.113883.4.9"/>
                                    <name>IBUPROFEN</name>
                                 </activeMoiety>
                              </activeMoiety>
                           </ingredientSubstance>
                        </ingredient>
                        <asContent>
                           <quantity>
                              <numerator value="250" unit="1"/>
                              <denominator value="1"/>
                           </quantity>
                           <containerPackagedProduct>
                              <code code="63868-983-25" codeSystem="2.16.840.1.113883.6.69"/>
                              <formCode code="C43173" codeSystem="2.16.840.1.113883.3.26.1.1" displayName="BOTTLE, PLASTIC"/>
                           </containerPackagedProduct>
                        </asContent>
                     </manufacturedProduct>
                     <subjectOf>
                        <approval>
                           <id extension="ANDA079129" root="2.16.840.1.113883.3.150"/>
                           <code code="C73584" codeSystem="2.16.840.1.113883.3.26.1.1" displayName="ANDA"/>
                           <author>
                              <territorialAuthority>
                                 <territory>
                                    <code code="USA" codeSystem="2.16.840.1.113883.5.28"/>
                                 </territory>
                              </territorialAuthority>
                           </author>
                        </approval>
                     </subjectOf>
                     <subjectOf>
                        <marketingAct>
                           <code code="C53292" codeSystem="2.16.840.1.113883.3.26.1.1"/>
                           <statusCode code="active"/>
                           <effectiveTime>
                              <low value="20120827"/>
                           </effectiveTime>
                        </marketingAct>
                     </subjectOf>
                     <subjectOf>
                        <characteristic classCode="OBS">
                           <code code="SPLCOLOR" codeSystem="2.16.840.1.113883.1.11.19255"/>
                           <value code="C48332" codeSystem="2.16.840.1.113883.3.26.1.1" displayName="brown" xsi:type="CE">
                              <originalText/>
                           </value>
                        </characteristic>
                     </subjectOf>
                     <subjectOf>
                        <characteristic classCode="OBS">
                           <code code="SPLSCORE" codeSystem="2.16.840.1.113883.1.11.19255"/>
                           <value value="1" xsi:type="INT"/>
                        </characteristic>
                     </subjectOf>
                     <subjectOf>
                        <characteristic classCode="OBS">
                           <code code="SPLSHAPE" codeSystem="2.16.840.1.113883.1.11.19255"/>
                           <value code="C48348" codeSystem="2.16.840.1.113883.3.26.1.1" displayName="ROUND" xsi:type="CE">
                              <originalText/>
                           </value>
                        </characteristic>
                     </subjectOf>
                     <subjectOf>
                        <characteristic classCode="OBS">
                           <code code="SPLSIZE" codeSystem="2.16.840.1.113883.1.11.19255"/>
                           <value unit="mm" value="10" xsi:type="PQ"/>
                        </characteristic>
                     </subjectOf>
                     <subjectOf>
                        <characteristic classCode="OBS">
                           <code code="SPLIMPRINT" codeSystem="2.16.840.1.113883.1.11.19255"/>
                           <value xsi:type="ST">IBU;200</value>
                        </characteristic>
                     </subjectOf>
                     <consumedIn>
                        <substanceAdministration>
                           <routeCode code="C38288" codeSystem="2.16.840.1.113883.3.26.1.1" displayName="ORAL"/>
                        </substanceAdministration>
                     </consumedIn>
                  </manufacturedProduct>
               </subject>
            </section>
         </component>
         <component>
            <section>
               <id root="06ba032d-b59c-115f-e054-00144ff88e88"/>
               <code code="42229-5" codeSystem="2.16.840.1.113883.6.1" displayName="SPL UNCLASSIFIED SECTION"/>
               <text>
                  <paragraph>
                     <content styleCode="bold">
                        <content styleCode="italics">Drug Facts</content>
                     </content>
                  </paragraph>
               </text>
               <effectiveTime value="20121206"/>
            </section>
         </component>
         <component>
            <section>
               <id root="06ba032d-b59d-115f-e054-00144ff88e88"/>
               <code code="55106-9" codeSystem="2.16.840.1.113883.6.1" displayName="OTC - ACTIVE INGREDIENT SECTION"/>
               <title>Active ingredient (in each tablet)</title>
               <text>
                  <paragraph>Ibuprofen, USP 200 mg (NSAID
       
 
  <footnote ID="K397">nonsteroidal anti-inflammatory drug</footnote>)
      

 </paragraph>
               </text>
               <effectiveTime value="20121206"/>
            </section>
         </component>
         <component>
            <section>
               <id root="06ba032d-b59e-115f-e054-00144ff88e88"/>
               <code code="55105-1" codeSystem="2.16.840.1.113883.6.1" displayName="OTC - PURPOSE SECTION"/>
               <title>Purpose</title>
               <text>
                  <paragraph>Pain reliever/fever reducer</paragraph>
               </text>
               <effectiveTime value="20121206"/>
            </section>
         </component>
         <component>
            <section>
               <id root="06ba032d-b59f-115f-e054-00144ff88e88"/>
               <code code="34067-9" codeSystem="2.16.840.1.113883.6.1" displayName="INDICATIONS &amp; USAGE SECTION"/>
               <title>Uses</title>
               <text>
                  <list listType="unordered">
                     <item>temporarily relieves minor aches and pains due to:
        
  
   <list listType="unordered">
                           <item>headache</item>
                           <item>toothache</item>
                           <item>backache</item>
                           <item>menstrual cramps</item>
                           <item>the common cold</item>
                           <item>muscular aches</item>
                           <item>minor pain of arthritis</item>
                        </list>
                     </item>
                     <item>temporarily reduces fever</item>
                  </list>
               </text>
               <effectiveTime value="20121206"/>
            </section>
         </component>
         <component>
            <section ID="warnings">
               <id root="06ba032d-b5a0-115f-e054-00144ff88e88"/>
               <code code="34071-1" codeSystem="2.16.840.1.113883.6.1" displayName="WARNINGS SECTION"/>
               <title>Warnings</title>
               <effectiveTime value="20121206"/>
               <component>
                  <section>
                     <id root="06ba032d-b5a1-115f-e054-00144ff88e88"/>
                     <code code="42229-5" codeSystem="2.16.840.1.113883.6.1" displayName="SPL UNCLASSIFIED SECTION"/>
                     <title>Allergy alert</title>
                     <text>
                        <paragraph>Ibuprofen may cause a severe allergic reaction, especially in people allergic to aspirin. Symptoms may include:</paragraph>
                        <list listType="unordered">
                           <item>hives</item>
                           <item>facial swelling</item>
                           <item>asthma (wheezing)</item>
                           <item>shock</item>
                           <item>skin reddening</item>
                           <item>rash</item>
                           <item>blisters</item>
                        </list>
                        <paragraph>If an allergic reaction occurs, stop use and seek medical help right away.</paragraph>
                     </text>
                     <effectiveTime value="20121206"/>
                  </section>
               </component>
               <component>
                  <section>
                     <id root="06ba032d-b5a2-115f-e054-00144ff88e88"/>
                     <code code="42229-5" codeSystem="2.16.840.1.113883.6.1" displayName="SPL UNCLASSIFIED SECTION"/>
                     <title>Stomach bleeding warning</title>
                     <text>
                        <paragraph>This product contains an NSAID, which may cause severe stomach bleeding. The chance is higher if you:</paragraph>
                        <list listType="unordered">
                           <item>are age 60 or older</item>
                           <item>have had stomach ulcers or bleeding problems</item>
                           <item>take a blood thinning (anticoagulant) or steroid drug</item>
                           <item>take other drugs containing prescription or nonprescription NSAIDs (aspirin, ibuprofen, naproxen, or others)</item>
                           <item>have 3 or more alcoholic drinks every day while using this product</item>
                           <item>take more or for a longer time than directed</item>
                        </list>
                     </text>
                     <effectiveTime value="20121206"/>
                  </section>
               </component>
               <component>
                  <section>
                     <id root="06ba032d-b5a3-115f-e054-00144ff88e88"/>
                     <code code="50570-1" codeSystem="2.16.840.1.113883.6.1" displayName="OTC - DO NOT USE SECTION"/>
                     <title>Do not use</title>
                     <text>
                        <list listType="unordered">
                           <item>if you have ever had an allergic reaction to any other pain reliever/fever reducer</item>
                           <item>right before or after heart surgery</item>
                        </list>
                     </text>
                     <effectiveTime value="20121206"/>
                  </section>
               </component>
               <component>
                  <section>
                     <id root="06ba032d-b5a4-115f-e054-00144ff88e88"/>
                     <code code="50569-3" codeSystem="2.16.840.1.113883.6.1" displayName="OTC - ASK DOCTOR SECTION"/>
                     <title>Ask a doctor before use if</title>
                     <text>
                        <list listType="unordered">
                           <item>stomach bleeding warning applies to you</item>
                           <item>you have problems or serious side effects from taking pain relievers or fever reducers</item>
                           <item>you have a history of stomach problems, such as heartburn</item>
                           <item>you have high blood pressure, heart disease, liver cirrhosis, kidney disease, or asthma</item>
                           <item>you are taking a diuretic</item>
                        </list>
                     </text>
                     <effectiveTime value="20121206"/>
                  </section>
               </component>
               <component>
                  <section>
                     <id root="06ba032d-b5a5-115f-e054-00144ff88e88"/>
                     <code code="50568-5" codeSystem="2.16.840.1.113883.6.1" displayName="OTC - ASK DOCTOR/PHARMACIST SECTION"/>
                     <title>Ask a doctor or pharmacist before use if you are</title>
                     <text>
                        <list listType="unordered">
                           <item>under a doctor's care for any serious condition</item>
                           <item>taking aspirin for heart attack or stroke, because ibuprofen may decrease this benefit of aspirin</item>
                           <item>taking any other drug</item>
                        </list>
                     </text>
                     <effectiveTime value="20121206"/>
                  </section>
               </component>
               <component>
                  <section>
                     <id root="06ba032d-b5a6-115f-e054-00144ff88e88"/>
                     <code code="50567-7" codeSystem="2.16.840.1.113883.6.1" displayName="OTC - WHEN USING SECTION"/>
                     <title>When using this product</title>
                     <text>
                        <list listType="unordered">
                           <item>take with food or milk if stomach upset occurs</item>
                           <item>the risk of heart attack or stroke may increase if you use more than directed or for longer than directed</item>
                        </list>
                     </text>
                     <effectiveTime value="20121206"/>
                  </section>
               </component>
               <component>
                  <section>
                     <id root="06ba032d-b5a7-115f-e054-00144ff88e88"/>
                     <code code="50566-9" codeSystem="2.16.840.1.113883.6.1" displayName="OTC - STOP USE SECTION"/>
                     <title>Stop use and ask a doctor if</title>
                     <text>
                        <list listType="unordered">
                           <item>side effects occur. You may report side effects to FDA at 1-800-FDA-1088.</item>
                           <item>you experience any of the following signs of stomach bleeding:
          
  
   <list listType="unordered">
                                 <item>feel faint</item>
                                 <item>vomit blood</item>
                                 <item>have bloody or black stools</item>
                                 <item>have stomach pain that does not get better</item>
                              </list>
                           </item>
                           <item>pain gets worse or lasts more than 10 days</item>
                           <item>fever gets worse or lasts more than 3 days</item>
                           <item>redness or swelling is present in the painful area</item>
                           <item>any new symptoms appear</item>
                        </list>
                     </text>
                     <effectiveTime value="20121206"/>
                  </section>
               </component>
               <component>
                  <section>
                     <id root="06ba032d-b5a8-115f-e054-00144ff88e88"/>
                     <code code="53414-9" codeSystem="2.16.840.1.113883.6.1" displayName="OTC - PREGNANCY OR BREAST FEEDING SECTION"/>
                     <text>
                        <paragraph>
                           <content styleCode="bold">If pregnant or breast-feeding, </content>ask a health professional before use. It is especially important not to use ibuprofen during the last 3 months of pregnancy unless definitely directed to do so by a doctor because it may cause problems in the unborn child or complications during delivery.
        

 </paragraph>
                     </text>
                     <effectiveTime value="20121206"/>
                  </section>
               </component>
               <component>
                  <section>
                     <id root="06ba032d-b5a9-115f-e054-00144ff88e88"/>
                     <code code="50565-1" codeSystem="2.16.840.1.113883.6.1" displayName="OTC - KEEP OUT OF REACH OF CHILDREN SECTION"/>
                     <text>
                        <paragraph>
                           <content styleCode="bold">Keep out of reach of children. </content>In case of overdose, get medical help or contact a Poison Control Center right away.
        

 </paragraph>
                     </text>
                     <effectiveTime value="20121206"/>
                  </section>
               </component>
            </section>
         </component>
         <component>
            <section>
               <id root="06ba032d-b5aa-115f-e054-00144ff88e88"/>
               <code code="34068-7" codeSystem="2.16.840.1.113883.6.1" displayName="DOSAGE &amp; ADMINISTRATION SECTION"/>
               <title>Directions</title>
               <text>
                  <list listType="unordered">
                     <item>
                        <content styleCode="bold">do not take more than directed</content>
                     </item>
                     <item>
                        <content styleCode="bold">the smallest effective dose should be used</content>
                     </item>
                     <item>do not take longer than 10 days, unless directed by a doctor (see
        
  
   <linkHtml href="#warnings"> Warnings</linkHtml>)
       
 
  </item>
                  </list>
                  <table width="50%" styleCode="Noautorules">
                     <col width="30%" align="left" valign="top"/>
                     <col width="70%" align="left" valign="top"/>
                     <tbody>
                        <tr>
                           <td styleCode="Rrule Toprule">adults and children 12 years and over</td>
                           <td styleCode="Toprule">
                              <list listType="unordered">
                                 <item>take 1 tablet every 4 to 6 hours while symptoms persist</item>
                                 <item>if pain or fever does not respond to 1 tablet, 2 tablets may be used</item>
                                 <item>do not exceed 6 tablets in 24 hours, unless directed by a doctor</item>
                              </list>
                           </td>
                        </tr>
                        <tr>
                           <td styleCode="Rrule Toprule">children under 12 years</td>
                           <td styleCode="Toprule">
                              <list listType="unordered">
                                 <item>ask a doctor</item>
                              </list>
                           </td>
                        </tr>
                     </tbody>
                  </table>
               </text>
               <effectiveTime value="20121206"/>
            </section>
         </component>
         <component>
            <section>
               <id root="06ba032d-b5ab-115f-e054-00144ff88e88"/>
               <code code="44425-7" codeSystem="2.16.840.1.113883.6.1" displayName="STORAGE AND HANDLING SECTION"/>
               <title>Other information</title>
               <text>
                  <list listType="unordered">
                     <item>store between 20°-25°C (68°-77°F)</item>
                     <item>avoid excessive heat above 40°C (104°F)</item>
                     <item>read all warnings and directions before use</item>
                     <item>retain carton for complete product information</item>
                  </list>
               </text>
               <effectiveTime value="20121206"/>
            </section>
         </component>
         <component>
            <section>
               <id root="06ba032d-b5ac-115f-e054-00144ff88e88"/>
               <code code="51727-6" codeSystem="2.16.840.1.113883.6.1" displayName="INACTIVE INGREDIENT SECTION"/>
               <title>Inactive ingredients</title>
               <text>
                  <paragraph>colloidal silicon dioxide, corn starch, dextrose monohydrate, hypromellose, iron oxide red, lactose monohydrate, lecithin, magnesium stearate, maltodextrin, microcrystalline cellulose, povidone K30, pregelatinized starch, sodium carboxymellose, sodium starch glycolate, stearic acid, talc, titanium dioxide, triacetin</paragraph>
               </text>
               <effectiveTime value="20121206"/>
            </section>
         </component>
         <component>
            <section>
               <id root="06ba032d-b5ad-115f-e054-00144ff88e88"/>
               <code code="51945-4" codeSystem="2.16.840.1.113883.6.1" displayName="PACKAGE LABEL.PRINCIPAL DISPLAY PANEL"/>
               <title>PRINCIPAL DISPLAY PANEL</title>
               <text>
                  <paragraph>NDC 63868-983-25</paragraph>
                  <paragraph>QUALITY CHOICE</paragraph>
                  <paragraph>†Compare to the active ingredient in ADVIL®</paragraph>
                  <paragraph>Non-Prescription Strength</paragraph>
                  <paragraph>Ibuprofen</paragraph>
                  <paragraph>Easy to Open Bottle</paragraph>
                  <paragraph>Ibuprofen Tablets USP, 200mg</paragraph>
                  <paragraph>Pain Reliever / Fever Reducer (NSAID)</paragraph>
                  <paragraph>This Package for Households Without Young Children</paragraph>
                  <paragraph>250 Coated Tablets (200mg Each)</paragraph>
                  <paragraph>
                     <renderMultiMedia referencedObject="L1e4d1601-0bc8-4b18-bfc7-d06130038a59"/>
                  </paragraph>
               </text>
               <effectiveTime value="20141031"/>
               <component>
                  <observationMedia ID="L1e4d1601-0bc8-4b18-bfc7-d06130038a59">
                     <text>250 count</text>
                     <value mediaType="image/jpeg" xsi:type="ED">
                        <reference value="L110908QCH_R0_DF012112.jpg"/>
                     </value>
                  </observationMedia>
               </component>
            </section>
         </component>
      </structuredBody>
   </component>
</document>