<?xml version="1.0" encoding="UTF-8"?><?xml-stylesheet href="http://www.accessdata.fda.gov/spl/stylesheet/spl.xsl" type="text/xsl"?>
<document xmlns="urn:hl7-org:v3" xmlns:xsi="http://www.w3.org/2001/XMLSchema-instance" xsi:schemaLocation="urn:hl7-org:v3 http://www.accessdata.fda.gov/spl/schema/spl.xsd">
   <id root="06f5fb33-7f65-4bc8-bbaf-be11626de267"/>
   <code code="34390-5" displayName="HUMAN OTC DRUG LABEL" codeSystem="2.16.840.1.113883.6.1"/>
   <title>Major Pharmaceuticals Ibuprofen Tablets, 200mg Drug Facts</title>
   <effectiveTime value="20120905"/>
   <setId root="166f18b9-b240-4af7-a6a1-029cfabfc052"/>
   <versionNumber value="2"/>
   <author>
      <time/>
      <assignedEntity>
         <representedOrganization>
            <id extension="801503249" root="1.3.6.1.4.1.519.1"/>
            <name>Aidarex Pharmaceuticals LLC</name>
            <assignedEntity>
               <assignedOrganization/>
            </assignedEntity>
         </representedOrganization>
      </assignedEntity>
   </author>
   <component>
      <structuredBody>
         <component>
            <section>
               <id root="fac8dd65-54b2-400c-9a55-6bf3b2bfac5a"/>
               <code code="48780-1" displayName="SPL LISTING DATA ELEMENTS SECTION" codeSystem="2.16.840.1.113883.6.1"/>
               <effectiveTime value="20140105"/>
               <subject>
                  <manufacturedProduct>
                     <manufacturedProduct>
                        <code code="33261-060" codeSystem="2.16.840.1.113883.6.69"/>
                        <name>Ibuprofen</name>
                        <formCode code="C42931" displayName="TABLET, FILM COATED" codeSystem="2.16.840.1.113883.3.26.1.1"/>
                        <asEntityWithGeneric>
                           <genericMedicine>
                              <name>Ibuprofen</name>
                           </genericMedicine>
                        </asEntityWithGeneric>
                        <asEquivalentEntity classCode="EQUIV">
                           <code code="C64637" codeSystem="2.16.840.1.113883.3.26.1.1"/>
                           <definingMaterialKind>
                              <code code="0904-7915" codeSystem="2.16.840.1.113883.6.69"/>
                           </definingMaterialKind>
                        </asEquivalentEntity>
                        <ingredient classCode="ACTIB">
                           <quantity>
                              <numerator unit="mg" value="200"/>
                              <denominator unit="1" value="1"/>
                           </quantity>
                           <ingredientSubstance>
                              <code code="WK2XYI10QM" codeSystem="2.16.840.1.113883.4.9"/>
                              <name>IBUPROFEN</name>
                              <activeMoiety>
                                 <activeMoiety>
                                    <code code="WK2XYI10QM" codeSystem="2.16.840.1.113883.4.9"/>
                                    <name>IBUPROFEN</name>
                                 </activeMoiety>
                              </activeMoiety>
                           </ingredientSubstance>
                        </ingredient>
                        <ingredient classCode="IACT">
                           <ingredientSubstance>
                              <code code="3NXW29V3WO" codeSystem="2.16.840.1.113883.4.9"/>
                              <name>HYPROMELLOSES</name>
                           </ingredientSubstance>
                        </ingredient>
                        <ingredient classCode="IACT">
                           <ingredientSubstance>
                              <code code="3WJQ0SDW1A" codeSystem="2.16.840.1.113883.4.9"/>
                              <name>POLYETHYLENE GLYCOLS</name>
                           </ingredientSubstance>
                        </ingredient>
                        <ingredient classCode="IACT">
                           <ingredientSubstance>
                              <code code="ETJ7Z6XBU4" codeSystem="2.16.840.1.113883.4.9"/>
                              <name>SILICON DIOXIDE</name>
                           </ingredientSubstance>
                        </ingredient>
                        <ingredient classCode="IACT">
                           <ingredientSubstance>
                              <code code="O8232NY3SJ" codeSystem="2.16.840.1.113883.4.9"/>
                              <name>STARCH, CORN</name>
                           </ingredientSubstance>
                        </ingredient>
                        <ingredient classCode="IACT">
                           <ingredientSubstance>
                              <code code="M28OL1HH48" codeSystem="2.16.840.1.113883.4.9"/>
                              <name>CROSCARMELLOSE SODIUM</name>
                           </ingredientSubstance>
                        </ingredient>
                        <ingredient classCode="IACT">
                           <ingredientSubstance>
                              <code code="1K09F3G675" codeSystem="2.16.840.1.113883.4.9"/>
                              <name>FERRIC OXIDE RED</name>
                           </ingredientSubstance>
                        </ingredient>
                        <ingredient classCode="IACT">
                           <ingredientSubstance>
                              <code code="EX438O2MRT" codeSystem="2.16.840.1.113883.4.9"/>
                              <name>FERRIC OXIDE YELLOW</name>
                           </ingredientSubstance>
                        </ingredient>
                        <ingredient classCode="IACT">
                           <ingredientSubstance>
                              <code code="OP1R32D61U" codeSystem="2.16.840.1.113883.4.9"/>
                              <name>CELLULOSE, MICROCRYSTALLINE</name>
                           </ingredientSubstance>
                        </ingredient>
                        <ingredient classCode="IACT">
                           <ingredientSubstance>
                              <code code="6OZP39ZG8H" codeSystem="2.16.840.1.113883.4.9"/>
                              <name>POLYSORBATE 80</name>
                           </ingredientSubstance>
                        </ingredient>
                        <ingredient classCode="IACT">
                           <ingredientSubstance>
                              <code code="4ELV7Z65AP" codeSystem="2.16.840.1.113883.4.9"/>
                              <name>STEARIC ACID</name>
                           </ingredientSubstance>
                        </ingredient>
                        <ingredient classCode="IACT">
                           <ingredientSubstance>
                              <code code="15FIX9V2JP" codeSystem="2.16.840.1.113883.4.9"/>
                              <name>TITANIUM DIOXIDE</name>
                           </ingredientSubstance>
                        </ingredient>
                        <asContent>
                           <quantity>
                              <numerator unit="1" value="30">
                                 <translation code="C48542" value="30" displayName="TABLET" codeSystem="2.16.840.1.113883.3.26.1.1"/>
                              </numerator>
                              <denominator value="1"/>
                           </quantity>
                           <containerPackagedProduct>
                              <code code="33261-060-30" codeSystem="2.16.840.1.113883.6.69"/>
                              <formCode code="C43173" displayName="BOTTLE, PLASTIC" codeSystem="2.16.840.1.113883.3.26.1.1"/>
                           </containerPackagedProduct>
                        </asContent>
                        <asContent>
                           <quantity>
                              <numerator unit="1" value="60">
                                 <translation code="C48542" value="60" displayName="TABLET" codeSystem="2.16.840.1.113883.3.26.1.1"/>
                              </numerator>
                              <denominator value="1"/>
                           </quantity>
                           <containerPackagedProduct>
                              <code code="33261-060-60" codeSystem="2.16.840.1.113883.6.69"/>
                              <formCode code="C43173" displayName="BOTTLE, PLASTIC" codeSystem="2.16.840.1.113883.3.26.1.1"/>
                           </containerPackagedProduct>
                        </asContent>
                     </manufacturedProduct>
                     <subjectOf>
                        <approval>
                           <id extension="ANDA072096" root="2.16.840.1.113883.3.150"/>
                           <code code="C73584" displayName="ANDA" codeSystem="2.16.840.1.113883.3.26.1.1"/>
                           <author>
                              <territorialAuthority>
                                 <territory>
                                    <code code="USA" codeSystem="2.16.840.1.113883.5.28"/>
                                 </territory>
                              </territorialAuthority>
                           </author>
                        </approval>
                     </subjectOf>
                     <subjectOf>
                        <marketingAct>
                           <code code="C53292" codeSystem="2.16.840.1.113883.3.26.1.1"/>
                           <statusCode code="active"/>
                           <effectiveTime>
                              <low value="19940816"/>
                           </effectiveTime>
                        </marketingAct>
                     </subjectOf>
                     <subjectOf>
                        <characteristic classCode="OBS">
                           <code code="SPLCOLOR" codeSystem="2.16.840.1.113883.1.11.19255"/>
                           <value code="C48332" displayName="BROWN" codeSystem="2.16.840.1.113883.3.26.1.1" xsi:type="CV"/>
                        </characteristic>
                     </subjectOf>
                     <subjectOf>
                        <characteristic classCode="OBS">
                           <code code="SPLIMPRINT" codeSystem="2.16.840.1.113883.1.11.19255"/>
                           <value xsi:type="ST">44;291</value>
                        </characteristic>
                     </subjectOf>
                     <subjectOf>
                        <characteristic classCode="OBS">
                           <code code="SPLSCORE" codeSystem="2.16.840.1.113883.1.11.19255"/>
                           <value value="1" xsi:type="INT"/>
                        </characteristic>
                     </subjectOf>
                     <subjectOf>
                        <characteristic classCode="OBS">
                           <code code="SPLSHAPE" codeSystem="2.16.840.1.113883.1.11.19255"/>
                           <value code="C48348" displayName="ROUND" codeSystem="2.16.840.1.113883.3.26.1.1" xsi:type="CV"/>
                        </characteristic>
                     </subjectOf>
                     <subjectOf>
                        <characteristic classCode="OBS">
                           <code code="SPLSIZE" codeSystem="2.16.840.1.113883.1.11.19255"/>
                           <value unit="mm" value="10" xsi:type="PQ"/>
                        </characteristic>
                     </subjectOf>
                     <consumedIn>
                        <substanceAdministration>
                           <routeCode code="C38288" displayName="ORAL" codeSystem="2.16.840.1.113883.3.26.1.1"/>
                        </substanceAdministration>
                     </consumedIn>
                  </manufacturedProduct>
               </subject>
            </section>
         </component>
         <component>
            <section ID="LINK_17e5124d-a0c9-42e9-a429-3725cccadc51">
               <id root="17e5124d-a0c9-42e9-a429-3725cccadc51"/>
               <code code="55106-9" codeSystem="2.16.840.1.113883.6.1" displayName="OTC - ACTIVE INGREDIENT SECTION"/>
               <title>Active ingredient (in each tablet)</title>
               <text>
                  <paragraph>Ibuprofen 200 mg (NSAID)*</paragraph>
                  <paragraph>*nonsteroidal anti-inflammatory drug</paragraph>
               </text>
               <effectiveTime value="20110126"/>
            </section>
         </component>
         <component>
            <section ID="LINK_87ee0c84-f1fd-40a2-8671-e4dc5cac1058">
               <id root="87ee0c84-f1fd-40a2-8671-e4dc5cac1058"/>
               <code code="55105-1" codeSystem="2.16.840.1.113883.6.1" displayName="OTC - PURPOSE SECTION"/>
               <title>Purpose</title>
               <text>
                  <paragraph>Pain reliever/fever reducer</paragraph>
               </text>
               <effectiveTime value="20110126"/>
            </section>
         </component>
         <component>
            <section ID="LINK_9ce700c3-a414-4326-b967-d9e9ad13e3f1">
               <id root="9ce700c3-a414-4326-b967-d9e9ad13e3f1"/>
               <code code="34067-9" codeSystem="2.16.840.1.113883.6.1" displayName="INDICATIONS &amp; USAGE SECTION"/>
               <title>Uses</title>
               <text>
                  <list listType="unordered" styleCode="Disk">
                     <item>temporarily relieves minor aches and pains due to: </item>
                     <item>headache </item>
                     <item>muscular aches </item>
                     <item>minor pain of arthritis </item>
                     <item>toothache </item>
                     <item>backache </item>
                     <item>the common cold </item>
                     <item>menstrual cramps </item>
                     <item>temporarily reduces fever </item>
                  </list>
               </text>
               <effectiveTime value="20110126"/>
            </section>
         </component>
         <component>
            <section ID="LINK_0f7ac5c8-1a8b-4501-a7dc-20f64494fea4">
               <id root="0f7ac5c8-1a8b-4501-a7dc-20f64494fea4"/>
               <code code="34071-1" codeSystem="2.16.840.1.113883.6.1" displayName="WARNINGS SECTION"/>
               <title>Warnings</title>
               <text>
                  <paragraph>Allergy alert: Ibuprofen may cause a severe allergic reaction, especially in people allergic to aspirin.  Symptoms may include: </paragraph>
                  <list listType="unordered" styleCode="Disk">
                     <item>hives </item>
                     <item>facial swelling </item>
                     <item>asthma (wheezing) </item>
                     <item>shock </item>
                     <item>skin reddening </item>
                     <item>rash </item>
                     <item>blisters </item>
                  </list>
                  <paragraph>If an allergic reaction occurs, stop use and seek medical help right away.</paragraph>
                  <paragraph>Stomach bleeding warning: This product contains an NSAID, which may cause severe stomach bleeding. The chances are higher if you</paragraph>
                  <list listType="unordered" styleCode="Disk">
                     <item>are age 60 or older </item>
                     <item>have had stomach ulcers or bleeding problems </item>
                     <item>take a blood thinning (anticoagulant) or steroid drug </item>
                     <item>take other drugs containing prescription or nonprescription NSAIDs [aspirin, ibuprofen, naproxen, or others] </item>
                     <item>have 3 or more alcoholic drinks every day while using this product </item>
                     <item>take more or for a longer time than directed </item>
                  </list>
               </text>
               <effectiveTime value="20110126"/>
               <component>
                  <section ID="LINK_282a4b24-7b6c-4fe6-b94a-acfebee579e3">
                     <id root="282a4b24-7b6c-4fe6-b94a-acfebee579e3"/>
                     <code code="50570-1" codeSystem="2.16.840.1.113883.6.1" displayName="OTC - DO NOT USE SECTION"/>
                     <title>Do not use</title>
                     <text>
                        <list listType="unordered" styleCode="Disk">
                           <item>if you have ever had an allergic reaction to any other pain reliever/fever reducer </item>
                           <item>right before or after heart surgery </item>
                        </list>
                     </text>
                     <effectiveTime value="20110126"/>
                  </section>
               </component>
            </section>
         </component>
         <component>
            <section ID="LINK_aa0f147e-86bb-46f9-89ec-c07048978fa2">
               <id root="aa0f147e-86bb-46f9-89ec-c07048978fa2"/>
               <code code="50569-3" codeSystem="2.16.840.1.113883.6.1" displayName="OTC - ASK DOCTOR SECTION"/>
               <title>Ask a doctor before use if</title>
               <text>
                  <list listType="unordered" styleCode="Disk">
                     <item>you have problems or serious side effects from taking pain relievers or fever reducers </item>
                     <item>the stomach bleeding warning applies to you </item>
                     <item>you have a history of stomach problems, such as heartburn </item>
                     <item>you have high blood pressure, heart disease, liver cirrhosis, or kidney disease </item>
                     <item>you have asthma </item>
                     <item>you are taking a diuretic </item>
                  </list>
               </text>
               <effectiveTime value="20120803"/>
               <component>
                  <section ID="LINK_a8b06b95-935f-4fbc-83d9-866fb3d25b2c">
                     <id root="a8b06b95-935f-4fbc-83d9-866fb3d25b2c"/>
                     <code code="50568-5" codeSystem="2.16.840.1.113883.6.1" displayName="OTC - ASK DOCTOR/PHARMACIST SECTION"/>
                     <title>Ask a doctor or pharmacist before use if you are</title>
                     <text>
                        <list listType="unordered" styleCode="Disk">
                           <item>taking aspirin for heart attack or stroke, because ibuprofen may decrease this benefit of aspirin </item>
                           <item>under a doctor’s care for any serious condition </item>
                           <item>taking any other drug </item>
                        </list>
                     </text>
                     <effectiveTime value="20120803"/>
                  </section>
               </component>
               <component>
                  <section ID="LINK_a8a1bef0-54da-4c4a-8521-e52dfb76df28">
                     <id root="a8a1bef0-54da-4c4a-8521-e52dfb76df28"/>
                     <code code="50567-7" codeSystem="2.16.840.1.113883.6.1" displayName="OTC - WHEN USING SECTION"/>
                     <title>When using this product</title>
                     <text>
                        <list listType="unordered" styleCode="Disk">
                           <item>take with food or milk if stomach upset occurs </item>
                           <item>the risk of heart attack or stroke may increase if you use more than directed or for longer than directed </item>
                        </list>
                     </text>
                     <effectiveTime value="20110126"/>
                  </section>
               </component>
               <component>
                  <section ID="LINK_07e4f751-f95d-4ff6-8af0-846bf0f22bdf">
                     <id root="07e4f751-f95d-4ff6-8af0-846bf0f22bdf"/>
                     <code code="50566-9" codeSystem="2.16.840.1.113883.6.1" displayName="OTC - STOP USE SECTION"/>
                     <title>Stop use and ask a doctor if</title>
                     <text>
                        <list listType="unordered" styleCode="Disk">
                           <item>you experience any of the following signs of stomach bleeding: </item>
                           <item>feel faint </item>
                           <item>vomit blood </item>
                           <item>have bloody or black stools </item>
                           <item>have stomach pain that does not get better </item>
                           <item>pain gets worse or lasts more than 10 days </item>
                           <item>fever gets worse or lasts more than 3 days </item>
                           <item>redness or swelling is present in the painful area </item>
                           <item>any new symptoms appear </item>
                        </list>
                     </text>
                     <effectiveTime value="20110126"/>
                  </section>
               </component>
               <component>
                  <section ID="LINK_2888defc-012e-4f59-b33a-e521178c6d91">
                     <id root="2888defc-012e-4f59-b33a-e521178c6d91"/>
                     <code code="53414-9" codeSystem="2.16.840.1.113883.6.1" displayName="OTC - PREGNANCY OR BREAST FEEDING SECTION"/>
                     <title>If pregnant or breast-feeding,</title>
                     <text>
                        <paragraph>ask a health professional before use. It is especially important not to use ibuprofen during the last 3 months of pregnancy unless definitely directed to do so by a doctor because it may cause problems in the unborn child or complications during delivery.</paragraph>
                     </text>
                     <effectiveTime value="20110126"/>
                  </section>
               </component>
               <component>
                  <section ID="LINK_8c165cf6-1ba8-40b9-b908-cb858db23dcb">
                     <id root="8c165cf6-1ba8-40b9-b908-cb858db23dcb"/>
                     <code code="50565-1" codeSystem="2.16.840.1.113883.6.1" displayName="OTC - KEEP OUT OF REACH OF CHILDREN SECTION"/>
                     <title>Keep out of reach of children.</title>
                     <text>
                        <paragraph>In case of overdose, get medical help or contact a Poison Control Center right away. (1-800-222-1222)</paragraph>
                     </text>
                     <effectiveTime value="20110126"/>
                  </section>
               </component>
            </section>
         </component>
         <component>
            <section ID="LINK_59600d52-a2da-43ef-a33c-d63d924f7a72">
               <id root="59600d52-a2da-43ef-a33c-d63d924f7a72"/>
               <code code="34068-7" codeSystem="2.16.840.1.113883.6.1" displayName="DOSAGE &amp; ADMINISTRATION SECTION"/>
               <title>Directions</title>
               <text>
                  <list listType="unordered" styleCode="Disk">
                     <item>do not take more than directed  </item>
                     <item> the smallest effective dose should be used</item>
                  </list>
                  <table>
                     <col width="23.8%"/>
                     <col width="76.2%"/>
                     <tbody>
                        <tr>
                           <td valign="top" styleCode="     Botrule          Toprule         Lrule          Rrule     "> adults and children 12 years and older</td>
                           <td valign="top" styleCode="     Botrule          Rrule     "> <list listType="unordered" styleCode="Disk">
                                 <item> take 1 tablet every 4 to 6 hours while symptoms persist </item>
                                 <item> if pain or fever does not respond to 1 tablet, 2 tablets may be used </item>
                                 <item>do not exceed 6 tablets in 24 hours, unless directed by a doctor</item>
                              </list>
                           </td>
                        </tr>
                        <tr>
                           <td valign="top" styleCode="     Botrule         Lrule          Rrule     "> children under 12 years</td>
                           <td valign="top" styleCode="     Botrule          Rrule     "> ask a doctor</td>
                        </tr>
                     </tbody>
                  </table>
               </text>
               <effectiveTime value="20110126"/>
            </section>
         </component>
         <component>
            <section ID="LINK_df2949f8-ff75-4817-8e68-7b79536e59c3">
               <id root="df2949f8-ff75-4817-8e68-7b79536e59c3"/>
               <code code="44425-7" codeSystem="2.16.840.1.113883.6.1" displayName="STORAGE AND HANDLING SECTION"/>
               <title>Other information</title>
               <text>
                  <list listType="unordered" styleCode="Disk">
                     <item>read all warnings and directions before use </item>
                     <item>store at 20-25°C (68-77°F) </item>
                     <item>avoid high humidity and excessive heat above 40°C (104°F) </item>
                     <item>see end panel for lot number and expiration date {For Carton Configuration Only} </item>
                  </list>
               </text>
               <effectiveTime value="20110126"/>
            </section>
         </component>
         <component>
            <section ID="LINK_e3c99ade-85fb-4c54-8b4c-278b1617999f">
               <id root="e3c99ade-85fb-4c54-8b4c-278b1617999f"/>
               <code code="51727-6" codeSystem="2.16.840.1.113883.6.1" displayName="INACTIVE INGREDIENT SECTION"/>
               <title>Inactive ingredients</title>
               <text>
                  <paragraph>colloidal silicon dioxide, corn starch, croscarmellose sodium, hypromellose, iron oxide red, iron oxide yellow, microcrystalline cellulose, polyethylene glycol, polysorbate 80, stearic acid, titanium dioxide</paragraph>
               </text>
               <effectiveTime value="20110126"/>
            </section>
         </component>
         <component>
            <section ID="LINK_8d38278c-22e4-425e-a5eb-544b3c349603">
               <id root="8d38278c-22e4-425e-a5eb-544b3c349603"/>
               <code code="53413-1" codeSystem="2.16.840.1.113883.6.1" displayName="OTC - QUESTIONS SECTION"/>
               <title>Questions or comments?</title>
               <text>
                  <paragraph>1-800-719-9260</paragraph>
               </text>
               <effectiveTime value="20110126"/>
            </section>
         </component>
         <component>
            <section ID="LINK_2bd4c670-ba5d-4cf4-bf34-99021b36965e">
               <id root="a1ab3f93-2afb-41f4-97a7-22a4e0fab2d7"/>
               <code code="51945-4" codeSystem="2.16.840.1.113883.6.1" displayName="PACKAGE LABEL.PRINCIPAL DISPLAY PANEL"/>
               <title>Principal Display Panel</title>
               <text>
                  <paragraph>Repackaged By :<br/>Aidarex Pharmaceuticals LLC,<br/>Corona, CA 92880</paragraph>
                  <paragraph>SEE NEW WARNINGS INFORMATION</paragraph>
                  <paragraph>Ibuprofen Tablets, 200mg</paragraph>
                  <paragraph>PAIN RELIEVER / FEVER REDUCER (NSAID)</paragraph>
                  <paragraph>COMPARE TO the active ingredient of ADVIL®</paragraph>
                  <paragraph>Actual Size</paragraph>
                  <renderMultiMedia referencedObject="MM1"/>
               </text>
               <effectiveTime value="20120905"/>
               <component>
                  <observationMedia ID="MM1">
                     <text>IMAGE LABEL</text>
                     <value xsi:type="ED" mediaType="image/jpeg">
                        <reference value="ibuprofen-tab-200mg-for-major-1.jpg"/>
                     </value>
                  </observationMedia>
               </component>
            </section>
         </component>
      </structuredBody>
   </component>
</document>