<?xml version="1.0" encoding="UTF-8"?><?xml-stylesheet href="http://www.accessdata.fda.gov/spl/stylesheet/spl.xsl" type="text/xsl"?>
<document xmlns="urn:hl7-org:v3" xmlns:xsi="http://www.w3.org/2001/XMLSchema-instance" xsi:schemaLocation="urn:hl7-org:v3 https://www.accessdata.fda.gov/spl/schema/spl.xsd">
   <id root="08be0975-39df-492e-b181-dcee7510b8da"/>
   <code code="34390-5" displayName="HUMAN OTC DRUG LABEL" codeSystem="2.16.840.1.113883.6.1"/>
   <title>Drug Facts</title>
   <effectiveTime value="20191226"/>
   <setId root="d024dace-3c22-4a15-962a-ce315337905a"/>
   <versionNumber value="4"/>
   <author>
      <time/>
      <assignedEntity>
         <representedOrganization>
            <id extension="024472631" root="1.3.6.1.4.1.519.1"/>
            <name>Family Dollar (FAMILY WELLNESS)</name>
         </representedOrganization>
      </assignedEntity>
   </author>
   <component>
      <structuredBody>
         <component>
            <section>
               <id root="643b0585-7203-4622-8a2f-d5aa8c5afaf2"/>
               <code code="48780-1" displayName="SPL LISTING DATA ELEMENTS SECTION" codeSystem="2.16.840.1.113883.6.1"/>
               <effectiveTime value="20191226"/>
               <subject>
                  <manufacturedProduct>
                     <manufacturedProduct>
                        <code code="55319-568" codeSystem="2.16.840.1.113883.6.69"/>
                        <name>Ibuprofen</name>
                        <formCode code="C42897" displayName="TABLET, COATED" codeSystem="2.16.840.1.113883.3.26.1.1"/>
                        <asEntityWithGeneric>
                           <genericMedicine>
                              <name>Ibuprofen</name>
                           </genericMedicine>
                        </asEntityWithGeneric>
                        <ingredient classCode="ACTIB">
                           <quantity>
                              <numerator unit="mg" value="200"/>
                              <denominator unit="1" value="1"/>
                           </quantity>
                           <ingredientSubstance>
                              <code code="WK2XYI10QM" codeSystem="2.16.840.1.113883.4.9"/>
                              <name>IBUPROFEN</name>
                              <activeMoiety>
                                 <activeMoiety>
                                    <code code="WK2XYI10QM" codeSystem="2.16.840.1.113883.4.9"/>
                                    <name>IBUPROFEN</name>
                                 </activeMoiety>
                              </activeMoiety>
                           </ingredientSubstance>
                        </ingredient>
                        <ingredient classCode="IACT">
                           <ingredientSubstance>
                              <code code="ETJ7Z6XBU4" codeSystem="2.16.840.1.113883.4.9"/>
                              <name>SILICON DIOXIDE</name>
                           </ingredientSubstance>
                        </ingredient>
                        <ingredient classCode="IACT">
                           <ingredientSubstance>
                              <code code="O8232NY3SJ" codeSystem="2.16.840.1.113883.4.9"/>
                              <name>STARCH, CORN</name>
                           </ingredientSubstance>
                        </ingredient>
                        <ingredient classCode="IACT">
                           <ingredientSubstance>
                              <code code="1K09F3G675" codeSystem="2.16.840.1.113883.4.9"/>
                              <name>FERRIC OXIDE RED</name>
                           </ingredientSubstance>
                        </ingredient>
                        <ingredient classCode="IACT">
                           <ingredientSubstance>
                              <code code="U725QWY32X" codeSystem="2.16.840.1.113883.4.9"/>
                              <name>POVIDONE K30</name>
                           </ingredientSubstance>
                        </ingredient>
                        <ingredient classCode="IACT">
                           <ingredientSubstance>
                              <code code="AG9B65PV6B" codeSystem="2.16.840.1.113883.4.9"/>
                              <name>SODIUM STARCH GLYCOLATE TYPE A CORN</name>
                           </ingredientSubstance>
                        </ingredient>
                        <ingredient classCode="IACT">
                           <ingredientSubstance>
                              <code code="4ELV7Z65AP" codeSystem="2.16.840.1.113883.4.9"/>
                              <name>STEARIC ACID</name>
                           </ingredientSubstance>
                        </ingredient>
                        <ingredient classCode="IACT">
                           <ingredientSubstance>
                              <code code="15FIX9V2JP" codeSystem="2.16.840.1.113883.4.9"/>
                              <name>TITANIUM DIOXIDE</name>
                           </ingredientSubstance>
                        </ingredient>
                        <ingredient classCode="IACT">
                           <ingredientSubstance>
                              <code code="7SEV7J4R1U" codeSystem="2.16.840.1.113883.4.9"/>
                              <name>TALC</name>
                           </ingredientSubstance>
                        </ingredient>
                        <ingredient classCode="IACT">
                           <ingredientSubstance>
                              <code code="3WJQ0SDW1A" codeSystem="2.16.840.1.113883.4.9"/>
                              <name>POLYETHYLENE GLYCOL, UNSPECIFIED</name>
                           </ingredientSubstance>
                        </ingredient>
                        <ingredient classCode="IACT">
                           <ingredientSubstance>
                              <code code="532B59J990" codeSystem="2.16.840.1.113883.4.9"/>
                              <name>POLYVINYL ALCOHOL, UNSPECIFIED</name>
                           </ingredientSubstance>
                        </ingredient>
                        <asContent>
                           <quantity>
                              <numerator unit="1" value="250"/>
                              <denominator value="1"/>
                           </quantity>
                           <containerPackagedProduct>
                              <code/>
                              <formCode code="C43173" displayName="BOTTLE, PLASTIC" codeSystem="2.16.840.1.113883.3.26.1.1"/>
                              <asContent>
                                 <quantity>
                                    <numerator unit="1" value="1"/>
                                    <denominator value="1"/>
                                 </quantity>
                                 <containerPackagedProduct>
                                    <code code="55319-568-25" codeSystem="2.16.840.1.113883.6.69"/>
                                    <formCode code="C43178" displayName="BOX" codeSystem="2.16.840.1.113883.3.26.1.1"/>
                                 </containerPackagedProduct>
                                 <subjectOf>
                                    <marketingAct>
                                       <code code="C53292" codeSystem="2.16.840.1.113883.3.26.1.1"/>
                                       <statusCode code="active"/>
                                       <effectiveTime>
                                          <low value="20170630"/>
                                       </effectiveTime>
                                    </marketingAct>
                                 </subjectOf>
                              </asContent>
                           </containerPackagedProduct>
                           <subjectOf>
                              <characteristic>
                                 <code code="SPLCMBPRDTP" codeSystem="2.16.840.1.113883.1.11.19255"/>
                                 <value code="C112160" displayName="Type 0: Not a Combination Product" codeSystem="2.16.840.1.113883.3.26.1.1" xsi:type="CV"/>
                              </characteristic>
                           </subjectOf>
                        </asContent>
                        <asContent>
                           <quantity>
                              <numerator unit="1" value="100"/>
                              <denominator value="1"/>
                           </quantity>
                           <containerPackagedProduct>
                              <code/>
                              <formCode code="C43173" displayName="BOTTLE, PLASTIC" codeSystem="2.16.840.1.113883.3.26.1.1"/>
                              <asContent>
                                 <quantity>
                                    <numerator unit="1" value="1"/>
                                    <denominator value="1"/>
                                 </quantity>
                                 <containerPackagedProduct>
                                    <code code="55319-568-10" codeSystem="2.16.840.1.113883.6.69"/>
                                    <formCode code="C43178" displayName="BOX" codeSystem="2.16.840.1.113883.3.26.1.1"/>
                                 </containerPackagedProduct>
                                 <subjectOf>
                                    <marketingAct>
                                       <code code="C53292" codeSystem="2.16.840.1.113883.3.26.1.1"/>
                                       <statusCode code="active"/>
                                       <effectiveTime>
                                          <low value="20170630"/>
                                       </effectiveTime>
                                    </marketingAct>
                                 </subjectOf>
                              </asContent>
                           </containerPackagedProduct>
                           <subjectOf>
                              <characteristic>
                                 <code code="SPLCMBPRDTP" codeSystem="2.16.840.1.113883.1.11.19255"/>
                                 <value code="C112160" displayName="Type 0: Not a Combination Product" codeSystem="2.16.840.1.113883.3.26.1.1" xsi:type="CV"/>
                              </characteristic>
                           </subjectOf>
                        </asContent>
                        <asContent>
                           <quantity>
                              <numerator unit="1" value="50"/>
                              <denominator value="1"/>
                           </quantity>
                           <containerPackagedProduct>
                              <code/>
                              <formCode code="C43173" displayName="BOTTLE, PLASTIC" codeSystem="2.16.840.1.113883.3.26.1.1"/>
                              <asContent>
                                 <quantity>
                                    <numerator unit="1" value="1"/>
                                    <denominator value="1"/>
                                 </quantity>
                                 <containerPackagedProduct>
                                    <code code="55319-568-50" codeSystem="2.16.840.1.113883.6.69"/>
                                    <formCode code="C43178" displayName="BOX" codeSystem="2.16.840.1.113883.3.26.1.1"/>
                                 </containerPackagedProduct>
                                 <subjectOf>
                                    <marketingAct>
                                       <code code="C53292" codeSystem="2.16.840.1.113883.3.26.1.1"/>
                                       <statusCode code="active"/>
                                       <effectiveTime>
                                          <low value="20170630"/>
                                       </effectiveTime>
                                    </marketingAct>
                                 </subjectOf>
                              </asContent>
                           </containerPackagedProduct>
                           <subjectOf>
                              <characteristic>
                                 <code code="SPLCMBPRDTP" codeSystem="2.16.840.1.113883.1.11.19255"/>
                                 <value code="C112160" displayName="Type 0: Not a Combination Product" codeSystem="2.16.840.1.113883.3.26.1.1" xsi:type="CV"/>
                              </characteristic>
                           </subjectOf>
                        </asContent>
                        <asContent>
                           <quantity>
                              <numerator unit="1" value="250"/>
                              <denominator value="1"/>
                           </quantity>
                           <containerPackagedProduct>
                              <code code="55319-568-52" codeSystem="2.16.840.1.113883.6.69"/>
                              <formCode code="C43173" displayName="BOTTLE, PLASTIC" codeSystem="2.16.840.1.113883.3.26.1.1"/>
                           </containerPackagedProduct>
                           <subjectOf>
                              <characteristic>
                                 <code code="SPLCMBPRDTP" codeSystem="2.16.840.1.113883.1.11.19255"/>
                                 <value code="C112160" displayName="Type 0: Not a Combination Product" codeSystem="2.16.840.1.113883.3.26.1.1" xsi:type="CV"/>
                              </characteristic>
                           </subjectOf>
                           <subjectOf>
                              <marketingAct>
                                 <code code="C53292" codeSystem="2.16.840.1.113883.3.26.1.1"/>
                                 <statusCode code="active"/>
                                 <effectiveTime>
                                    <low value="20170630"/>
                                 </effectiveTime>
                              </marketingAct>
                           </subjectOf>
                        </asContent>
                     </manufacturedProduct>
                     <subjectOf>
                        <approval>
                           <id extension="ANDA079174" root="2.16.840.1.113883.3.150"/>
                           <code code="C73584" displayName="ANDA" codeSystem="2.16.840.1.113883.3.26.1.1"/>
                           <author>
                              <territorialAuthority>
                                 <territory>
                                    <code code="USA" codeSystem="2.16.840.1.113883.5.28"/>
                                 </territory>
                              </territorialAuthority>
                           </author>
                        </approval>
                     </subjectOf>
                     <subjectOf>
                        <marketingAct>
                           <code code="C53292" codeSystem="2.16.840.1.113883.3.26.1.1"/>
                           <statusCode code="active"/>
                           <effectiveTime>
                              <low value="20170630"/>
                           </effectiveTime>
                        </marketingAct>
                     </subjectOf>
                     <subjectOf>
                        <characteristic classCode="OBS">
                           <code code="SPLCOLOR" codeSystem="2.16.840.1.113883.1.11.19255"/>
                           <value code="C48332" displayName="BROWN" codeSystem="2.16.840.1.113883.3.26.1.1" xsi:type="CV"/>
                        </characteristic>
                     </subjectOf>
                     <subjectOf>
                        <characteristic classCode="OBS">
                           <code code="SPLIMPRINT" codeSystem="2.16.840.1.113883.1.11.19255"/>
                           <value xsi:type="ST">G2</value>
                        </characteristic>
                     </subjectOf>
                     <subjectOf>
                        <characteristic classCode="OBS">
                           <code code="SPLSCORE" codeSystem="2.16.840.1.113883.1.11.19255"/>
                           <value value="1" xsi:type="INT"/>
                        </characteristic>
                     </subjectOf>
                     <subjectOf>
                        <characteristic classCode="OBS">
                           <code code="SPLSHAPE" codeSystem="2.16.840.1.113883.1.11.19255"/>
                           <value code="C48348" displayName="ROUND" codeSystem="2.16.840.1.113883.3.26.1.1" xsi:type="CV"/>
                        </characteristic>
                     </subjectOf>
                     <subjectOf>
                        <characteristic classCode="OBS">
                           <code code="SPLSIZE" codeSystem="2.16.840.1.113883.1.11.19255"/>
                           <value unit="mm" value="10" xsi:type="PQ"/>
                        </characteristic>
                     </subjectOf>
                     <consumedIn>
                        <substanceAdministration>
                           <routeCode code="C38288" displayName="ORAL" codeSystem="2.16.840.1.113883.3.26.1.1"/>
                        </substanceAdministration>
                     </consumedIn>
                  </manufacturedProduct>
               </subject>
            </section>
         </component>
         <component>
            <section ID="LINK_6263d362-9d8d-4b48-9e15-4eeaf33f8ad7">
               <id root="320cfc2b-c462-4f59-80bb-60f0d70dab49"/>
               <code code="55106-9" codeSystem="2.16.840.1.113883.6.1" displayName="OTC - ACTIVE INGREDIENT SECTION"/>
               <title>Active ingredient (in each tablet)</title>
               <text>
                  <paragraph>Ibuprofen USP, 200 mg (NSAID)*</paragraph>
                  <paragraph>*nonsteroidal anti-inflammatory drug</paragraph>
               </text>
               <effectiveTime value="20191226"/>
            </section>
         </component>
         <component>
            <section ID="LINK_b48c8df6-58e6-4954-9168-770508d6acf7">
               <id root="c194e4cb-244f-4708-b639-19f2fb58a374"/>
               <code code="55105-1" codeSystem="2.16.840.1.113883.6.1" displayName="OTC - PURPOSE SECTION"/>
               <title>Purpose</title>
               <text>
                  <paragraph>Pain reliever/fever reducer</paragraph>
               </text>
               <effectiveTime value="20191226"/>
            </section>
         </component>
         <component>
            <section ID="LINK_a402fd56-c368-467c-9cc0-1212c784a4c2">
               <id root="e22e9464-863c-467f-b5da-02617d4e4112"/>
               <code code="34067-9" codeSystem="2.16.840.1.113883.6.1" displayName="INDICATIONS &amp; USAGE SECTION"/>
               <title>Uses</title>
               <text>
                  <list listType="unordered" styleCode="Disk">
                     <item>temporarily relieves minor aches and pains due to: 
<list listType="unordered" styleCode="Circle">
                           <item>headache </item>
                           <item>muscular aches </item>
                           <item>toothache </item>
                           <item>minor pain of arthritis </item>
                           <item>backache </item>
                           <item>the common cold </item>
                           <item>menstrual cramps</item>
                        </list>
                     </item>
                     <item>temporarily reduces fever</item>
                  </list>
               </text>
               <effectiveTime value="20191226"/>
            </section>
         </component>
         <component>
            <section ID="LINK_d25bbb7c-8f5b-40fe-82dc-9cd0f27a45d4">
               <id root="980819c3-0b89-4f10-b76a-a29f03f45f45"/>
               <code code="34071-1" codeSystem="2.16.840.1.113883.6.1" displayName="WARNINGS SECTION"/>
               <title>Warnings</title>
               <text>
                  <paragraph>
                     <content styleCode="bold">Allergy alert</content>: Ibuprofen may cause a severe allergic reaction, especially in people allergic to aspirin. Symptoms may include:</paragraph>
                  <list listType="unordered" styleCode="Disk">
                     <item>hives</item>
                     <item>facial swelling</item>
                     <item>asthma (wheezing)</item>
                     <item>shock</item>
                     <item>skin reddening</item>
                     <item>rash</item>
                     <item>blisters</item>
                  </list>
                  <paragraph>If an allergic reaction occurs, stop use and seek medical help right away.</paragraph>
                  <paragraph>
                     <content styleCode="bold">Stomach bleeding warning</content>: This product contains an NSAID, which may cause severe stomach bleeding. The chance is higher if you:</paragraph>
                  <list listType="unordered" styleCode="Disk">
                     <item>are age 60 or older</item>
                     <item>have had stomach ulcers or bleeding problems</item>
                     <item>take a blood thinning (anticoagulant) or steroid drug</item>
                     <item>take other drugs containing prescription or nonprescription NSAIDs (aspirin, ibuprofen, naproxen, or others)</item>
                     <item>have 3 or more alcoholic drinks every day while using this product</item>
                     <item>take more or for a longer time than directed</item>
                  </list>
                  <paragraph>
                     <content styleCode="bold">Heart attack and stroke warning: </content>NSAIDs except aspirin, increase the risk of heart attack, heart failure, and stroke. These can be fatal. The risk is higher if you use more than directed or for longer than directed</paragraph>
               </text>
               <effectiveTime value="20191226"/>
               <component>
                  <section ID="LINK_ffe12773-79e1-43dd-a2db-2b5cb6094ad8">
                     <id root="a3a9475a-2145-4b85-a34c-f2cb432a2d0c"/>
                     <code code="50570-1" codeSystem="2.16.840.1.113883.6.1" displayName="OTC - DO NOT USE SECTION"/>
                     <title>Do not use</title>
                     <text>
                        <list listType="unordered" styleCode="Disk">
                           <item>if you have ever had an allergic reaction to any other pain reliever/fever reducer</item>
                           <item>right before or after heart surgery</item>
                        </list>
                     </text>
                     <effectiveTime value="20191226"/>
                  </section>
               </component>
               <component>
                  <section ID="LINK_a0ed8cc0-fb80-44ed-af7a-efb042f03c2c">
                     <id root="75452682-1a08-4408-b92e-ad91a06a7049"/>
                     <code code="50569-3" codeSystem="2.16.840.1.113883.6.1" displayName="OTC - ASK DOCTOR SECTION"/>
                     <title>Ask a doctor before use if</title>
                     <text>
                        <list listType="unordered" styleCode="Disk">
                           <item>you have problems or serious side effects from taking pain relievers or fever reducers</item>
                           <item>the stomach bleeding warning applies to you</item>
                           <item>you have a history of stomach problems, such as heartburn</item>
                           <item>you have high blood pressure, heart disease, liver cirrhosis, or kidney disease, asthma, or stroke </item>
                           <item>you are taking a diuretic</item>
                        </list>
                     </text>
                     <effectiveTime value="20191226"/>
                  </section>
               </component>
               <component>
                  <section ID="LINK_b0eb58a9-c18a-45a1-85b8-ad19e7957df6">
                     <id root="e14b6611-815c-4d94-bb9e-24f50fc5f364"/>
                     <code code="50568-5" codeSystem="2.16.840.1.113883.6.1" displayName="OTC - ASK DOCTOR/PHARMACIST SECTION"/>
                     <title>Ask a doctor or pharmacist before use if you are</title>
                     <text>
                        <list listType="unordered" styleCode="Disk">
                           <item>under a doctor's care for any serious condition</item>
                           <item>taking aspirin for heart attack or stroke, because ibuprofen may decrease this benefit of aspirin</item>
                           <item>taking any other drug</item>
                        </list>
                     </text>
                     <effectiveTime value="20191226"/>
                  </section>
               </component>
               <component>
                  <section ID="LINK_f364fd82-439b-4b90-8044-8b4cd75a1458">
                     <id root="311ea49a-86d1-4240-a43e-b895c303d15f"/>
                     <code code="50567-7" codeSystem="2.16.840.1.113883.6.1" displayName="OTC - WHEN USING SECTION"/>
                     <title>When using this product</title>
                     <text>
                        <list listType="unordered" styleCode="Disk">
                           <item>take with food or milk if stomach upset occurs</item>
                        </list>
                     </text>
                     <effectiveTime value="20191226"/>
                  </section>
               </component>
               <component>
                  <section ID="LINK_aed7bf08-7be5-4a34-ac4b-471f332ca71d">
                     <id root="4dbab8ef-eeef-4559-9aa2-92c90f640c1e"/>
                     <code code="50566-9" codeSystem="2.16.840.1.113883.6.1" displayName="OTC - STOP USE SECTION"/>
                     <title>Stop use and ask a doctor if</title>
                     <text>
                        <list listType="unordered" styleCode="Disk">
                           <item>you experience any of the following signs of stomach bleeding: 
<list listType="unordered" styleCode="Circle">
                                 <item>feel faint </item>
                                 <item>have bloody or black stools </item>
                                 <item>vomit blood </item>
                                 <item>have stomach pain that does not get better</item>
                              </list>
                           </item>
                           <item>you have symptoms of heart problem or stroke: 
<list listType="unordered" styleCode="Circle">
                                 <item>chest pain</item>
                                 <item>slurred speech</item>
                                 <item>leg swellin</item>
                                 <item>trouble breathing</item>
                                 <item>weakness in one part or side of body</item>
                              </list>
                           </item>
                           <item>pain gets worse or lasts more than 10 days </item>
                           <item>fever gets worse or lasts more than 3 days </item>
                           <item>redness or swelling is present in the painful area </item>
                           <item>any new symptoms appear</item>
                        </list>
                     </text>
                     <effectiveTime value="20191226"/>
                  </section>
               </component>
               <component>
                  <section ID="LINK_14bab712-0ca5-4f46-ab2b-2ed62639dc0a">
                     <id root="05ad8fa5-9d67-47f5-a1bc-96ac0a71c534"/>
                     <code code="53414-9" codeSystem="2.16.840.1.113883.6.1" displayName="OTC - PREGNANCY OR BREAST FEEDING SECTION"/>
                     <title>If pregnant or breast-feeding,</title>
                     <text>
                        <paragraph>ask a health professional before use. It is especially important not to use ibuprofen during the last 3 months of pregnancy unless definitely directed to do so by a doctor because it may cause problems in the unborn child or complications during delivery.</paragraph>
                     </text>
                     <effectiveTime value="20191226"/>
                  </section>
               </component>
               <component>
                  <section ID="LINK_2aeb69fa-2c40-4659-8b13-c8029c9e6a3f">
                     <id root="0272b9be-a0bf-4b39-91fb-ab1281f45891"/>
                     <code code="50565-1" codeSystem="2.16.840.1.113883.6.1" displayName="OTC - KEEP OUT OF REACH OF CHILDREN SECTION"/>
                     <title>Keep out of reach of children.</title>
                     <text>
                        <paragraph>In case of overdose, get medical help or contact a Poison Control Center right away. (1-800-222-1222)</paragraph>
                     </text>
                     <effectiveTime value="20191226"/>
                  </section>
               </component>
            </section>
         </component>
         <component>
            <section ID="LINK_26ed5f95-a1f7-4ca3-aea5-41983d36b0a1">
               <id root="5d72f05a-5fde-4670-ab03-97988bcfea84"/>
               <code code="34068-7" codeSystem="2.16.840.1.113883.6.1" displayName="DOSAGE &amp; ADMINISTRATION SECTION"/>
               <title>Directions</title>
               <text>
                  <list listType="unordered" styleCode="Disk">
                     <item>
                        <content styleCode="bold">do not take more than directed</content>
                     </item>
                     <item>
                        <content styleCode="bold">the smallest effective dose should be used</content>
                     </item>
                     <item>adults and children 12 years and older: 
<list listType="unordered" styleCode="Circle">
                           <item>take 1 tablet every 4 to 6 hours while symptoms persist</item>
                           <item>if pain or fever does not respond to 1 tablet, 2 tablets may be used</item>
                           <item>do not exceed 6 tablets in 24 hours, unless directed by a doctor</item>
                        </list>
                     </item>
                     <item>children under 12 years: ask a doctor</item>
                  </list>
               </text>
               <effectiveTime value="20191226"/>
            </section>
         </component>
         <component>
            <section ID="LINK_75f4dd53-6a49-4416-9c49-afc3fda53551">
               <id root="f3ce79d6-7f42-45a3-b8ce-a4ff965e4698"/>
               <code code="60561-8" codeSystem="2.16.840.1.113883.6.1" displayName="OTHER SAFETY INFORMATION"/>
               <title>Other information</title>
               <text>
                  <list listType="unordered" styleCode="Disk">
                     <item>store between 20º-25ºC (68º-77ºF). Avoid excessive heat above 40ºC (104ºF).</item>
                  </list>
               </text>
               <effectiveTime value="20191226"/>
            </section>
         </component>
         <component>
            <section ID="LINK_da964ce9-091f-4ed1-ac0a-7a5d7e3e315a">
               <id root="238dfd37-7a2c-4def-93bc-d75ea8709259"/>
               <code code="51727-6" codeSystem="2.16.840.1.113883.6.1" displayName="INACTIVE INGREDIENT SECTION"/>
               <title>Inactive ingredients</title>
               <text>
                  <paragraph>colloidal silicon dioxide, corn starch, iron oxide red, macrogol/PEG, polyvinyl alcohol-part hydralyzed, povidone (k-30), sodium starch glycolate, stearic acid, talc, titanium dioxide, </paragraph>
               </text>
               <effectiveTime value="20191226"/>
            </section>
         </component>
         <component>
            <section ID="LINK_c8d6a787-5f2f-4fef-95f6-e58bed3c0808">
               <id root="68f86201-1124-49ae-b693-0dc8373c7fa4"/>
               <code code="53413-1" codeSystem="2.16.840.1.113883.6.1" displayName="OTC - QUESTIONS SECTION"/>
               <title>Questions or comments?</title>
               <text>
                  <paragraph>Call <content styleCode="bold">1-877-753-3935 Monday-Friday 9AM-5PM EST</content>
                  </paragraph>
               </text>
               <effectiveTime value="20191226"/>
            </section>
         </component>
         <component>
            <section ID="LINK_f3fcc5cb-19b1-4a23-ba75-ef7e3e71bcfe">
               <id root="3ce677e2-4165-4483-b039-c5a1b14ab6d0"/>
               <code code="51945-4" codeSystem="2.16.840.1.113883.6.1" displayName="PACKAGE LABEL.PRINCIPAL DISPLAY PANEL"/>
               <title>Principal Display Panel</title>
               <text>
                  <paragraph>COMPARE TO THE ACTIVE INGREDIENT OF ADVIL®†</paragraph>
                  <paragraph>
                     <content styleCode="bold">Ibuprofen</content>
                  </paragraph>
                  <paragraph>Tablets USP, 200 mg</paragraph>
                  <paragraph>Pain Reliever/Fever Reducer <content styleCode="bold">(NSAID)</content>
                  </paragraph>
                  <paragraph>COATED TABLETS</paragraph>
                  <paragraph>Gluten free</paragraph>
                  <paragraph>†This product is not manufactured or distributed by Pfizer Consumer Healthcare, distributor of Advil®.</paragraph>
                  <paragraph>
                     <content styleCode="bold">TAMPER-EVIDENT: DO NOT USE IF PRINTED SAFETY SEAL UNDER CAP IS BROKEN OR MISSING.</content>
                  </paragraph>
                  <paragraph>
                     <content styleCode="bold">DISTRIBUTED BY: MIDWOOD BRANDS, LLC</content>
                  </paragraph>
                  <paragraph>10611 MONROE RD., MATTHEWS, NC 28105</paragraph>
               </text>
               <effectiveTime value="20191226"/>
            </section>
         </component>
         <component>
            <section ID="LINK_cb6f9211-71bc-4cc8-aa8c-a52996d95408">
               <id root="30853c6c-9e7f-4aa8-9ba0-390bec5430c3"/>
               <code code="51945-4" codeSystem="2.16.840.1.113883.6.1" displayName="PACKAGE LABEL.PRINCIPAL DISPLAY PANEL"/>
               <title>Product Label</title>
               <text>
                  <renderMultiMedia referencedObject="MM1">
                     <caption>FAMILY WELLNESS Ibuprofen Tablets</caption>
                  </renderMultiMedia>
               </text>
               <effectiveTime value="20191226"/>
               <component>
                  <observationMedia ID="MM1">
                     <text>Ibuprofen USP, 200 mg (NSAID)* *nonsteroidal anti-inflammatory drug</text>
                     <value xsi:type="ED" mediaType="image/jpeg">
                        <reference value="ibuprofen-200-mg-brown-tablets-grn-1.jpg"/>
                     </value>
                  </observationMedia>
               </component>
            </section>
         </component>
      </structuredBody>
   </component>
</document>