<?xml version="1.0" encoding="UTF-8"?><?xml-stylesheet href="http://www.accessdata.fda.gov/spl/stylesheet/spl.xsl" type="text/xsl"?>
<document xmlns="urn:hl7-org:v3" xmlns:xsi="http://www.w3.org/2001/XMLSchema-instance" xsi:schemaLocation="urn:hl7-org:v3 https://www.accessdata.fda.gov/spl/schema/spl.xsd">
   <id root="09662619-9516-4024-91bc-e877eef7dc97"/>
   <code code="34390-5" displayName="HUMAN OTC DRUG LABEL" codeSystem="2.16.840.1.113883.6.1"/>
   <title>Drug Facts</title>
   <effectiveTime value="20191104"/>
   <setId root="65d1a0cd-8687-4e09-b6c0-13e3b1f51269"/>
   <versionNumber value="3"/>
   <author>
      <time/>
      <assignedEntity>
         <representedOrganization>
            <id extension="804085293" root="1.3.6.1.4.1.519.1"/>
            <name>Harmon Stores</name>
         </representedOrganization>
      </assignedEntity>
   </author>
   <component>
      <structuredBody>
         <component>
            <section>
               <id root="79b82d40-f853-4b66-8b08-046bcca9b945"/>
               <code code="48780-1" displayName="SPL LISTING DATA ELEMENTS SECTION" codeSystem="2.16.840.1.113883.6.1"/>
               <effectiveTime value="20191104"/>
               <subject>
                  <manufacturedProduct>
                     <manufacturedProduct>
                        <code code="63940-174" codeSystem="2.16.840.1.113883.6.69"/>
                        <name>All Day Pain Relief</name>
                        <formCode code="C42954" displayName="CAPSULE, LIQUID FILLED" codeSystem="2.16.840.1.113883.3.26.1.1"/>
                        <asEntityWithGeneric>
                           <genericMedicine>
                              <name>Naproxen Sodium</name>
                           </genericMedicine>
                        </asEntityWithGeneric>
                        <ingredient classCode="ACTIB">
                           <quantity>
                              <numerator unit="mg" value="220"/>
                              <denominator unit="1" value="1"/>
                           </quantity>
                           <ingredientSubstance>
                              <code code="9TN87S3A3C" codeSystem="2.16.840.1.113883.4.9"/>
                              <name>NAPROXEN SODIUM</name>
                              <activeMoiety>
                                 <activeMoiety>
                                    <code code="57Y76R9ATQ" codeSystem="2.16.840.1.113883.4.9"/>
                                    <name>NAPROXEN</name>
                                 </activeMoiety>
                              </activeMoiety>
                           </ingredientSubstance>
                        </ingredient>
                        <ingredient classCode="IACT">
                           <ingredientSubstance>
                              <code code="H3R47K3TBD" codeSystem="2.16.840.1.113883.4.9"/>
                              <name>FD&amp;C BLUE NO. 1</name>
                           </ingredientSubstance>
                        </ingredient>
                        <ingredient classCode="IACT">
                           <ingredientSubstance>
                              <code code="2G86QN327L" codeSystem="2.16.840.1.113883.4.9"/>
                              <name>GELATIN</name>
                           </ingredientSubstance>
                        </ingredient>
                        <ingredient classCode="IACT">
                           <ingredientSubstance>
                              <code code="PDC6A3C0OX" codeSystem="2.16.840.1.113883.4.9"/>
                              <name>GLYCERIN</name>
                           </ingredientSubstance>
                        </ingredient>
                        <ingredient classCode="IACT">
                           <ingredientSubstance>
                              <code code="33X04XA5AT" codeSystem="2.16.840.1.113883.4.9"/>
                              <name>LACTIC ACID</name>
                           </ingredientSubstance>
                        </ingredient>
                        <ingredient classCode="IACT">
                           <ingredientSubstance>
                              <code code="3OWL53L36A" codeSystem="2.16.840.1.113883.4.9"/>
                              <name>MANNITOL</name>
                           </ingredientSubstance>
                        </ingredient>
                        <ingredient classCode="IACT">
                           <ingredientSubstance>
                              <code code="NL4J9F21N9" codeSystem="2.16.840.1.113883.4.9"/>
                              <name>POLYETHYLENE GLYCOL 600</name>
                           </ingredientSubstance>
                        </ingredient>
                        <ingredient classCode="IACT">
                           <ingredientSubstance>
                              <code code="U725QWY32X" codeSystem="2.16.840.1.113883.4.9"/>
                              <name>POVIDONE K30</name>
                           </ingredientSubstance>
                        </ingredient>
                        <ingredient classCode="IACT">
                           <ingredientSubstance>
                              <code code="6DC9Q167V3" codeSystem="2.16.840.1.113883.4.9"/>
                              <name>PROPYLENE GLYCOL</name>
                           </ingredientSubstance>
                        </ingredient>
                        <ingredient classCode="IACT">
                           <ingredientSubstance>
                              <code code="059QF0KO0R" codeSystem="2.16.840.1.113883.4.9"/>
                              <name>WATER</name>
                           </ingredientSubstance>
                        </ingredient>
                        <ingredient classCode="IACT">
                           <ingredientSubstance>
                              <code code="6O92ICV9RU" codeSystem="2.16.840.1.113883.4.9"/>
                              <name>SORBITAN</name>
                           </ingredientSubstance>
                        </ingredient>
                        <ingredient classCode="IACT">
                           <ingredientSubstance>
                              <code code="506T60A25R" codeSystem="2.16.840.1.113883.4.9"/>
                              <name>SORBITOL</name>
                           </ingredientSubstance>
                        </ingredient>
                        <asContent>
                           <quantity>
                              <numerator unit="1" value="40"/>
                              <denominator value="1"/>
                           </quantity>
                           <containerPackagedProduct>
                              <code/>
                              <formCode code="C43173" displayName="BOTTLE, PLASTIC" codeSystem="2.16.840.1.113883.3.26.1.1"/>
                              <asContent>
                                 <quantity>
                                    <numerator unit="1" value="1"/>
                                    <denominator value="1"/>
                                 </quantity>
                                 <containerPackagedProduct>
                                    <code code="63940-174-40" codeSystem="2.16.840.1.113883.6.69"/>
                                    <formCode code="C43178" displayName="BOX" codeSystem="2.16.840.1.113883.3.26.1.1"/>
                                 </containerPackagedProduct>
                                 <subjectOf>
                                    <marketingAct>
                                       <code code="C53292" codeSystem="2.16.840.1.113883.3.26.1.1"/>
                                       <statusCode code="completed"/>
                                       <effectiveTime>
                                          <low value="20150731"/>
                                          <high value="20201231"/>
                                       </effectiveTime>
                                    </marketingAct>
                                 </subjectOf>
                              </asContent>
                           </containerPackagedProduct>
                           <subjectOf>
                              <characteristic>
                                 <code code="SPLCMBPRDTP" codeSystem="2.16.840.1.113883.1.11.19255"/>
                                 <value code="C112160" displayName="Type 0: Not a Combination Product" codeSystem="2.16.840.1.113883.3.26.1.1" xsi:type="CV"/>
                              </characteristic>
                           </subjectOf>
                        </asContent>
                     </manufacturedProduct>
                     <subjectOf>
                        <approval>
                           <id extension="NDA021920" root="2.16.840.1.113883.3.150"/>
                           <code code="C73594" displayName="NDA" codeSystem="2.16.840.1.113883.3.26.1.1"/>
                           <author>
                              <territorialAuthority>
                                 <territory>
                                    <code code="USA" codeSystem="2.16.840.1.113883.5.28"/>
                                 </territory>
                              </territorialAuthority>
                           </author>
                        </approval>
                     </subjectOf>
                     <subjectOf>
                        <marketingAct>
                           <code code="C53292" codeSystem="2.16.840.1.113883.3.26.1.1"/>
                           <statusCode code="completed"/>
                           <effectiveTime>
                              <low value="20150731"/>
                              <high value="20201231"/>
                           </effectiveTime>
                        </marketingAct>
                     </subjectOf>
                     <subjectOf>
                        <characteristic classCode="OBS">
                           <code code="SPLCOLOR" codeSystem="2.16.840.1.113883.1.11.19255"/>
                           <value code="C48333" displayName="BLUE" codeSystem="2.16.840.1.113883.3.26.1.1" xsi:type="CV"/>
                        </characteristic>
                     </subjectOf>
                     <subjectOf>
                        <characteristic classCode="OBS">
                           <code code="SPLIMPRINT" codeSystem="2.16.840.1.113883.1.11.19255"/>
                           <value xsi:type="ST">NPX</value>
                        </characteristic>
                     </subjectOf>
                     <subjectOf>
                        <characteristic classCode="OBS">
                           <code code="SPLSCORE" codeSystem="2.16.840.1.113883.1.11.19255"/>
                           <value value="1" xsi:type="INT"/>
                        </characteristic>
                     </subjectOf>
                     <subjectOf>
                        <characteristic classCode="OBS">
                           <code code="SPLSHAPE" codeSystem="2.16.840.1.113883.1.11.19255"/>
                           <value code="C48336" displayName="CAPSULE" codeSystem="2.16.840.1.113883.3.26.1.1" xsi:type="CV"/>
                        </characteristic>
                     </subjectOf>
                     <subjectOf>
                        <characteristic classCode="OBS">
                           <code code="SPLSIZE" codeSystem="2.16.840.1.113883.1.11.19255"/>
                           <value unit="mm" value="21" xsi:type="PQ"/>
                        </characteristic>
                     </subjectOf>
                     <consumedIn>
                        <substanceAdministration>
                           <routeCode code="C38288" displayName="ORAL" codeSystem="2.16.840.1.113883.3.26.1.1"/>
                        </substanceAdministration>
                     </consumedIn>
                  </manufacturedProduct>
               </subject>
            </section>
         </component>
         <component>
            <section ID="LINK_65290ca5-de7f-4ae2-9c01-458bcb9775c3">
               <id root="2a381d08-e25f-4aed-91c6-1dd4b81ecefd"/>
               <code code="55106-9" codeSystem="2.16.840.1.113883.6.1" displayName="OTC - ACTIVE INGREDIENT SECTION"/>
               <title>Active ingredient (in each capsule)</title>
               <text>
                  <paragraph>
                     <content styleCode="bold">Naproxen sodium 220 mg </content>
                  </paragraph>
                  <paragraph>
                     <content styleCode="bold">(naproxen 200 mg) (NSAID)* </content>
                  </paragraph>
                  <paragraph>
                     <content styleCode="bold">*nonsteroidal anti-inflammatory drug</content>
                  </paragraph>
               </text>
               <effectiveTime value="20191104"/>
            </section>
         </component>
         <component>
            <section ID="LINK_e4a70b93-6e1e-499a-9a14-fc20a2913a4f">
               <id root="aa05090d-d7b1-45b4-827c-6e0dbe50895a"/>
               <code code="55105-1" codeSystem="2.16.840.1.113883.6.1" displayName="OTC - PURPOSE SECTION"/>
               <title>Purposes</title>
               <text>
                  <paragraph>
                     <content styleCode="bold">Pain reliever/fever reducer</content>
                  </paragraph>
               </text>
               <effectiveTime value="20191104"/>
            </section>
         </component>
         <component>
            <section ID="LINK_fc85fa8e-0867-4439-a591-f367bdbc0f4c">
               <id root="3ab99ebe-4129-4cc7-87b8-d459114db73f"/>
               <code code="34067-9" codeSystem="2.16.840.1.113883.6.1" displayName="INDICATIONS &amp; USAGE SECTION"/>
               <title>Uses</title>
               <text>
                  <list listType="unordered" styleCode="Disk">
                     <item>temporarily relieves minor aches and pains due to: 

<list listType="unordered" styleCode="Circle">
                           <item>minor pain of arthritis 

</item>
                           <item>muscular aches 

</item>
                           <item>backache 

</item>
                           <item>menstrual cramps 

</item>
                           <item>headache 

</item>
                           <item>toothache 

</item>
                           <item>the common cold</item>
                        </list>
                     </item>
                     <item>temporarily reduces fever </item>
                  </list>
               </text>
               <effectiveTime value="20191104"/>
            </section>
         </component>
         <component>
            <section ID="LINK_18134cd8-8b82-4b3e-840f-0b7075a55bdd">
               <id root="a2def1b1-cc46-4a8d-82b6-1db28a2d9c9f"/>
               <code code="34071-1" codeSystem="2.16.840.1.113883.6.1" displayName="WARNINGS SECTION"/>
               <title>Warnings</title>
               <text>
                  <paragraph>
                     <content styleCode="bold">Allergy alert:</content> Naproxen sodium may cause a severe allergic reaction, especially in people allergic to aspirin. Symptoms may include:</paragraph>
                  <list listType="unordered" styleCode="Disk">
                     <item>hives 

</item>
                     <item>facial swelling 

</item>
                     <item>asthma (wheezing) 

</item>
                     <item>shock 

</item>
                     <item>skin reddening 

</item>
                     <item>rash 

</item>
                     <item>blisters</item>
                  </list>
                  <paragraph>If an allergic reaction occurs, stop use and seek medical help right away.</paragraph>
                  <paragraph>
                     <content styleCode="bold">Stomach bleeding warning:</content> This product contains an NSAID, which may cause severe stomach bleeding. The chance is higher if you:</paragraph>
                  <list listType="unordered" styleCode="Disk">
                     <item>are age 60 or older 

</item>
                     <item>have had stomach ulcers or bleeding problems 

</item>
                     <item>take a blood thinning (anticoagulant) or steroid drug 

</item>
                     <item>have 3 or more alcoholic drinks every day while using this product 

</item>
                     <item>take other drugs containing prescription or nonprescription NSAIDs (aspirin, ibuprofen, naproxen, or others) 

</item>
                     <item>take more or for a longer time than directed</item>
                  </list>
               </text>
               <effectiveTime value="20191104"/>
               <component>
                  <section ID="LINK_fa9dbf2a-2127-4fc5-9a86-e292af75e4c0">
                     <id root="9da49caf-5a64-4af9-b556-aa65a7b5e31e"/>
                     <code code="50570-1" codeSystem="2.16.840.1.113883.6.1" displayName="OTC - DO NOT USE SECTION"/>
                     <title>Do not use</title>
                     <text>
                        <list listType="unordered" styleCode="Disk">
                           <item>if you have ever had an allergic reaction to any other pain reliever/fever reducer 

</item>
                           <item>right before or after heart surgery</item>
                        </list>
                     </text>
                     <effectiveTime value="20191104"/>
                  </section>
               </component>
               <component>
                  <section ID="LINK_d8cce4f5-25ed-497a-8c2c-b8378538d93f">
                     <id root="e31949cd-c604-4a82-93d5-ef6f815c7111"/>
                     <code code="50569-3" codeSystem="2.16.840.1.113883.6.1" displayName="OTC - ASK DOCTOR SECTION"/>
                     <title>Ask a doctor before use if</title>
                     <text>
                        <list listType="unordered" styleCode="Disk">
                           <item>the stomach bleeding warning applies to you

</item>
                           <item>you have a history of stomach problems, such as heartburn

</item>
                           <item>you have high blood pressure, heart disease, liver cirrhosis, or kidney disease

</item>
                           <item>you are taking a diuretic

</item>
                           <item>you have problems or serious side effects from taking pain relievers or fever reducers

</item>
                           <item>you have asthma</item>
                        </list>
                     </text>
                     <effectiveTime value="20191104"/>
                  </section>
               </component>
               <component>
                  <section ID="LINK_e760563e-b559-43df-91b1-68345ef26226">
                     <id root="35eb98a4-0209-4cbd-b8f2-d06af9c2322d"/>
                     <code code="50568-5" codeSystem="2.16.840.1.113883.6.1" displayName="OTC - ASK DOCTOR/PHARMACIST SECTION"/>
                     <title>Ask a doctor or pharmacist before use if you are</title>
                     <text>
                        <list listType="unordered" styleCode="Disk">
                           <item>under a doctor’s care for any serious condition 

</item>
                           <item>taking any other drug</item>
                        </list>
                     </text>
                     <effectiveTime value="20191104"/>
                  </section>
               </component>
               <component>
                  <section ID="LINK_fc65dbe5-e5c4-4008-aa7e-0b663f2d44e8">
                     <id root="2e0158f8-f723-49a1-a1e9-8163555c878c"/>
                     <code code="50567-7" codeSystem="2.16.840.1.113883.6.1" displayName="OTC - WHEN USING SECTION"/>
                     <title>When using this product</title>
                     <text>
                        <list listType="unordered" styleCode="Disk">
                           <item>take with food or milk if stomach upset occurs 

</item>
                           <item>the risk of heart attack or stroke may increase if you use more than directed or for longer than directed</item>
                        </list>
                     </text>
                     <effectiveTime value="20191104"/>
                  </section>
               </component>
               <component>
                  <section ID="LINK_b15ded90-edce-4a5b-8cc4-290ca8556004">
                     <id root="bf54e044-9f58-42c6-b795-258ea6787ad3"/>
                     <code code="50566-9" codeSystem="2.16.840.1.113883.6.1" displayName="OTC - STOP USE SECTION"/>
                     <title>Stop use and ask a doctor if</title>
                     <text>
                        <list listType="unordered" styleCode="Disk">
                           <item>you experience any of the following signs of stomach bleeding: 

<list listType="unordered" styleCode="Circle">
                                 <item>feel faint 

</item>
                                 <item>have bloody or black stools 

</item>
                                 <item>vomit blood 

</item>
                                 <item>have stomach pain that does not get better</item>
                              </list>
                           </item>
                           <item>pain gets worse or lasts more than 10 days 

</item>
                           <item>fever gets worse or lasts more than 3 days 

</item>
                           <item>redness or swelling is present in the painful area 

</item>
                           <item>any new symptoms appear 

</item>
                           <item>you have difficulty swallowing 

</item>
                           <item>it feels like the capsule is stuck in your throat </item>
                        </list>
                     </text>
                     <effectiveTime value="20191104"/>
                  </section>
               </component>
               <component>
                  <section ID="LINK_22aa6328-64c4-4846-92f7-5ac701a263a1">
                     <id root="91768756-8cd5-4594-8a93-d9de8f271617"/>
                     <code code="53414-9" codeSystem="2.16.840.1.113883.6.1" displayName="OTC - PREGNANCY OR BREAST FEEDING SECTION"/>
                     <title>If pregnant or breast-feeding,</title>
                     <text>
                        <paragraph>ask a health professional before use. It is especially important not to use naproxen sodium during the last 3 months of pregnancy unless definitely directed to do so by a doctor because it may cause problems in the unborn child or complications during delivery.</paragraph>
                     </text>
                     <effectiveTime value="20191104"/>
                  </section>
               </component>
               <component>
                  <section ID="LINK_848c8001-244f-4cac-ba93-3f83ff203d20">
                     <id root="9713f057-05b8-409b-9878-22f0b6471b42"/>
                     <code code="50565-1" codeSystem="2.16.840.1.113883.6.1" displayName="OTC - KEEP OUT OF REACH OF CHILDREN SECTION"/>
                     <title>Keep out of reach of children.</title>
                     <text>
                        <paragraph>In case of overdose, get medical help or contact a Poison Control Center right away.</paragraph>
                     </text>
                     <effectiveTime value="20191104"/>
                  </section>
               </component>
            </section>
         </component>
         <component>
            <section ID="LINK_a20bb32a-e507-4333-a648-19808f6d4326">
               <id root="2bfe1cac-6d23-40c7-af53-65fd623e08cf"/>
               <code code="34068-7" codeSystem="2.16.840.1.113883.6.1" displayName="DOSAGE &amp; ADMINISTRATION SECTION"/>
               <title>Directions</title>
               <text>
                  <list listType="unordered" styleCode="Disk">
                     <item>
                        <content styleCode="bold">do not take more than directed </content>
                     </item>
                     <item>
                        <content styleCode="bold">the smallest effective dose should be used </content>
                     </item>
                     <item>drink a full glass of water with each dose 

</item>
                     <item>if taken with food, this product may take longer to work 

</item>
                     <item>adults and children 12 years and older: 

<list listType="unordered" styleCode="Circle">
                           <item>take 1 capsule every 8 to 12 hours while symptoms last 

</item>
                           <item>for the first dose you may take 2 capsules within the first hour 

</item>
                           <item>do not exceed 2 capsules in any 8- to 12-hour period 

</item>
                           <item>do not exceed 3 capsules in a 24-hour period</item>
                        </list>
                     </item>
                     <item>children under 12 years: ask a doctor</item>
                  </list>
               </text>
               <effectiveTime value="20191104"/>
            </section>
         </component>
         <component>
            <section ID="LINK_a2760a87-bb33-4501-b763-bc6ef11354d8">
               <id root="a8b633b0-e644-4a46-acb3-1b4aae4e33dc"/>
               <code code="44425-7" codeSystem="2.16.840.1.113883.6.1" displayName="STORAGE AND HANDLING SECTION"/>
               <title>Other information</title>
               <text>
                  <list listType="unordered" styleCode="Disk">
                     <item>
                        <content styleCode="bold">each capsule contains</content>: sodium 20 mg </item>
                     <item>swallow whole; do not crush, chew or dissolve 

</item>
                     <item>store at 20-25°C (68-77°F). Avoid high humidity and excessive heat above 40°C (104°F). 

</item>
                     <item>read all warnings and directions before use. Keep carton.</item>
                  </list>
               </text>
               <effectiveTime value="20191104"/>
            </section>
         </component>
         <component>
            <section ID="LINK_5c70687b-43d8-4d55-a76b-c5cfacb7e050">
               <id root="acd92ddf-ed32-4574-b558-0b1192378278"/>
               <code code="51727-6" codeSystem="2.16.840.1.113883.6.1" displayName="INACTIVE INGREDIENT SECTION"/>
               <title>Inactive ingredients</title>
               <text>
                  <paragraph>FD&amp;C blue #1, gelatin, glycerin, lactic acid, mannitol, pharmaceutical ink, polyethylene glycol 600, povidone K30, propylene glycol, purified water, sorbitan, sorbitol</paragraph>
               </text>
               <effectiveTime value="20191104"/>
            </section>
         </component>
         <component>
            <section ID="LINK_a4017410-6b2d-4923-8d79-7dbac6b666d9">
               <id root="25d02afd-5299-4262-b2d0-e80fbed97dd1"/>
               <code code="53413-1" codeSystem="2.16.840.1.113883.6.1" displayName="OTC - QUESTIONS SECTION"/>
               <title>Questions or comments?</title>
               <text>
                  <paragraph>Call <content styleCode="bold">1-877-153-3935 Monday-Friday 9AM-5PM EST<br/>
                     </content>
                  </paragraph>
               </text>
               <effectiveTime value="20191104"/>
            </section>
         </component>
         <component>
            <section ID="LINK_8a6201f4-dd9c-434f-97bc-26efd525d1b3">
               <id root="0485ae5b-3776-49b1-b406-20e202c348a2"/>
               <code code="51945-4" codeSystem="2.16.840.1.113883.6.1" displayName="PACKAGE LABEL.PRINCIPAL DISPLAY PANEL"/>
               <title>Principal Display Panel</title>
               <text>
                  <paragraph>Compare ours to the active ingredient in Aleve® Liquid Gels†</paragraph>
                  <paragraph>
                     <content styleCode="bold">All Day Pain Relief</content>
                  </paragraph>
                  <paragraph>Naproxen sodium capsules 220 mg (NSAID*)</paragraph>
                  <paragraph>Pain reliever/fever reducer</paragraph>
                  <paragraph>For 8-12 hours of relief</paragraph>
                  <paragraph>Liquid gels (liquid filled capsules)</paragraph>
                  <paragraph>†This product is not manufactured or dostributed by Bayer HealthCare, LLC., owner of the registered trademark Aleve® Liquid Gels.</paragraph>
                  <paragraph>Dsitributed by</paragraph>
                  <paragraph>Harmon Stores, Inc</paragraph>
                  <paragraph>650 Liberty Ave</paragraph>
                  <paragraph>Union, NJ 07083 USA</paragraph>
                  <paragraph>www.facevalues.com</paragraph>
                  <paragraph>TAMPER EVIDENT: DO NOT USE IF PRINTED SAFETY SEAL UNDER CAP IS BROKEN OR MISSING</paragraph>
                  <paragraph>KEEP OUTER CARTON FOR COMPLETE WARNINGS AND PRODUCT INFORMATION</paragraph>
               </text>
               <effectiveTime value="20191104"/>
            </section>
         </component>
         <component>
            <section ID="LINK_e12cbc4a-695e-49c8-a31d-00a06f68a326">
               <id root="06ce72ca-fddb-4307-a713-be3596a1bec6"/>
               <code code="51945-4" codeSystem="2.16.840.1.113883.6.1" displayName="PACKAGE LABEL.PRINCIPAL DISPLAY PANEL"/>
               <title>Product Label</title>
               <text>
                  <renderMultiMedia referencedObject="MM1">
                     <caption>Harmon All Day Pain Relief Softgels</caption>
                  </renderMultiMedia>
               </text>
               <effectiveTime value="20191104"/>
               <component>
                  <observationMedia ID="MM1">
                     <text>Naproxen sodium 220 mg</text>
                     <value xsi:type="ED" mediaType="image/jpeg">
                        <reference value="naproxen-sodium-220-mg-softgel-1.jpg"/>
                     </value>
                  </observationMedia>
               </component>
            </section>
         </component>
      </structuredBody>
   </component>
</document>