<?xml version="1.0" encoding="UTF-8"?><?xml-stylesheet href="http://www.accessdata.fda.gov/spl/stylesheet/spl.xsl" type="text/xsl"?>
<document xmlns="urn:hl7-org:v3" xmlns:xsi="http://www.w3.org/2001/XMLSchema-instance" xsi:schemaLocation="urn:hl7-org:v3 https://www.accessdata.fda.gov/spl/schema/spl.xsd">
   <id root="0a8c7e5c-72f1-408c-aa8b-aab005148349"/>
   <code code="34390-5" displayName="HUMAN OTC DRUG LABEL" codeSystem="2.16.840.1.113883.6.1"/>
   <title>DRUG FACTS</title>
   <effectiveTime value="20190821"/>
   <setId root="f4fceffd-22f8-400e-9bda-650f5319cd4a"/>
   <versionNumber value="2"/>
   <author>
      <time/>
      <assignedEntity>
         <representedOrganization>
            <id extension="006922009" root="1.3.6.1.4.1.519.1"/>
            <name>Publix Supermarkets, Inc.</name>
         </representedOrganization>
      </assignedEntity>
   </author>
   <component>
      <structuredBody>
         <component>
            <section>
               <id root="a48928ea-ff9c-4634-a68a-981940e30917"/>
               <code code="48780-1" displayName="SPL LISTING DATA ELEMENTS SECTION" codeSystem="2.16.840.1.113883.6.1"/>
               <effectiveTime value="20190821"/>
               <subject>
                  <manufacturedProduct>
                     <manufacturedProduct>
                        <code code="56062-121" codeSystem="2.16.840.1.113883.6.69"/>
                        <name>Ibuprofen</name>
                        <formCode code="C42954" displayName="CAPSULE, LIQUID FILLED" codeSystem="2.16.840.1.113883.3.26.1.1"/>
                        <asEntityWithGeneric>
                           <genericMedicine>
                              <name>Ibuprofen</name>
                           </genericMedicine>
                        </asEntityWithGeneric>
                        <ingredient classCode="ACTIB">
                           <quantity>
                              <numerator unit="mg" value="200"/>
                              <denominator unit="1" value="1"/>
                           </quantity>
                           <ingredientSubstance>
                              <code code="WK2XYI10QM" codeSystem="2.16.840.1.113883.4.9"/>
                              <name>IBUPROFEN</name>
                              <activeMoiety>
                                 <activeMoiety>
                                    <code code="WK2XYI10QM" codeSystem="2.16.840.1.113883.4.9"/>
                                    <name>IBUPROFEN</name>
                                 </activeMoiety>
                              </activeMoiety>
                           </ingredientSubstance>
                        </ingredient>
                        <ingredient classCode="IACT">
                           <ingredientSubstance>
                              <code code="H3R47K3TBD" codeSystem="2.16.840.1.113883.4.9"/>
                              <name>FD&amp;C BLUE NO. 1</name>
                           </ingredientSubstance>
                        </ingredient>
                        <ingredient classCode="IACT">
                           <ingredientSubstance>
                              <code code="2G86QN327L" codeSystem="2.16.840.1.113883.4.9"/>
                              <name>GELATIN</name>
                           </ingredientSubstance>
                        </ingredient>
                        <ingredient classCode="IACT">
                           <ingredientSubstance>
                              <code code="3WJQ0SDW1A" codeSystem="2.16.840.1.113883.4.9"/>
                              <name>POLYETHYLENE GLYCOL, UNSPECIFIED</name>
                           </ingredientSubstance>
                        </ingredient>
                        <ingredient classCode="IACT">
                           <ingredientSubstance>
                              <code code="WZH3C48M4T" codeSystem="2.16.840.1.113883.4.9"/>
                              <name>POTASSIUM HYDROXIDE</name>
                           </ingredientSubstance>
                        </ingredient>
                        <ingredient classCode="IACT">
                           <ingredientSubstance>
                              <code code="059QF0KO0R" codeSystem="2.16.840.1.113883.4.9"/>
                              <name>WATER</name>
                           </ingredientSubstance>
                        </ingredient>
                        <ingredient classCode="IACT">
                           <ingredientSubstance>
                              <code code="506T60A25R" codeSystem="2.16.840.1.113883.4.9"/>
                              <name>SORBITOL</name>
                           </ingredientSubstance>
                        </ingredient>
                        <asContent>
                           <quantity>
                              <numerator unit="1" value="40"/>
                              <denominator value="1"/>
                           </quantity>
                           <containerPackagedProduct>
                              <code/>
                              <formCode code="C43173" displayName="BOTTLE, PLASTIC" codeSystem="2.16.840.1.113883.3.26.1.1"/>
                              <asContent>
                                 <quantity>
                                    <numerator unit="1" value="1"/>
                                    <denominator value="1"/>
                                 </quantity>
                                 <containerPackagedProduct>
                                    <code code="56062-121-40" codeSystem="2.16.840.1.113883.6.69"/>
                                    <formCode code="C43178" displayName="BOX" codeSystem="2.16.840.1.113883.3.26.1.1"/>
                                 </containerPackagedProduct>
                                 <subjectOf>
                                    <marketingAct>
                                       <code code="C53292" codeSystem="2.16.840.1.113883.3.26.1.1"/>
                                       <statusCode code="completed"/>
                                       <effectiveTime>
                                          <low value="20120703"/>
                                          <high value="20201231"/>
                                       </effectiveTime>
                                    </marketingAct>
                                 </subjectOf>
                              </asContent>
                           </containerPackagedProduct>
                           <subjectOf>
                              <characteristic>
                                 <code code="SPLCMBPRDTP" codeSystem="2.16.840.1.113883.1.11.19255"/>
                                 <value code="C112160" displayName="Type 0: Not a Combination Product" codeSystem="2.16.840.1.113883.3.26.1.1" xsi:type="CV"/>
                              </characteristic>
                           </subjectOf>
                        </asContent>
                     </manufacturedProduct>
                     <subjectOf>
                        <approval>
                           <id extension="ANDA202300" root="2.16.840.1.113883.3.150"/>
                           <code code="C73584" displayName="ANDA" codeSystem="2.16.840.1.113883.3.26.1.1"/>
                           <author>
                              <territorialAuthority>
                                 <territory>
                                    <code code="USA" codeSystem="2.16.840.1.113883.5.28"/>
                                 </territory>
                              </territorialAuthority>
                           </author>
                        </approval>
                     </subjectOf>
                     <subjectOf>
                        <marketingAct>
                           <code code="C53292" codeSystem="2.16.840.1.113883.3.26.1.1"/>
                           <statusCode code="completed"/>
                           <effectiveTime>
                              <low value="20120703"/>
                              <high value="20201231"/>
                           </effectiveTime>
                        </marketingAct>
                     </subjectOf>
                     <subjectOf>
                        <characteristic classCode="OBS">
                           <code code="SPLCOLOR" codeSystem="2.16.840.1.113883.1.11.19255"/>
                           <value code="C48333" displayName="BLUE" codeSystem="2.16.840.1.113883.3.26.1.1" xsi:type="CV"/>
                        </characteristic>
                     </subjectOf>
                     <subjectOf>
                        <characteristic classCode="OBS">
                           <code code="SPLIMPRINT" codeSystem="2.16.840.1.113883.1.11.19255"/>
                           <value xsi:type="ST">A356</value>
                        </characteristic>
                     </subjectOf>
                     <subjectOf>
                        <characteristic classCode="OBS">
                           <code code="SPLSCORE" codeSystem="2.16.840.1.113883.1.11.19255"/>
                           <value value="1" xsi:type="INT"/>
                        </characteristic>
                     </subjectOf>
                     <subjectOf>
                        <characteristic classCode="OBS">
                           <code code="SPLSHAPE" codeSystem="2.16.840.1.113883.1.11.19255"/>
                           <value code="C48336" displayName="CAPSULE" codeSystem="2.16.840.1.113883.3.26.1.1" xsi:type="CV"/>
                        </characteristic>
                     </subjectOf>
                     <subjectOf>
                        <characteristic classCode="OBS">
                           <code code="SPLSIZE" codeSystem="2.16.840.1.113883.1.11.19255"/>
                           <value unit="mm" value="19" xsi:type="PQ"/>
                        </characteristic>
                     </subjectOf>
                     <consumedIn>
                        <substanceAdministration>
                           <routeCode code="C38288" displayName="ORAL" codeSystem="2.16.840.1.113883.3.26.1.1"/>
                        </substanceAdministration>
                     </consumedIn>
                  </manufacturedProduct>
               </subject>
            </section>
         </component>
         <component>
            <section ID="LINK_e990bb64-f4f3-470a-a634-0cc6b0ed61bb">
               <id root="a1ad787b-9ff8-433d-a836-6265528a2daf"/>
               <code code="55106-9" codeSystem="2.16.840.1.113883.6.1" displayName="OTC - ACTIVE INGREDIENT SECTION"/>
               <title>Active ingredient (in each capsule)</title>
               <text>
                  <paragraph>Solubilized ibuprofen equal to 200 mg ibuprofen (NSAID)*</paragraph>
                  <paragraph>(present as the free acid and potassium salt)<br/>*nonsteroidal anti-inflammatory drug</paragraph>
               </text>
               <effectiveTime value="20190821"/>
            </section>
         </component>
         <component>
            <section ID="LINK_7ea7deb5-14f3-450c-bad0-a7540a6dfbe9">
               <id root="20f8a67a-26af-49b1-bdd1-397ef0afe6ec"/>
               <code code="55105-1" codeSystem="2.16.840.1.113883.6.1" displayName="OTC - PURPOSE SECTION"/>
               <title>Purpose</title>
               <text>
                  <paragraph>Pain reliever/ fever reducer</paragraph>
               </text>
               <effectiveTime value="20190821"/>
            </section>
         </component>
         <component>
            <section ID="LINK_ae9f4522-d8d2-46c0-bcb5-25cec55b6d36">
               <id root="76444c0f-ebd0-401a-88a3-52784c2ff447"/>
               <code code="34067-9" codeSystem="2.16.840.1.113883.6.1" displayName="INDICATIONS &amp; USAGE SECTION"/>
               <title>Uses</title>
               <text>
                  <list listType="unordered" styleCode="Disk">
                     <item>temporarily relieves minor aches and pains due to:
</item>
                     <item>headache
</item>
                     <item>backache</item>
                     <item>the common cold</item>
                     <item>minor pain of arthritis</item>
                     <item>temporarily reduces fever</item>
                     <item>toothache</item>
                     <item>menstrual cramps</item>
                     <item>muscular aches</item>
                  </list>
               </text>
               <effectiveTime value="20190821"/>
            </section>
         </component>
         <component>
            <section ID="LINK_a2268c7a-a058-4ac1-ad9a-737247380590">
               <id root="53f9bd52-0a27-4ae3-9596-14aad9f601d2"/>
               <code code="34071-1" codeSystem="2.16.840.1.113883.6.1" displayName="WARNINGS SECTION"/>
               <title>Warnings</title>
               <text>
                  <paragraph>
                     <content styleCode="bold">Allergy alert</content>: Ibuprofen may cause a severe allergic reaction, especially in people allergic to aspirin. Symptoms may include:</paragraph>
                  <list listType="unordered" styleCode="Disk">
                     <item>hives 
</item>
                     <item>facial swelling
</item>
                     <item>asthma (wheezing)
</item>
                     <item>shock
</item>
                     <item>skin reddening
</item>
                     <item>rash
</item>
                     <item>blisters</item>
                  </list>
                  <paragraph>If an allergic reaction occurs, stop use and seek medical help right away</paragraph>
                  <paragraph>
                     <content styleCode="bold">Stomach bleeding warning</content>: This product contains an NSAID, which may cause severe stomach bleeding. The chance is higher if you:</paragraph>
                  <list listType="unordered" styleCode="Disk">
                     <item>are age 60 or older
</item>
                     <item>have had stomach ulcers or bleeding problems
</item>
                     <item>take a blood thinning (anticoagulant) or steroid drug
</item>
                     <item>take other drugs containing prescription or nonprescription NSAIDs [aspirin, ibuprofen, naproxen, or others
</item>
                     <item>have 3 or more alcoholic drinks every day while using this product
</item>
                     <item>take more or for a longer time than directed</item>
                  </list>
               </text>
               <effectiveTime value="20190821"/>
               <component>
                  <section ID="LINK_d3df950c-2c01-44ce-bbc2-a7c83cbfc6f6">
                     <id root="d63bc739-c9a5-4a2b-a85f-5a18702fe35b"/>
                     <code code="50570-1" codeSystem="2.16.840.1.113883.6.1" displayName="OTC - DO NOT USE SECTION"/>
                     <title>Do not use</title>
                     <text>
                        <list listType="unordered" styleCode="Disk">
                           <item>if you have ever had an allergic reaction to any other pain reliever/fever reducer
</item>
                           <item>right before or after heart surgery</item>
                        </list>
                     </text>
                     <effectiveTime value="20190821"/>
                  </section>
               </component>
               <component>
                  <section ID="LINK_49593186-8764-4732-9abc-df26aad118a5">
                     <id root="90f8eb2e-772e-4310-ab58-ae23c14d1652"/>
                     <code code="50569-3" codeSystem="2.16.840.1.113883.6.1" displayName="OTC - ASK DOCTOR SECTION"/>
                     <title>Ask a doctor before use if</title>
                     <text>
                        <list listType="unordered" styleCode="Disk">
                           <item>stomach bleeding warning applies to you
</item>
                           <item>you have problems or serious side effects from taking pain relievers or fever reducers
</item>
                           <item>you have a history of stomach problems, such as heartburn
</item>
                           <item>you have high blood pressure, heart disease, liver cirrhosis, kidney disease or asthma
</item>
                           <item>you are taking a diuretic</item>
                        </list>
                     </text>
                     <effectiveTime value="20190821"/>
                  </section>
               </component>
               <component>
                  <section ID="LINK_1a2e2b6d-350e-46fb-a147-7c61955da625">
                     <id root="558b3703-37f3-4553-836d-e957ac0b7b08"/>
                     <code code="50568-5" codeSystem="2.16.840.1.113883.6.1" displayName="OTC - ASK DOCTOR/PHARMACIST SECTION"/>
                     <title>Ask a doctor or pharmacist before use if</title>
                     <text>
                        <list listType="unordered" styleCode="Disk">
                           <item>under a doctor's care for any serious condition
</item>
                           <item>taking aspirin for heart attack or stroke, because ibuprofen may decrease this benefit of aspirin
</item>
                           <item>taking any other drug</item>
                        </list>
                     </text>
                     <effectiveTime value="20190821"/>
                  </section>
               </component>
               <component>
                  <section ID="LINK_4b9b5b2e-538a-466f-a08a-f6e79d6a62f7">
                     <id root="4f75ff8d-5252-4c4b-93c2-a783d4f3e557"/>
                     <code code="50567-7" codeSystem="2.16.840.1.113883.6.1" displayName="OTC - WHEN USING SECTION"/>
                     <title>When using this product</title>
                     <text>
                        <list listType="unordered" styleCode="Disk">
                           <item>take with food or milk if stomach upset occurs
</item>
                           <item>the risk of heart attack or stroke may increase if you use more than directed or for longer than directed</item>
                        </list>
                     </text>
                     <effectiveTime value="20190821"/>
                  </section>
               </component>
               <component>
                  <section ID="LINK_1f9a342f-f3e1-4d64-90f7-772efa63fc3a">
                     <id root="cb2c2425-6faf-46ed-9be3-38a1fb8b748d"/>
                     <code code="50566-9" codeSystem="2.16.840.1.113883.6.1" displayName="OTC - STOP USE SECTION"/>
                     <title>Stop use and ask a doctor if</title>
                     <text>
                        <list listType="unordered" styleCode="Disk">
                           <item>you experience any of the following signs of stomach bleeding:
</item>
                           <item>feel faint
</item>
                           <item>vomit blood</item>
                           <item>have bloody or black stools
</item>
                           <item>have stomach pain that does not get better
</item>
                           <item>pain gets worse or lasts more than 10 days
</item>
                           <item>fever gets worse or lasts more than 3 days
</item>
                           <item>redness or swelling is present in the painful area
</item>
                           <item>any new symptoms appear</item>
                        </list>
                     </text>
                     <effectiveTime value="20190821"/>
                  </section>
               </component>
               <component>
                  <section ID="LINK_ca5917ee-ee87-4e3e-8852-bfcda4fac906">
                     <id root="a5ae2466-dc0d-419b-9232-a9f948d9406e"/>
                     <code code="53414-9" codeSystem="2.16.840.1.113883.6.1" displayName="OTC - PREGNANCY OR BREAST FEEDING SECTION"/>
                     <title>If pregnant or breast- feeding</title>
                     <text>
                        <paragraph>ask a health professional before use. It is especially important not to use ibuprofen during the last 3 months of pregnancy unless definitely directed to do so by a doctor because it may cause problems in the unborn child or complications during delivery</paragraph>
                     </text>
                     <effectiveTime value="20190821"/>
                  </section>
               </component>
               <component>
                  <section ID="LINK_d8861824-43a2-442b-8211-b7f9e6c7f2f0">
                     <id root="25e27a35-ffa5-480d-8e94-84471f7bbea0"/>
                     <code code="50565-1" codeSystem="2.16.840.1.113883.6.1" displayName="OTC - KEEP OUT OF REACH OF CHILDREN SECTION"/>
                     <title>Keep out of reach of children</title>
                     <text>
                        <paragraph>In case of overdose, get medical help or contact a Poison Control Center (1-800-222-1222) right away.</paragraph>
                     </text>
                     <effectiveTime value="20190821"/>
                  </section>
               </component>
            </section>
         </component>
         <component>
            <section ID="LINK_f147eb08-8e1a-4434-97c9-27ef2ec1f43b">
               <id root="69f34649-2a27-4bb5-b0b3-8237c50bd7ea"/>
               <code code="34068-7" codeSystem="2.16.840.1.113883.6.1" displayName="DOSAGE &amp; ADMINISTRATION SECTION"/>
               <title>Directions</title>
               <text>
                  <list listType="unordered" styleCode="Disk">
                     <item>
                        <content styleCode="bold">do not take more than directed</content>
                     </item>
                     <item>
                        <content styleCode="bold">the smallest effective dose should be used</content>
                     </item>
                     <item>adults and children 12 years and over: take 1 capsule every 4 to 6 hours while symptoms persist
</item>
                     <item>if pain or fever does not respond to 1 capsule, 2 capsules may be used
</item>
                     <item>do not exceed 6 capsules in 24 hours, unless directed by a doctor
</item>
                     <item>children under 12 years: ask a doctor</item>
                  </list>
               </text>
               <effectiveTime value="20190821"/>
            </section>
         </component>
         <component>
            <section ID="LINK_10e46327-2fcf-4915-8d5c-3259d12f5c8f">
               <id root="150ac09f-e864-4207-94a1-0ea250aa8fb6"/>
               <code code="60561-8" codeSystem="2.16.840.1.113883.6.1" displayName="OTHER SAFETY INFORMATION"/>
               <title>Other information</title>
               <text>
                  <list listType="unordered" styleCode="Disk">
                     <item>
                        <content styleCode="bold">each capsule contains</content>: potassium 20 mg
</item>
                     <item>read all warnings and directions before use. Keep carton
</item>
                     <item>store at 20° to 25°C (68° to 77°F)
</item>
                     <item>avoid excessive heat above 40°C (104°F). </item>
                  </list>
               </text>
               <effectiveTime value="20190821"/>
            </section>
         </component>
         <component>
            <section ID="LINK_c243a74f-4e60-4942-85b9-3c09a2f4a37d">
               <id root="3fe1b4d4-53a9-4135-8990-5a2e1c21482c"/>
               <code code="51727-6" codeSystem="2.16.840.1.113883.6.1" displayName="INACTIVE INGREDIENT SECTION"/>
               <title>Inactive ingredients</title>
               <text>
                  <paragraph>FD&amp;C blue #1, gelatin, polyethylene glycol, potassium hydroxide, purified water, sorbitol</paragraph>
               </text>
               <effectiveTime value="20190821"/>
            </section>
         </component>
         <component>
            <section ID="LINK_c90ab7fb-12ea-4492-81b2-e5f4ca065182">
               <id root="fd845ca2-0fd4-4d23-b67f-a8dade1bd9f7"/>
               <code code="42229-5" codeSystem="2.16.840.1.113883.6.1" displayName="SPL UNCLASSIFIED SECTION"/>
               <title>Principal Display Panel</title>
               <text>
                  <paragraph>Publix</paragraph>
                  <paragraph>Ibuprofen Capsules, 200 mg</paragraph>
                  <paragraph>Pain reliever/ fever reducer (NSAID)</paragraph>
                  <paragraph>40 CAPSULES**</paragraph>
                  <paragraph>(**soft gelatin liquid filled capsules)</paragraph>
                  <paragraph>†Compare to the active ingredient in Advil® Liqui- Gels®</paragraph>
                  <paragraph>†This product is not manufactured or distributed by Pfizer consumer healthcare, owner of the registered trademark Advil®</paragraph>
                  <paragraph>DISTRIBUTED BY PUBLIX SUPERMARKETS, INC.</paragraph>
                  <paragraph>3300 PUBLIX CORPORATE PARKWAY</paragraph>
                  <paragraph>LAKELAND, FL 33811</paragraph>
                  <paragraph>1-888-267-3037</paragraph>
                  <paragraph>PUBLIX.COM</paragraph>
                  <paragraph>PUBLIX GURANTEE: COMPLETE SATISFACTION OR YOUR MONEY BACK</paragraph>
                  <paragraph>Manufactured by: Amneal Pharmaceuticals</paragraph>
                  <paragraph>KEEP OUTER CARTON FOR COMPLETE WARNINGS AND PRODUCT INFORMATION</paragraph>
                  <paragraph>Do not use if seal under cap imprinted with "SEALED FOR YOUR PROTECTION" is broken or missing.</paragraph>
               </text>
               <effectiveTime value="20190821"/>
            </section>
         </component>
         <component>
            <section ID="LINK_5ba8dda1-e2a1-4e27-923a-07d3a2bba7b5">
               <id root="87316425-2f77-40c8-9cda-108efc09b732"/>
               <code code="51945-4" codeSystem="2.16.840.1.113883.6.1" displayName="PACKAGE LABEL.PRINCIPAL DISPLAY PANEL"/>
               <title>Product Label</title>
               <text>
                  <paragraph> <renderMultiMedia referencedObject="MM1">
                        <caption>Ibuprofen Capsules 200 mg</caption>
                     </renderMultiMedia>
                  </paragraph>
               </text>
               <effectiveTime value="20190821"/>
               <component>
                  <observationMedia ID="MM1">
                     <text>publix ibuprofen capsules 200 mg 40 count</text>
                     <value xsi:type="ED" mediaType="image/jpeg">
                        <reference value="ibuprofen-capsules-40--aml-delisted-1.jpg"/>
                     </value>
                  </observationMedia>
               </component>
            </section>
         </component>
      </structuredBody>
   </component>
</document>