<?xml version="1.0" encoding="UTF-8"?><?xml-stylesheet href="http://www.accessdata.fda.gov/spl/stylesheet/spl.xsl" type="text/xsl"?>
<document xmlns="urn:hl7-org:v3" xmlns:xsi="http://www.w3.org/2001/XMLSchema-instance" xsi:schemaLocation="urn:hl7-org:v3 https://www.accessdata.fda.gov/spl/schema/spl.xsd">
   <id root="0bfba1b7-da95-46e1-9863-b863a28f28e3"/>
   <code code="34390-5" displayName="HUMAN OTC DRUG LABEL" codeSystem="2.16.840.1.113883.6.1"/>
   <title>Drug Facts</title>
   <effectiveTime value="20191210"/>
   <setId root="7e7f21a5-f3c1-4973-b57a-03e20b593e79"/>
   <versionNumber value="3"/>
   <author>
      <time/>
      <assignedEntity>
         <representedOrganization>
            <id extension="068331990" root="1.3.6.1.4.1.519.1"/>
            <name>Dolgencorp, Inc.  (DOLLAR GENERAL &amp; REXALL)</name>
         </representedOrganization>
      </assignedEntity>
   </author>
   <component>
      <structuredBody>
         <component>
            <section>
               <id root="8346a3ee-8c0b-43c5-bd3d-32fd1592ea58"/>
               <code code="48780-1" displayName="SPL LISTING DATA ELEMENTS SECTION" codeSystem="2.16.840.1.113883.6.1"/>
               <effectiveTime value="20191210"/>
               <subject>
                  <manufacturedProduct>
                     <manufacturedProduct>
                        <code code="55910-408" codeSystem="2.16.840.1.113883.6.69"/>
                        <name>Ibuprofen</name>
                        <formCode code="C42954" displayName="CAPSULE, LIQUID FILLED" codeSystem="2.16.840.1.113883.3.26.1.1"/>
                        <asEntityWithGeneric>
                           <genericMedicine>
                              <name>Ibuprofen</name>
                           </genericMedicine>
                        </asEntityWithGeneric>
                        <ingredient classCode="ACTIB">
                           <quantity>
                              <numerator unit="mg" value="200"/>
                              <denominator unit="1" value="1"/>
                           </quantity>
                           <ingredientSubstance>
                              <code code="WK2XYI10QM" codeSystem="2.16.840.1.113883.4.9"/>
                              <name>IBUPROFEN</name>
                              <activeMoiety>
                                 <activeMoiety>
                                    <code code="WK2XYI10QM" codeSystem="2.16.840.1.113883.4.9"/>
                                    <name>IBUPROFEN</name>
                                 </activeMoiety>
                              </activeMoiety>
                           </ingredientSubstance>
                        </ingredient>
                        <ingredient classCode="IACT">
                           <ingredientSubstance>
                              <code code="2G86QN327L" codeSystem="2.16.840.1.113883.4.9"/>
                              <name>GELATIN</name>
                           </ingredientSubstance>
                        </ingredient>
                        <ingredient classCode="IACT">
                           <ingredientSubstance>
                              <code code="3WJQ0SDW1A" codeSystem="2.16.840.1.113883.4.9"/>
                              <name>POLYETHYLENE GLYCOL, UNSPECIFIED</name>
                           </ingredientSubstance>
                        </ingredient>
                        <ingredient classCode="IACT">
                           <ingredientSubstance>
                              <code code="WZH3C48M4T" codeSystem="2.16.840.1.113883.4.9"/>
                              <name>POTASSIUM HYDROXIDE</name>
                           </ingredientSubstance>
                        </ingredient>
                        <ingredient classCode="IACT">
                           <ingredientSubstance>
                              <code code="059QF0KO0R" codeSystem="2.16.840.1.113883.4.9"/>
                              <name>WATER</name>
                           </ingredientSubstance>
                        </ingredient>
                        <ingredient classCode="IACT">
                           <ingredientSubstance>
                              <code code="506T60A25R" codeSystem="2.16.840.1.113883.4.9"/>
                              <name>SORBITOL</name>
                           </ingredientSubstance>
                        </ingredient>
                        <ingredient classCode="IACT">
                           <ingredientSubstance>
                              <code code="6O92ICV9RU" codeSystem="2.16.840.1.113883.4.9"/>
                              <name>SORBITAN</name>
                           </ingredientSubstance>
                        </ingredient>
                        <ingredient classCode="IACT">
                           <ingredientSubstance>
                              <code code="WZB9127XOA" codeSystem="2.16.840.1.113883.4.9"/>
                              <name>FD&amp;C RED NO. 40</name>
                           </ingredientSubstance>
                        </ingredient>
                        <ingredient classCode="IACT">
                           <ingredientSubstance>
                              <code code="H77VEI93A8" codeSystem="2.16.840.1.113883.4.9"/>
                              <name>FD&amp;C YELLOW NO. 6</name>
                           </ingredientSubstance>
                        </ingredient>
                        <ingredient classCode="IACT">
                           <ingredientSubstance>
                              <code code="3OWL53L36A" codeSystem="2.16.840.1.113883.4.9"/>
                              <name>MANNITOL</name>
                           </ingredientSubstance>
                        </ingredient>
                        <asContent>
                           <quantity>
                              <numerator unit="1" value="20"/>
                              <denominator value="1"/>
                           </quantity>
                           <containerPackagedProduct>
                              <code/>
                              <formCode code="C43173" displayName="BOTTLE, PLASTIC" codeSystem="2.16.840.1.113883.3.26.1.1"/>
                              <asContent>
                                 <quantity>
                                    <numerator unit="1" value="1"/>
                                    <denominator value="1"/>
                                 </quantity>
                                 <containerPackagedProduct>
                                    <code code="55910-408-20" codeSystem="2.16.840.1.113883.6.69"/>
                                    <formCode code="C43178" displayName="BOX" codeSystem="2.16.840.1.113883.3.26.1.1"/>
                                 </containerPackagedProduct>
                                 <subjectOf>
                                    <marketingAct>
                                       <code code="C53292" codeSystem="2.16.840.1.113883.3.26.1.1"/>
                                       <statusCode code="active"/>
                                       <effectiveTime>
                                          <low value="20160229"/>
                                       </effectiveTime>
                                    </marketingAct>
                                 </subjectOf>
                              </asContent>
                           </containerPackagedProduct>
                           <subjectOf>
                              <characteristic>
                                 <code code="SPLCMBPRDTP" codeSystem="2.16.840.1.113883.1.11.19255"/>
                                 <value code="C112160" displayName="Type 0: Not a Combination Product" codeSystem="2.16.840.1.113883.3.26.1.1" xsi:type="CV"/>
                              </characteristic>
                           </subjectOf>
                        </asContent>
                     </manufacturedProduct>
                     <subjectOf>
                        <approval>
                           <id extension="ANDA078682" root="2.16.840.1.113883.3.150"/>
                           <code code="C73584" displayName="ANDA" codeSystem="2.16.840.1.113883.3.26.1.1"/>
                           <author>
                              <territorialAuthority>
                                 <territory>
                                    <code code="USA" codeSystem="2.16.840.1.113883.5.28"/>
                                 </territory>
                              </territorialAuthority>
                           </author>
                        </approval>
                     </subjectOf>
                     <subjectOf>
                        <marketingAct>
                           <code code="C53292" codeSystem="2.16.840.1.113883.3.26.1.1"/>
                           <statusCode code="active"/>
                           <effectiveTime>
                              <low value="20160229"/>
                           </effectiveTime>
                        </marketingAct>
                     </subjectOf>
                     <subjectOf>
                        <characteristic classCode="OBS">
                           <code code="SPLCOLOR" codeSystem="2.16.840.1.113883.1.11.19255"/>
                           <value code="C48331" displayName="ORANGE" codeSystem="2.16.840.1.113883.3.26.1.1" xsi:type="CV"/>
                        </characteristic>
                     </subjectOf>
                     <subjectOf>
                        <characteristic classCode="OBS">
                           <code code="SPLIMPRINT" codeSystem="2.16.840.1.113883.1.11.19255"/>
                           <value xsi:type="ST">IB200</value>
                        </characteristic>
                     </subjectOf>
                     <subjectOf>
                        <characteristic classCode="OBS">
                           <code code="SPLSCORE" codeSystem="2.16.840.1.113883.1.11.19255"/>
                           <value value="1" xsi:type="INT"/>
                        </characteristic>
                     </subjectOf>
                     <subjectOf>
                        <characteristic classCode="OBS">
                           <code code="SPLSHAPE" codeSystem="2.16.840.1.113883.1.11.19255"/>
                           <value code="C48336" displayName="CAPSULE" codeSystem="2.16.840.1.113883.3.26.1.1" xsi:type="CV"/>
                        </characteristic>
                     </subjectOf>
                     <subjectOf>
                        <characteristic classCode="OBS">
                           <code code="SPLSIZE" codeSystem="2.16.840.1.113883.1.11.19255"/>
                           <value unit="mm" value="19" xsi:type="PQ"/>
                        </characteristic>
                     </subjectOf>
                     <consumedIn>
                        <substanceAdministration>
                           <routeCode code="C38288" displayName="ORAL" codeSystem="2.16.840.1.113883.3.26.1.1"/>
                        </substanceAdministration>
                     </consumedIn>
                  </manufacturedProduct>
               </subject>
            </section>
         </component>
         <component>
            <section ID="LINK_ff13bcf7-e414-444f-b46a-68c5fe010072">
               <id root="ae02e68e-9de1-430e-a5f4-6f33504f2e3a"/>
               <code code="55106-9" codeSystem="2.16.840.1.113883.6.1" displayName="OTC - ACTIVE INGREDIENT SECTION"/>
               <title>Active ingredient (in each capsule)</title>
               <text>
                  <paragraph>
                     <content styleCode="bold">Solubilized ibuprofen equal to 200 mg ibuprofen (NSAID)*</content>
                  </paragraph>
                  <paragraph>
                     <content styleCode="bold">(present as the free acid and potassium salt)<br/>*nonsteroidal anti-inflammatory drug</content>
                  </paragraph>
               </text>
               <effectiveTime value="20191210"/>
            </section>
         </component>
         <component>
            <section ID="LINK_71a8f904-8c20-4fa4-83fd-f997cfa32b34">
               <id root="2e3f9e86-2273-4851-b5b4-b515388b4e0e"/>
               <code code="55105-1" codeSystem="2.16.840.1.113883.6.1" displayName="OTC - PURPOSE SECTION"/>
               <title>Purpose</title>
               <text>
                  <paragraph>
                     <content styleCode="bold">Pain reliever/fever reducer</content>
                  </paragraph>
               </text>
               <effectiveTime value="20191210"/>
            </section>
         </component>
         <component>
            <section ID="LINK_366054ad-9f24-4b3a-bde0-8d781ec4fe59">
               <id root="64a3f042-a61e-4e96-8c28-d95395f31499"/>
               <code code="34067-9" codeSystem="2.16.840.1.113883.6.1" displayName="INDICATIONS &amp; USAGE SECTION"/>
               <title>Uses</title>
               <text>
                  <list listType="unordered" styleCode="Disk">
                     <item>temporarily relieves minor aches and pains due to: 
<list listType="unordered" styleCode="Circle">
                           <item>headache 
</item>
                           <item>muscular aches 
</item>
                           <item>minor pain of arthritis 
</item>
                           <item>toothache 
</item>
                           <item>backache 
</item>
                           <item>the common cold 
</item>
                           <item>menstrual cramps </item>
                        </list>
                     </item>
                     <item>temporarily reduces fever</item>
                  </list>
               </text>
               <effectiveTime value="20191210"/>
            </section>
         </component>
         <component>
            <section ID="LINK_060f38d9-09ec-458e-8802-3c920ae8a1ab">
               <id root="ee96a961-bbab-42ab-8cd7-6c3a8a698148"/>
               <code code="34071-1" codeSystem="2.16.840.1.113883.6.1" displayName="WARNINGS SECTION"/>
               <title>Warnings</title>
               <text>
                  <paragraph>
                     <content styleCode="bold">Allergy alert</content>: Ibuprofen may cause a severe allergic reaction, especially in people allergic to aspirin. Symptoms may include:</paragraph>
                  <list listType="unordered" styleCode="Disk">
                     <item>hives 
</item>
                     <item>facial swelling 
</item>
                     <item>asthma (wheezing) 
</item>
                     <item>shock 
</item>
                     <item>skin reddening 
</item>
                     <item>rash 
</item>
                     <item>blisters</item>
                  </list>
                  <paragraph>If an allergic reaction occurs, stop use and seek medical help right away.</paragraph>
                  <paragraph>
                     <content styleCode="bold">Stomach bleeding warning</content>: This product contains an NSAID, which may cause severe stomach bleeding. The chance is higher if you:</paragraph>
                  <list listType="unordered" styleCode="Disk">
                     <item>are age 60 or older 
</item>
                     <item>have had stomach ulcers or bleeding problems 
</item>
                     <item>take a blood thinning (anticoagulant) or steroid drug 
</item>
                     <item>take other drugs containing prescription or nonprescription NSAIDs [aspirin, ibuprofen, naproxen, or others] 
</item>
                     <item>have 3 or more alcoholic drinks every day while using this product 
</item>
                     <item>take more or for a longer time than directed</item>
                  </list>
               </text>
               <effectiveTime value="20191210"/>
               <component>
                  <section ID="LINK_377d2f27-c829-4931-ba6f-16b46822af63">
                     <id root="dbd28850-bb46-45e8-a4cc-a547cce54d2e"/>
                     <code code="50570-1" codeSystem="2.16.840.1.113883.6.1" displayName="OTC - DO NOT USE SECTION"/>
                     <title>Do not use</title>
                     <text>
                        <list listType="unordered" styleCode="Disk">
                           <item>if you have ever had an allergic reaction to any other pain reliever/fever reducer 
</item>
                           <item>right before or after heart surgery</item>
                        </list>
                     </text>
                     <effectiveTime value="20191210"/>
                  </section>
               </component>
               <component>
                  <section ID="LINK_46d2f65b-b333-4d0f-a73d-6ed5a61079ef">
                     <id root="26a8ff7c-0afa-4cc8-a7e1-06179b72f0ab"/>
                     <code code="50569-3" codeSystem="2.16.840.1.113883.6.1" displayName="OTC - ASK DOCTOR SECTION"/>
                     <title>Ask a doctor before use if</title>
                     <text>
                        <list listType="unordered" styleCode="Disk">
                           <item>the stomach bleeding warning applies to you 
</item>
                           <item>you have problems or serious side effects from taking pain relievers or fever reducers 
</item>
                           <item>you have a history of stomach problems, such as heartburn 
</item>
                           <item>you have high blood pressure, heart disease, liver cirrhosis, kidney disease or asthma 
</item>
                           <item>you are taking a diuretic</item>
                        </list>
                     </text>
                     <effectiveTime value="20191210"/>
                  </section>
               </component>
               <component>
                  <section ID="LINK_3681c005-cb4a-4735-a610-d9b70a14603b">
                     <id root="029a33f9-91eb-4e98-891c-310ba3f4fc61"/>
                     <code code="50568-5" codeSystem="2.16.840.1.113883.6.1" displayName="OTC - ASK DOCTOR/PHARMACIST SECTION"/>
                     <title>Ask a doctor or pharmacist before use if you are</title>
                     <text>
                        <list listType="unordered" styleCode="Disk">
                           <item>under a doctor's care for any serious condition 
</item>
                           <item>taking aspirin for heart attack or stroke, because ibuprofen may decrease this benefit of aspirin 
</item>
                           <item>taking any other drug</item>
                        </list>
                     </text>
                     <effectiveTime value="20191210"/>
                  </section>
               </component>
               <component>
                  <section ID="LINK_db9c134e-3376-4fcc-b7ea-fe3f228a92a5">
                     <id root="3d26cba2-6e0e-4981-a3b7-53a002ef06d9"/>
                     <code code="50567-7" codeSystem="2.16.840.1.113883.6.1" displayName="OTC - WHEN USING SECTION"/>
                     <title>When using this product</title>
                     <text>
                        <list listType="unordered" styleCode="Disk">
                           <item>take with food or milk if stomach upset occurs 
</item>
                           <item>the risk of heart attack or stroke may increase if you use more than directed or for longer than directed</item>
                        </list>
                     </text>
                     <effectiveTime value="20191210"/>
                  </section>
               </component>
               <component>
                  <section ID="LINK_85ec1c78-b235-43ea-8c57-2f18af725752">
                     <id root="6ffc6a4f-dc58-47ef-b093-a1ae64892a7a"/>
                     <code code="50566-9" codeSystem="2.16.840.1.113883.6.1" displayName="OTC - STOP USE SECTION"/>
                     <title>Stop use and ask a doctor if</title>
                     <text>
                        <list listType="unordered" styleCode="Disk">
                           <item>you experience any of the following signs of stomach bleeding: 
<list listType="unordered" styleCode="Circle">
                                 <item>feel faint 
</item>
                                 <item>have bloody or black stools 
</item>
                                 <item>vomit blood 
</item>
                                 <item>have stomach pain that does not get better </item>
                              </list>
                           </item>
                           <item>pain gets worse or lasts more than 10 days 
</item>
                           <item>fever gets worse or lasts more than 3 days 
</item>
                           <item>redness or swelling is present in the painful area 
</item>
                           <item>any new symptoms appear</item>
                        </list>
                     </text>
                     <effectiveTime value="20191210"/>
                  </section>
               </component>
               <component>
                  <section ID="LINK_06b1b732-714c-4ce2-8aa3-ba9c709900c7">
                     <id root="9b15d015-0ca2-42cd-94a3-dcc79f40e62d"/>
                     <code code="53414-9" codeSystem="2.16.840.1.113883.6.1" displayName="OTC - PREGNANCY OR BREAST FEEDING SECTION"/>
                     <title>If pregnant or breast-feeding,</title>
                     <text>
                        <paragraph>ask a health professional before use. It is especially important not to use ibuprofen during the last 3 months of pregnancy unless definitely directed to do so by a doctor because it may cause problems in the unborn child or complications during delivery.</paragraph>
                     </text>
                     <effectiveTime value="20191210"/>
                  </section>
               </component>
               <component>
                  <section ID="LINK_c121a0c4-8c59-4fe1-b29b-0bbfa56d7b44">
                     <id root="0f09ce56-05e0-4bbd-ae8d-fb5e8fd6d72f"/>
                     <code code="50565-1" codeSystem="2.16.840.1.113883.6.1" displayName="OTC - KEEP OUT OF REACH OF CHILDREN SECTION"/>
                     <title>Keep out of reach of children.</title>
                     <text>
                        <paragraph>In case of overdose, get medical help or contact a Poison Control Center right away.</paragraph>
                     </text>
                     <effectiveTime value="20191210"/>
                  </section>
               </component>
            </section>
         </component>
         <component>
            <section ID="LINK_e0efefec-19dd-4dba-9b72-32f7653bdcb7">
               <id root="313d9f87-c793-4a7b-b54d-385c7206e813"/>
               <code code="34068-7" codeSystem="2.16.840.1.113883.6.1" displayName="DOSAGE &amp; ADMINISTRATION SECTION"/>
               <title>Directions</title>
               <text>
                  <list listType="unordered" styleCode="Disk">
                     <item>
                        <content styleCode="bold">do not take more than directed</content>
                     </item>
                     <item>
                        <content styleCode="bold">the smallest effective dose should be used</content>
                     </item>
                     <item>adults and children 12 years and over: 
<list listType="unordered" styleCode="Circle">
                           <item>take 1 capsule every 4 to 6 hours while symptoms persist 
</item>
                           <item>if pain or fever does not respond to 1 capsule, 2 capsules may be used 
</item>
                           <item>do not exceed 6 capsules in 24 hours, unless directed by a doctor </item>
                        </list>
                     </item>
                     <item>children under 12 years: ask a doctor</item>
                  </list>
               </text>
               <effectiveTime value="20191210"/>
            </section>
         </component>
         <component>
            <section ID="LINK_67461d78-ed05-45f6-b29a-a08c5763a044">
               <id root="8f85ca53-d9c9-4a74-8348-b4c58b1b214d"/>
               <code code="60561-8" codeSystem="2.16.840.1.113883.6.1" displayName="OTHER SAFETY INFORMATION"/>
               <title>Other information</title>
               <text>
                  <list listType="unordered" styleCode="Disk">
                     <item>
                        <content styleCode="bold">each capsule contains:</content> potassium 20 mg </item>
                     <item>read all warnings and directions before use. Keep carton.
</item>
                     <item>store at 20° to 25°C (68° to 77°F) 
</item>
                     <item>avoid excessive heat above 40°C (104°F). Protect from light. </item>
                  </list>
               </text>
               <effectiveTime value="20191210"/>
            </section>
         </component>
         <component>
            <section ID="LINK_4be47fb9-3545-4d2e-90da-8e4b3393d280">
               <id root="fe672c2c-54ee-49bc-bc00-e8f2d6e6b998"/>
               <code code="51727-6" codeSystem="2.16.840.1.113883.6.1" displayName="INACTIVE INGREDIENT SECTION"/>
               <title>Inactive ingredients</title>
               <text>
                  <paragraph>FD&amp;C red #40, FD&amp;C yellow #6, gelatin, mannitol, pharmaceutical ink, polyethylene glycol 600, potassium hydroxide, purified water, sorbitan, sorbitol</paragraph>
               </text>
               <effectiveTime value="20191210"/>
            </section>
         </component>
         <component>
            <section ID="LINK_7193893f-413e-447a-9281-fbf7f8d06cf0">
               <id root="545b4b6f-3ce1-41db-a12a-be2dbdfa1322"/>
               <code code="53413-1" codeSystem="2.16.840.1.113883.6.1" displayName="OTC - QUESTIONS SECTION"/>
               <title>Questions or comments?</title>
               <text>
                  <paragraph>Call <content styleCode="bold">1-888-309-9030</content>
                  </paragraph>
               </text>
               <effectiveTime value="20191210"/>
            </section>
         </component>
         <component>
            <section ID="LINK_233c4318-fd5f-4b82-863c-6ef82cb3b0ff">
               <id root="bca857b1-214f-43c9-ba47-3409c9203b81"/>
               <code code="42229-5" codeSystem="2.16.840.1.113883.6.1" displayName="SPL UNCLASSIFIED SECTION"/>
               <title>Principal Display Panel</title>
               <text>
                  <paragraph>Compare to the active ingredient of Motrin®**</paragraph>
                  <paragraph>
                     <content styleCode="bold">Ibuprofen</content>
                  </paragraph>
                  <paragraph>Capsules, 200 mg</paragraph>
                  <paragraph>Pain reliever / Fever reducer (NSAID)</paragraph>
                  <paragraph>Softgels† </paragraph>
                  <paragraph>(†Liquid Filled Capsules)</paragraph>
                  <paragraph>
                     <content styleCode="bold">TAMPER EVIDENT: DO NOT USE IF PRINTED SAFETY SEAL UNDER CAP IS BROKEN OR MISSING</content>
                  </paragraph>
                  <paragraph>
                     <content styleCode="bold">KEEP OUTER CARTON FOR COMPLETE WARNINGS AND PRODUCT INFORMATION</content>
                  </paragraph>
                  <paragraph>**This product is not manufctured or distributed by McNeil Consumer Healthcare, owner of the registered trademark Motrin®</paragraph>
                  <paragraph>DISTRIBUTED BY DOLGENCORP, LLC</paragraph>
                  <paragraph>100 MISSION RIDGE, GOODLETTSVILLE, TN 37072</paragraph>
               </text>
               <effectiveTime value="20191210"/>
            </section>
         </component>
         <component>
            <section ID="LINK_8caa8e2a-0e09-44e6-bf85-1d5291f428f8">
               <id root="fcf526bd-ada9-4bb0-855d-ef0e588b963a"/>
               <code code="51945-4" codeSystem="2.16.840.1.113883.6.1" displayName="PACKAGE LABEL.PRINCIPAL DISPLAY PANEL"/>
               <title>Product Label</title>
               <text>
                  <renderMultiMedia referencedObject="MM1">
                     <caption>Dollar General Ibuprofen 200 mg Orange Capsules</caption>
                  </renderMultiMedia>
               </text>
               <effectiveTime value="20191210"/>
               <component>
                  <observationMedia ID="MM1">
                     <text>Solubilized ibuprofen equal to 200 mg ibuprofen (NSAID)* (present as the free acid and potassium salt) *nonsteroidal anti-inflammatory drug</text>
                     <value xsi:type="ED" mediaType="image/jpeg">
                        <reference value="ibuprofen-200-mg-orange-softgels-ban-1.jpg"/>
                     </value>
                  </observationMedia>
               </component>
            </section>
         </component>
      </structuredBody>
   </component>
</document>