<?xml version="1.0" encoding="UTF-8"?><?xml-stylesheet href="http://www.accessdata.fda.gov/spl/stylesheet/spl.xsl" type="text/xsl"?>
<document xmlns="urn:hl7-org:v3" xmlns:xsi="http://www.w3.org/2001/XMLSchema-instance" xsi:schemaLocation="urn:hl7-org:v3 http://www.accessdata.fda.gov/spl/schema/spl.xsd">
   <id root="0c01cb34-0d6b-4248-afde-82d4d934dabd"/>
   <code code="34391-3" codeSystem="2.16.840.1.113883.6.1" displayName="HUMAN PRESCRIPTION DRUG LABEL"/>
   <title>Naproxen Sodium Tablets, USP 275 mg and 550 mg</title>
   <effectiveTime value="20110103"/>
   <setId root="0c01cb34-0d6b-4248-afde-82d4d934dabd"/>
   <versionNumber value="1"/>
   <author>
      <time/>
      <assignedEntity>
         <representedOrganization>
            <id extension="118802834" root="1.3.6.1.4.1.519.1"/>
            <name>Rebel Distributors Corp</name>
            <assignedEntity>
               <assignedOrganization>
                  <assignedEntity>
                     <assignedOrganization>
                        <id extension="118802834" root="1.3.6.1.4.1.519.1"/>
                        <name>Rebel Distributors Corp</name>
                     </assignedOrganization>
                     <performance>
                        <actDefinition>
                           <code code="C73607" codeSystem="2.16.840.1.113883.3.26.1.1" displayName="RELABEL"/>
                        </actDefinition>
                     </performance>
                     <performance>
                        <actDefinition>
                           <code code="C73606" codeSystem="2.16.840.1.113883.3.26.1.1" displayName="REPACK"/>
                        </actDefinition>
                     </performance>
                  </assignedEntity>
               </assignedOrganization>
            </assignedEntity>
         </representedOrganization>
      </assignedEntity>
   </author>
   <component>
      <structuredBody>
         <component>
            <section>
               <id root="fbf13f1a-87f4-4221-8c08-aedcec5a5196"/>
               <code code="48780-1" codeSystem="2.16.840.1.113883.6.1" displayName="SPL listing data elements section"/>
               <effectiveTime value="20100922"/>
               <subject>
                  <manufacturedProduct>
                     <manufacturedProduct>
                        <code codeSystem="2.16.840.1.113883.6.69" code="21695-090"/>
                        <name>Naproxen Sodium</name>
                        <formCode code="C42998" codeSystem="2.16.840.1.113883.3.26.1.1" displayName="TABLET"/>
                        <asEntityWithGeneric>
                           <genericMedicine>
                              <name>Naproxen Sodium</name>
                           </genericMedicine>
                        </asEntityWithGeneric>
                        <asEquivalentEntity classCode="EQUIV">
                           <code code="C64637" codeSystem="2.16.840.1.113883.3.26.1.1"/>
                           <definingMaterialKind>
                              <code code="53746-194" codeSystem="2.16.840.1.113883.6.69"/>
                           </definingMaterialKind>
                        </asEquivalentEntity>
                        <ingredient classCode="ACTIB">
                           <quantity>
                              <numerator value="550" unit="mg"/>
                              <denominator value="1" unit="1"/>
                           </quantity>
                           <ingredientSubstance>
                              <code code="9TN87S3A3C" codeSystem="2.16.840.1.113883.4.9"/>
                              <name>NAPROXEN SODIUM</name>
                              <activeMoiety>
                                 <activeMoiety>
                                    <code code="57Y76R9ATQ" codeSystem="2.16.840.1.113883.4.9"/>
                                    <name>NAPROXEN</name>
                                 </activeMoiety>
                              </activeMoiety>
                           </ingredientSubstance>
                        </ingredient>
                        <ingredient classCode="IACT">
                           <ingredientSubstance>
                              <code code="M28OL1HH48" codeSystem="2.16.840.1.113883.4.9"/>
                              <name>CROSCARMELLOSE SODIUM</name>
                           </ingredientSubstance>
                        </ingredient>
                        <ingredient classCode="IACT">
                           <ingredientSubstance>
                              <code code="70097M6I30" codeSystem="2.16.840.1.113883.4.9"/>
                              <name>MAGNESIUM STEARATE</name>
                           </ingredientSubstance>
                        </ingredient>
                        <ingredient classCode="IACT">
                           <ingredientSubstance>
                              <code code="532B59J990" codeSystem="2.16.840.1.113883.4.9"/>
                              <name>POLYVINYL ALCOHOL</name>
                           </ingredientSubstance>
                        </ingredient>
                        <ingredient classCode="IACT">
                           <ingredientSubstance>
                              <code code="FZ989GH94E" codeSystem="2.16.840.1.113883.4.9"/>
                              <name>POVIDONE</name>
                           </ingredientSubstance>
                        </ingredient>
                        <ingredient classCode="IACT">
                           <ingredientSubstance>
                              <code code="7SEV7J4R1U" codeSystem="2.16.840.1.113883.4.9"/>
                              <name>TALC</name>
                           </ingredientSubstance>
                        </ingredient>
                        <ingredient classCode="IACT">
                           <ingredientSubstance>
                              <code code="15FIX9V2JP" codeSystem="2.16.840.1.113883.4.9"/>
                              <name>TITANIUM DIOXIDE</name>
                           </ingredientSubstance>
                        </ingredient>
                        <ingredient classCode="IACT">
                           <ingredientSubstance>
                              <code code="L06K8R7DQK" codeSystem="2.16.840.1.113883.4.9"/>
                              <name>FD&amp;C BLUE NO. 2</name>
                           </ingredientSubstance>
                        </ingredient>
                        <asContent>
                           <quantity>
                              <numerator value="14" unit="1">
                                 <translation code="C48542" codeSystem="2.16.840.1.113883.3.26.1.1" displayName="TABLET"/>
                              </numerator>
                              <denominator value="1"/>
                           </quantity>
                           <containerPackagedProduct>
                              <code code="21695-090-14" codeSystem="2.16.840.1.113883.6.69"/>
                              <formCode code="C43169" codeSystem="2.16.840.1.113883.3.26.1.1" displayName="BOTTLE"/>
                           </containerPackagedProduct>
                        </asContent>
                        <asContent>
                           <quantity>
                              <numerator value="20" unit="1">
                                 <translation code="C48542" codeSystem="2.16.840.1.113883.3.26.1.1" displayName="TABLET"/>
                              </numerator>
                              <denominator value="1"/>
                           </quantity>
                           <containerPackagedProduct>
                              <code code="21695-090-20" codeSystem="2.16.840.1.113883.6.69"/>
                              <formCode code="C43169" codeSystem="2.16.840.1.113883.3.26.1.1" displayName="BOTTLE"/>
                           </containerPackagedProduct>
                        </asContent>
                        <asContent>
                           <quantity>
                              <numerator value="28" unit="1">
                                 <translation code="C48542" codeSystem="2.16.840.1.113883.3.26.1.1" displayName="TABLET"/>
                              </numerator>
                              <denominator value="1"/>
                           </quantity>
                           <containerPackagedProduct>
                              <code code="21695-090-28" codeSystem="2.16.840.1.113883.6.69"/>
                              <formCode code="C43169" codeSystem="2.16.840.1.113883.3.26.1.1" displayName="BOTTLE"/>
                           </containerPackagedProduct>
                        </asContent>
                        <asContent>
                           <quantity>
                              <numerator value="30" unit="1">
                                 <translation code="C48542" codeSystem="2.16.840.1.113883.3.26.1.1" displayName="TABLET"/>
                              </numerator>
                              <denominator value="1"/>
                           </quantity>
                           <containerPackagedProduct>
                              <code code="21695-090-30" codeSystem="2.16.840.1.113883.6.69"/>
                              <formCode code="C43169" codeSystem="2.16.840.1.113883.3.26.1.1" displayName="BOTTLE"/>
                           </containerPackagedProduct>
                        </asContent>
                        <asContent>
                           <quantity>
                              <numerator value="56" unit="1">
                                 <translation code="C48542" codeSystem="2.16.840.1.113883.3.26.1.1" displayName="TABLET"/>
                              </numerator>
                              <denominator value="1"/>
                           </quantity>
                           <containerPackagedProduct>
                              <code code="21695-090-56" codeSystem="2.16.840.1.113883.6.69"/>
                              <formCode code="C43169" codeSystem="2.16.840.1.113883.3.26.1.1" displayName="BOTTLE"/>
                           </containerPackagedProduct>
                        </asContent>
                        <asContent>
                           <quantity>
                              <numerator value="60" unit="1">
                                 <translation code="C48542" codeSystem="2.16.840.1.113883.3.26.1.1" displayName="TABLET"/>
                              </numerator>
                              <denominator value="1"/>
                           </quantity>
                           <containerPackagedProduct>
                              <code code="21695-090-60" codeSystem="2.16.840.1.113883.6.69"/>
                              <formCode code="C43169" codeSystem="2.16.840.1.113883.3.26.1.1" displayName="BOTTLE"/>
                           </containerPackagedProduct>
                        </asContent>
                        <asContent>
                           <quantity>
                              <numerator value="90" unit="1">
                                 <translation code="C48542" codeSystem="2.16.840.1.113883.3.26.1.1" displayName="TABLET"/>
                              </numerator>
                              <denominator value="1"/>
                           </quantity>
                           <containerPackagedProduct>
                              <code code="21695-090-90" codeSystem="2.16.840.1.113883.6.69"/>
                              <formCode code="C43169" codeSystem="2.16.840.1.113883.3.26.1.1" displayName="BOTTLE"/>
                           </containerPackagedProduct>
                        </asContent>
                     </manufacturedProduct>
                     <subjectOf>
                        <approval>
                           <id extension="ANDA078432" root="2.16.840.1.113883.3.150"/>
                           <code code="C73584" codeSystem="2.16.840.1.113883.3.26.1.1" displayName="ANDA"/>
                           <author>
                              <territorialAuthority>
                                 <territory>
                                    <code code="USA" codeSystem="2.16.840.1.113883.5.28"/>
                                 </territory>
                              </territorialAuthority>
                           </author>
                        </approval>
                     </subjectOf>
                     <subjectOf>
                        <marketingAct>
                           <code code="C53292" codeSystem="2.16.840.1.113883.3.26.1.1"/>
                           <statusCode code="active"/>
                           <effectiveTime>
                              <low value="20070426"/>
                           </effectiveTime>
                        </marketingAct>
                     </subjectOf>
                     <subjectOf>
                        <characteristic classCode="OBS">
                           <code code="SPLCOLOR" codeSystem="2.16.840.1.113883.1.11.19255"/>
                           <value xsi:type="CE" code="C48333" codeSystem="2.16.840.1.113883.3.26.1.1" displayName="BLUE"/>
                        </characteristic>
                     </subjectOf>
                     <subjectOf>
                        <characteristic classCode="OBS">
                           <code code="SPLSIZE" codeSystem="2.16.840.1.113883.1.11.19255"/>
                           <value unit="mm" value="12" xsi:type="PQ"/>
                        </characteristic>
                     </subjectOf>
                     <subjectOf>
                        <characteristic classCode="OBS">
                           <code code="SPLSHAPE" codeSystem="2.16.840.1.113883.1.11.19255"/>
                           <value xsi:type="CE" code="C48345" codeSystem="2.16.840.1.113883.3.26.1.1" displayName="OVAL"/>
                        </characteristic>
                     </subjectOf>
                     <subjectOf>
                        <characteristic classCode="OBS">
                           <code code="SPLSCORE" codeSystem="2.16.840.1.113883.1.11.19255"/>
                           <value value="2" xsi:type="INT"/>
                        </characteristic>
                     </subjectOf>
                     <subjectOf>
                        <characteristic classCode="OBS">
                           <code code="SPLIMPRINT" codeSystem="2.16.840.1.113883.1.11.19255"/>
                           <value xsi:type="ST">IP;194</value>
                        </characteristic>
                     </subjectOf>
                     <consumedIn>
                        <substanceAdministration>
                           <routeCode code="C38288" codeSystem="2.16.840.1.113883.3.26.1.1" displayName="ORAL"/>
                        </substanceAdministration>
                     </consumedIn>
                  </manufacturedProduct>
               </subject>
            </section>
         </component>
         <component>
            <section ID="i4i_section_id_54470cce-7846-4ac5-aeca-a25259ab0469">
               <id root="43460e86-d478-447a-85a8-8affe19ea77d"/>
               <code codeSystem="2.16.840.1.113883.6.1" code="42229-5" displayName="SPL UNCLASSIFIED SECTION"/>
               <text>
                  <paragraph>
                     <content styleCode="bold">Rx Only</content>
                  </paragraph>
               </text>
               <effectiveTime value="20100922"/>
               <component>
                  <section ID="id_e905c6fb-ae42-4b71-b5ba-faebec29ee8d">
                     <id root="eb3d9009-7bf3-41a2-8db8-7a95cb861525"/>
                     <code code="34066-1" codeSystem="2.16.840.1.113883.6.1" displayName="Boxed Warning section"/>
                     <text>
                        <paragraph>
                           <content styleCode="bold">Cardiovascular Risk</content>• NSAIDs may cause an increased risk of serious cardiovascular thrombotic events, myocardial infarction, and stroke, which can be fatal. This risk may increase with duration of use. Patients with cardiovascular disease or risk factors for cardiovascular disease may be at greater risk (see <linkHtml href="#i4i_warnings_id_bcc3ac74-fd15-4f85-bb77-05224502985b">WARNINGS</linkHtml>).• Naproxen as Naproxen Sodium Tablets, USP is contraindicated for the treatment of peri-operative pain in the setting of coronary artery bypass graft (CABG) surgery (see <linkHtml href="#i4i_warnings_id_bcc3ac74-fd15-4f85-bb77-05224502985b">WARNINGS</linkHtml>).<content styleCode="bold">Gastrointestinal Risk</content>• NSAIDs cause an increased risk of serious gastrointestinal adverse events including bleeding, ulceration, and perforation of the stomach or intestines, which can be fatal. These events can occur at any time during use and without warning symptoms. Elderly patients are at greater risk for serious gastrointestinal events (see <linkHtml href="#i4i_warnings_id_bcc3ac74-fd15-4f85-bb77-05224502985b">WARNINGS</linkHtml>).</paragraph>
                     </text>
                     <effectiveTime value="20100922"/>
                  </section>
               </component>
            </section>
         </component>
         <component>
            <section ID="i4i_description_id_0ccdfcf4-679a-4f24-8c99-aa06e7d5e5e5">
               <id root="06fd4961-4dab-4064-b539-40c12148c119"/>
               <code codeSystem="2.16.840.1.113883.6.1" code="34089-3" displayName="DESCRIPTION SECTION"/>
               <title>
                  <content styleCode="bold">DESCRIPTION </content>
               </title>
               <text>
                  <paragraph>Naproxen is a propionic acid derivative related to the arylacetic acid group of nonsteroidal anti-inflammatory drugs.</paragraph>
                  <paragraph>The chemical name for naproxen sodium is (S)-6-methoxy-〈-methyl-2-naphthalene acetic acid, sodium salt. Naproxen sodium has the following structure:</paragraph>
                  <paragraph>
                     <content styleCode="bold">
                        <renderMultiMedia referencedObject="id_4e6cfc83-bf1e-455a-8860-ab308c8e6490"/>
                     </content>
                  </paragraph>
                  <paragraph>Naproxen sodium has a molecular weight of 252.23 and a molecular formula of C14H13NaO3.</paragraph>
                  <paragraph>Naproxen sodium is a white to creamy white, crystalline solid, freely soluble in water at neutral pH.</paragraph>
                  <paragraph>Naproxen Sodium Tablets, USP are available as blue tablets containing 275 mg of naproxen sodium and as blue tablets containing 550 mg of naproxen sodium. The inactive ingredients are</paragraph>
                  <paragraph>croscarmellose sodium, macrogol, magnesium stearate, polyvinly alcohol, povidone, talc, titanium dioxide and FD&amp;C Blue #2.</paragraph>
               </text>
               <effectiveTime value="20100922"/>
               <component>
                  <observationMedia ID="id_4e6cfc83-bf1e-455a-8860-ab308c8e6490">
                     <text>0dd2d4b5-figure-01</text>
                     <value xsi:type="ED" mediaType="image/jpeg">
                        <reference value="0c01cb34-0d6b-4248-afde-82d4d934dabd-01.jpg"/>
                     </value>
                  </observationMedia>
               </component>
            </section>
         </component>
         <component>
            <section ID="i4i_clinical_pharmacology_id_2b5f8758-c478-419d-b38e-afc5c8d08b1c">
               <id root="c8e1a3e8-b1fd-43a7-a118-07c79d096a60"/>
               <code codeSystem="2.16.840.1.113883.6.1" code="34090-1" displayName="CLINICAL PHARMACOLOGY SECTION"/>
               <title>
                  <content styleCode="bold">CLINICAL PHARMACOLOGY </content>
               </title>
               <text>
                  <paragraph>
                     <content styleCode="bold">Pharmacodynamics</content>
                  </paragraph>
                  <paragraph>Naproxen is a nonsteroidal anti-inflammatory drug (NSAID) with analgesic and antipyretic properties. The sodium salt of naproxen has been developed as a more rapidly absorbed formulation of naproxen for use as an analgesic. The mechanism of action of the naproxen anion, like that of other NSAIDs, is not completely understood but may be related to prostaglandin</paragraph>
                  <paragraph>synthetase inhibition.</paragraph>
                  <paragraph>
                     <content styleCode="bold">Pharmacokinetics</content>
                  </paragraph>
                  <paragraph>Naproxen sodium is rapidly and completely absorbed from the gastrointestinal tract with an in vivo bioavailability of 95%. The different dosage forms of naproxen are bioequivalent in terms of extent of absorption (AUC) and peak concentration (Cmax); however, the products do differ in their pattern of absorption. These differences between naproxen products are related to both the chemical form of naproxen used and its formulation. Even with the observed differences in pattern of absorption, the elimination half-life of naproxen is unchanged across products ranging from 12 to 17 hours. Steady-state levels of naproxen are reached in 4 to 5 days, and the degree of naproxen accumulation is consistent with this half-life. This suggests that the differences in pattern of release play only a negligible role in the attainment of steady-state plasma levels.</paragraph>
                  <paragraph>Absorption</paragraph>
                  <paragraph>
                     <content styleCode="italics">Immediate Release</content>
                  </paragraph>
                  <paragraph>After administration of naproxen sodium, peak plasma levels are attained in 1 to 2 hours. The difference in rates between the two products is due to the increased aqueous solubility of the sodium salt of naproxen used in naproxen sodium.</paragraph>
                  <paragraph>Distribution</paragraph>
                  <paragraph>Naproxen has a volume of distribution of 0.16 L/kg. At therapeutic levels naproxen is greater than 99% albumin bound. At doses of naproxen greater than 500 mg/day there is less than proportional increase in plasma levels due to an increase in clearance caused by saturation of plasma protein binding at higher doses (average trough Css 36.5, 49.2 and 56.4 mg/L with 500, 1000 and 1500 mg daily doses of naproxen, respectively). The naproxen anion has been found in the milk of lactating women at a concentration equivalent to approximately 1% of maximum naproxen concentration in plasma (see <content styleCode="bold">
                        <linkHtml href="#i4i_p_id_5b77e487-ece7-44da-a561-d2c896831748">PRECAUTIONS: Nursing Mothers</linkHtml>
                     </content>).</paragraph>
                  <paragraph>Metabolism</paragraph>
                  <paragraph>Naproxen is extensively metabolized in the liver to 6-0-desmethyl naproxen, and both parent and metabolites do not induce metabolizing enzymes. Both naproxen and 6-0-desmethyl naproxen are further metabolized to their respective acylglucuronide conjugated metabolites.</paragraph>
                  <paragraph>Excretion</paragraph>
                  <paragraph>The clearance of naproxen is 0.13 mL/min/kg. Approximately 95% of the naproxen from any dose is excreted in the urine, primarily as naproxen (&lt;1%), 6-0-desmethyl naproxen (&lt;1%) or their conjugates (66% to 92%). The plasma half-life of the naproxen anion in humans ranges from 12 to 17 hours. The corresponding half-lives of both naproxen’s metabolites and conjugates are shorter than 12 hours, and their rates of excretion have been found to coincide closely with the rate of naproxen disappearance from the plasma. Small amounts, 3% or less of the administered dose, are excreted in the feces. In patients with renal failure metabolites may accumulate (see <content styleCode="bold">
                        <linkHtml href="#i4i_p_id_14655312-bc07-4f52-bd15-46c6994b283a">WARNINGS: Renal Effects</linkHtml>
                     </content>).</paragraph>
                  <paragraph>Special Populations</paragraph>
                  <paragraph>
                     <content styleCode="italics">Pediatric Patients</content>
                  </paragraph>
                  <paragraph>In pediatric patients aged 5 to 16 years with arthritis, plasma naproxen levels following a 5 mg/kg single dose of naproxen suspension (see <content styleCode="bold">
                        <linkHtml href="#i4i_dosage_admin_id_3dea9589-4fd5-459a-bb9e-8bcfd86f2aeb">DOSAGE AND ADMINISTRATION</linkHtml>
                     </content>) were found to be similar to those found in normal adults following a 500 mg dose. The terminal half-life appears to be similar in pediatric and adult patients. Pharmacokinetic studies of naproxen were not performed in pediatric patients younger than 5 years of age. Pharmacokinetic parameters appear to be similar following administration of naproxen suspension or tablets in pediatric patients.</paragraph>
                  <paragraph>
                     <content styleCode="italics">Geriatric Patients</content>
                  </paragraph>
                  <paragraph>Studies indicate that although total plasma concentration of naproxen is unchanged, the unbound plasma fraction of naproxen is increased in the elderly, although the unbound fraction is &lt; 1% of the total naproxen concentration. Unbound trough naproxen concentrations in elderly subjects have been reported to range from 0.12% to 0.19% of total naproxen concentration, compared with 0.05% to 0.075% in younger subjects. The clinical significance of this finding is unclear, although it is possible that the increase in free naproxen concentration could be associated with an increase in the rate of adverse events per a given dosage in some elderly patients.</paragraph>
                  <paragraph>
                     <content styleCode="italics">Race</content>
                  </paragraph>
                  <paragraph>Pharmacokinetic differences due to race have not been studied.</paragraph>
                  <paragraph>
                     <content styleCode="italics">Hepatic Insufficiency</content>
                  </paragraph>
                  <paragraph>Naproxen pharmacokinetics has not been determined in subjects with hepatic insufficiency.</paragraph>
                  <paragraph>
                     <content styleCode="italics">Renal Insufficiency</content>
                  </paragraph>
                  <paragraph>Naproxen pharmacokinetics has not been determined in subjects with renal insufficiency. Given that naproxen, its metabolites and conjugates are primarily excreted by the kidney, the potential exists for naproxen metabolites to accumulate in the presence of renal insufficiency. Elimination of naproxen is decreased in patients with severe renal impairment. Naproxen containing products are not recommended for use in patients with moderate to severe and severe renal impairment (creatinine clearance &lt;30 mL/min) (see <content styleCode="bold">
                        <linkHtml href="#i4i_p_id_14655312-bc07-4f52-bd15-46c6994b283a">WARNINGS: Renal Effects</linkHtml>
                     </content>).</paragraph>
                  <paragraph>
                     <content styleCode="bold">CLINICAL STUDIES</content>
                  </paragraph>
                  <paragraph>
                     <content styleCode="bold">
                        <content styleCode="italics">General Information</content>
                     </content>
                  </paragraph>
                  <paragraph>Naproxen has been studied in patients with rheumatoid arthritis, osteoarthritis, juvenile arthritis, ankylosing spondylitis, tendonitis and bursitis, and acute gout. Improvement in patients treated for rheumatoid arthritis was demonstrated by a reduction in joint swelling, a reduction in duration of morning stiffness, a reduction in disease activity as assessed by both the investigator and patient, and by increased mobility as demonstrated by a reduction in walking time. Generally, response to naproxen has not been found to be dependent on age, sex, severity or duration of rheumatoid arthritis.</paragraph>
                  <paragraph>In patients with osteoarthritis, the therapeutic action of naproxen has been shown by a reduction in joint pain or tenderness, an increase in range of motion in knee joints, increased mobility as demonstrated by a reduction in walking time, and improvement in capacity to perform activities of daily living impaired by the disease.</paragraph>
                  <paragraph>In a clinical trial comparing standard formulations of naproxen 375 mg bid (750 mg a day) vs 750 mg bid (1500 mg/day), 9 patients in the 750 mg group terminated prematurely because of adverse events. Nineteen patients in the 1500 mg group terminated prematurely because of adverse events. Most of these adverse events were gastrointestinal events.</paragraph>
                  <paragraph>In clinical studies in patients with rheumatoid arthritis, osteoarthritis, and juvenile arthritis, naproxen has been shown to be comparable to aspirin and indomethacin in controlling the</paragraph>
                  <paragraph>aforementioned measures of disease activity, but the frequency and severity of the milder gastrointestinal adverse effects (nausea, dyspepsia, heartburn) and nervous system adverse effects (tinnitus, dizziness, lightheadedness) were less in naproxen-treated patients than in those treated with aspirin or indomethacin.</paragraph>
                  <paragraph>In patients with ankylosing spondylitis, naproxen has been shown to decrease night pain, morning stiffness and pain at rest. In double-blind studies the drug was shown to be as effective as aspirin, but with fewer side effects.</paragraph>
                  <paragraph>In patients with acute gout, a favorable response to naproxen was shown by significant clearing of inflammatory changes (e.g., decrease in swelling, heat) within 24 to 48 hours, as well as by relief of pain and tenderness.</paragraph>
                  <paragraph>Naproxen has been studied in patients with mild to moderate pain secondary to postoperative, orthopedic, postpartum episiotomy and uterine contraction pain and dysmenorrhea. Onset of pain relief can begin within 30 minutes in patients taking naproxen sodium. Analgesic effect was shown by such measures as reduction of pain intensity scores, increase in pain relief scores, decrease in numbers of patients requiring additional analgesic medication, and delay in time to remedication. The analgesic effect has been found to last for up to 12 hours.</paragraph>
                  <paragraph>Naproxen may be used safely in combination with gold salts and/or corticosteroids; however, in controlled clinical trials, when added to the regimen of patients receiving corticosteroids, it did not appear to cause greater improvement over that seen with corticosteroids alone. Whether naproxen has a “steroid-sparing” effect has not been adequately studied. When added to the regimen of patients receiving gold salts, naproxen did result in greater improvement. Its use in combination with salicylates is not recommended because there is evidence that aspirin increases the rate of excretion of naproxen and data are inadequate to demonstrate that naproxen and aspirin produce greater improvement over that achieved with aspirin alone. In addition, as with other NSAIDs, the combination may result in higher frequency of adverse events than demonstrated for either product alone.</paragraph>
                  <paragraph>In 51Cr blood loss and gastroscopy studies with normal volunteers, daily administration of 1100 mg of Naproxen Sodium Tablets, USP has been demonstrated to cause statistically significantly less gastric bleeding and erosion than 3250 mg of aspirin.</paragraph>
                  <paragraph>
                     <content styleCode="bold">
                        <content styleCode="italics">Geriatric Patients</content>
                     </content>
                  </paragraph>
                  <paragraph>The hepatic and renal tolerability of long-term naproxen administration was studied in two double-blind clinical trials involving 586 patients. Of the patients studied, 98 patients were age 65 and older and 10 of the 98 patients were age 75 and older. Naproxen was administered at doses of 375 mg twice daily or 750 mg twice daily for up to 6 months. Transient abnormalities of laboratory tests assessing hepatic and renal function were noted in some patients, although there were no differences noted in the occurrence of abnormal values among different age groups.</paragraph>
               </text>
               <effectiveTime value="20100922"/>
            </section>
         </component>
         <component>
            <section ID="i4i_indications_id_e201d48d-f44d-49dc-beb3-8b6990166c89">
               <id root="da7f25c4-b9ee-4ab7-9bdf-4c6ebe043039"/>
               <code codeSystem="2.16.840.1.113883.6.1" code="34067-9" displayName="INDICATIONS &amp; USAGE SECTION"/>
               <title>
                  <content styleCode="bold">INDICATIONS AND USAGE </content>
               </title>
               <text>
                  <paragraph>Carefully consider the potential benefits and risks of Naproxen Sodium Tablets, USP and other treatment options before deciding to use Naproxen Sodium Tablets, USP. Use the lowest effective dose for the shortest duration consistent with individual patient treatment goals (see <content styleCode="bold">
                        <linkHtml href="#i4i_warnings_id_bcc3ac74-fd15-4f85-bb77-05224502985b">WARNINGS</linkHtml>
                     </content>).</paragraph>
                  <paragraph>Naproxen suspension is recommended for juvenile rheumatoid arthritis in order to obtain the maximum dosage flexibility based on the patient's weight.</paragraph>
                  <paragraph>Naproxen as naproxen sodium tablets are indicated:</paragraph>
                  <paragraph>• For the relief of the signs and symptoms of rheumatoid arthritis</paragraph>
                  <paragraph>• For the relief of the signs and symptoms of osteoarthritis</paragraph>
                  <paragraph>• For the relief of the signs and symptoms of ankylosing spondylitis</paragraph>
                  <paragraph>• For the relief of the signs and symptoms of juvenile arthritis</paragraph>
                  <paragraph>• For relief of the signs and symptoms of tendonitis</paragraph>
                  <paragraph>• For relief of the signs and symptoms of bursitis</paragraph>
                  <paragraph>• For relief of the signs and symptoms of acute gout</paragraph>
                  <paragraph>• For the management of pain</paragraph>
                  <paragraph>• For the management of primary dysmenorrhea</paragraph>
               </text>
               <effectiveTime value="20100922"/>
            </section>
         </component>
         <component>
            <section ID="i4i_contraindications_id_5b229cca-91a0-4603-bd8d-0a5e7d08c392">
               <id root="117c51f6-ca2c-4d59-9ce4-f4b6e9c63cbf"/>
               <code codeSystem="2.16.840.1.113883.6.1" code="34070-3" displayName="CONTRAINDICATIONS SECTION"/>
               <title>
                  <content styleCode="bold">CONTRAINDICATIONS </content>
               </title>
               <text>
                  <paragraph>Naproxen Sodium Tablets, USP are contraindicated in patients with known hypersensitivity to naproxen and naproxen sodium.</paragraph>
                  <paragraph>Naproxen Sodium Tablets, USP should not be given to patients who have experienced asthma, urticaria, or allergic-type reactions after taking aspirin or other NSAIDs. Severe, rarely fatal,</paragraph>
                  <paragraph>anaphylactic-like reactions to NSAIDs have been reported in such patients (see <content styleCode="bold">
                        <linkHtml href="#i4i_p_id_dac1f68b-c0b3-4f23-bac4-505a6a44bb4e">WARNINGS: Anaphylactoid Reactions</linkHtml>
                     </content> and <content styleCode="bold">
                        <linkHtml href="#i4i_p_id_dceb81f2-4096-4bd8-a7be-97e3b592f5ad">PRECAUTIONS: Preexisting Asthma</linkHtml>
                     </content>).</paragraph>
                  <paragraph>Naproxen Sodium Tablets, USP are contraindicated for the treatment of peri-operative pain in the setting of coronary artery bypass graft (CABG) surgery (see <content styleCode="bold">
                        <linkHtml href="#i4i_warnings_id_bcc3ac74-fd15-4f85-bb77-05224502985b">WARNINGS</linkHtml>
                     </content>).</paragraph>
               </text>
               <effectiveTime value="20100922"/>
            </section>
         </component>
         <component>
            <section ID="i4i_warnings_id_bcc3ac74-fd15-4f85-bb77-05224502985b">
               <id root="d9aa228e-9f2c-4583-8022-6ea8bcd61b42"/>
               <code codeSystem="2.16.840.1.113883.6.1" code="34071-1" displayName="WARNINGS SECTION"/>
               <title>
                  <content styleCode="bold">WARNINGS </content>
               </title>
               <text>
                  <paragraph>
                     <content styleCode="bold">CARDIOVASCULAR EFFECTS</content>
                  </paragraph>
                  <paragraph>
                     <content styleCode="bold">
                        <content styleCode="italics">Cardiovascular Thrombotic Events</content>
                     </content>
                  </paragraph>
                  <paragraph>Clinical trials of several COX-2 selective and nonselective NSAIDs of up to three years duration have shown an increased risk of serious cardiovascular (CV) thrombotic events, myocardial infarction, and stroke, which can be fatal. All NSAIDs, both COX-2 selective and nonselective, may have a similar risk. Patients with known CV disease or risk factors for CV disease may be at greater risk. To minimize the potential risk for an adverse CV event in patients treated with an NSAID, the lowest effective dose should be used for the shortest duration possible. Physicians and patients should remain alert for the development of such events, even in the absence of previous CV symptoms. Patients should be informed about the signs and/or symptoms of serious CV events and the steps to take if they occur.</paragraph>
                  <paragraph>There is no consistent evidence that concurrent use of aspirin mitigates the increased risk of serious CV thrombotic events associated with NSAID use. The concurrent use of aspirin and an NSAID does increase the risk of serious GI events (see <content styleCode="bold">
                        <linkHtml href="#i4i_p_id_0a3549c4-f15f-4a9b-9583-98f9e868bcd0">Gastrointestinal Effects - Risk of Ulceration, Bleeding, and Perforation</linkHtml>
                     </content>).</paragraph>
                  <paragraph>Two large, controlled, clinical trials of a COX-2 selective NSAID for the treatment of pain in the first 10-14 days following CABG surgery found an increased incidence of myocardial infarction and stroke (see <content styleCode="bold">
                        <linkHtml href="#i4i_contraindications_id_5b229cca-91a0-4603-bd8d-0a5e7d08c392">CONTRAINDICATIONS</linkHtml>
                     </content>).</paragraph>
                  <paragraph>Hypertension</paragraph>
                  <paragraph>NSAIDs, including Naproxen Sodium Tablets, USP, can lead to onset of new hypertension or worsening of pre-existing hypertension, either of which may contribute to the increased incidence of CV events. Patients taking thiazides or loop diuretics may have impaired response to these therapies when taking NSAIDs. NSAIDs, including Naproxen Sodium Tablets, USP, should be used with caution in patients with hypertension. Blood pressure (BP) should be monitored closely during the initiation of NSAID treatment and throughout the course of therapy.</paragraph>
                  <paragraph>Congestive Heart Failure and Edema</paragraph>
                  <paragraph>Fluid retention, edema, and peripheral edema have been observed in some patients taking NSAIDs. Naproxen Sodium Tablets, USP should be used with caution in patients with fluid retention, hypertension, or heart failure. Since each Naproxen Sodium Tablets, USP contains 25 mg or 50 mg of sodium (about 1 mEq per each 250 mg of naproxen), this should be considered in patients whose overall intake of sodium must be severely restricted.</paragraph>
                  <paragraph>
                     <content styleCode="bold">Gastrointestinal Effects- Risk of Ulceration, Bleeding, and Perforation</content>
                  </paragraph>
                  <paragraph>NSAIDs, including Naproxen Sodium Tablets, USP, can cause serious gastrointestinal (GI) adverse events including inflammation, bleeding, ulceration, and perforation of the stomach, small intestine, or large intestine, which can be fatal.</paragraph>
                  <paragraph>These serious adverse events can occur at any time, with or without warning symptoms, in patients treated with NSAIDs. Only one in five patients, who develop a serious upper GI adverse event on NSAID therapy, is symptomatic. Upper GI ulcers, gross bleeding, or perforation caused by NSAIDs occur in approximately 1% of patients treated for 3-6 months, and in about 2-4% of patients treated for one year. These trends continue with longer duration of use, increasing the likelihood of developing a serious GI event at some time during the course of therapy. However, even short-term therapy is not without risk. The utility of periodic laboratory monitoring has not been demonstrated, nor has it been adequately assessed. Only 1 in 5 patients who develop a serious GI adverse event on NSAID therapy is symptomatic.</paragraph>
                  <paragraph>NSAIDs should be prescribed with extreme caution in those with a prior history of ulcer disease or gastrointestinal bleeding. Patients with a prior history of peptic ulcer disease and/or gastrointestinal bleeding who use NSAIDs have a greater than 10-fold increased risk for developing a GI bleed compared to patients with neither of these risk factors. Other factors that</paragraph>
                  <paragraph>increase the risk for GI bleeding in patients treated with NSAIDs include concomitant use of oral corticosteroids or anticoagulants, longer duration of NSAID therapy, smoking, use of alcohol, older age, and poor general health status. Most spontaneous reports of fatal GI events are in elderly or debilitated patients and therefore, special care should be taken in treating this population. To minimize the potential risk for an adverse GI event in patients treated with an NSAID, the lowest effective dose should be used for the shortest possible duration. Patients and physicians should remain alert for signs and symptoms of GI ulceration and bleeding during NSAID therapy and promptly initiate additional evaluation and treatment if a serious GI adverse event is suspected. This should include discontinuation of the NSAID until a serious GI adverse event is ruled out. For high risk patients, alternate therapies that do not involve NSAIDs should be considered.</paragraph>
                  <paragraph>
                     <content styleCode="bold">Renal Effects</content>
                  </paragraph>
                  <paragraph>Long-term administration of NSAIDs has resulted in renal papillary necrosis and other renal injury. Renal toxicity has also been seen in patients in whom renal prostaglandins have a compensatory role in the maintenance of renal perfusion. In these patients, administration of a nonsteroidal anti-inflammatory drug may cause a dose-dependent reduction in prostaglandin formation and, secondarily, in renal blood flow, which may precipitate overt renal decompensation. Patients at greatest risk of this reaction are those with impaired renal function, hypovolemia, heart failure, liver disfunction, salt depletion, those taking diuretics and ACE inhibitors, and the elderly. Discontinuation of nonsteroidal anti-inflammatory drug therapy is usually followed by recovery to the pretreatment state (see <content styleCode="bold">
                        <linkHtml href="#i4i_p_id_af0a7d87-1470-4210-9b1a-036a421b7b57">WARNINGS: Advanced Renal Disease</linkHtml>
                     </content>).</paragraph>
                  <paragraph>
                     <content styleCode="bold">Advanced Renal Disease</content>
                  </paragraph>
                  <paragraph>No information is available from controlled clinical studies regarding the use of Naproxen Sodium Tablets, USP in patients with advanced renal disease. Therefore, treatment with Naproxen</paragraph>
                  <paragraph>Sodium Tablets, USP is not recommended in these patients with advanced renal disease. If Naproxen Sodium Tablets, USP therapy must be initiated, close monitoring of the patient’s renal function is advisable.</paragraph>
                  <paragraph>
                     <content styleCode="bold">Anaphylactoid Reactions</content>
                  </paragraph>
                  <paragraph>As with other NSAIDs, anaphylactoid reactions may occur in patients without known prior exposure to Naproxen Sodium Tablets, USP. Naproxen Sodium Tablets, USP should not be given to patients with the aspirin triad. This symptom complex typically occurs in asthmatic patients who experience rhinitis with or without nasal polyps, or who exhibit severe, potentially fatal bronchospasm after taking aspirin or other NSAIDs (see <content styleCode="bold">
                        <linkHtml href="#i4i_contraindications_id_5b229cca-91a0-4603-bd8d-0a5e7d08c392">CONTRAINDICATIONS</linkHtml>
                     </content> and <content styleCode="bold">
                        <linkHtml href="#i4i_p_id_dceb81f2-4096-4bd8-a7be-97e3b592f5ad">PRECAUTIONS: Preexisting Asthma</linkHtml>
                     </content>). Emergency help should be sought in cases where an anaphylactoid reaction occurs.</paragraph>
                  <paragraph>
                     <content styleCode="bold">Skin Reactions</content>
                  </paragraph>
                  <paragraph>NSAIDs, including Naproxen Sodium Tablets, USP, can cause serious skin adverse events such as exfoliative dermatitis, Stevens-Johnson Syndrome (SJS), and toxic epidermal necrolysis (TEN), which can be fatal. These serious events may occur without warning. Patients should be informed about the signs and symptoms of serious skin manifestations and use of the drug should be discontinued at the first appearance of skin rash or any other sign of hypersensitivity.</paragraph>
                  <paragraph>
                     <content styleCode="bold">Pregnancy</content>
                  </paragraph>
                  <paragraph>In late pregnancy, as with other NSAIDs, Naproxen Sodium Tablets, USP should be avoided because it may cause premature closure of the ductus arteriosus.</paragraph>
               </text>
               <effectiveTime value="20100922"/>
            </section>
         </component>
         <component>
            <section ID="i4i_precautions_id_664ca434-beb6-415b-8792-7fb04041a27c">
               <id root="839e6fda-aadd-41bd-af6f-266c1bedafb5"/>
               <code codeSystem="2.16.840.1.113883.6.1" code="42232-9" displayName="PRECAUTIONS SECTION"/>
               <title>
                  <content styleCode="bold">PRECAUTIONS </content>
               </title>
               <text>
                  <paragraph>
                     <content styleCode="bold">
                        <content styleCode="italics">General</content>
                     </content>
                  </paragraph>
                  <paragraph>
                     <content styleCode="bold">Naproxen-containing products such as Naproxen Sodium Tablets, USP, and other naproxen products should not be used concomitantly since they all circulate in the plasma as the naproxen anion.</content>
                  </paragraph>
                  <paragraph>Naproxen Sodium Tablets, USP cannot be expected to substitute for corticosteroids or to treat corticosteroid insufficiency. Abrupt discontinuation of corticosteroids may lead to disease exacerbation. Patients on prolonged corticosteroid therapy should have their therapy tapered slowly if a decision is made to discontinue corticosteroids and the patient should be observed closely for any evidence of adverse effects, including adrenal insufficiency and exacerbation of symptoms of arthritis.</paragraph>
                  <paragraph>Patients with initial hemoglobin values of 10 g or less who are to receive a long-term therapy should have hemoglobin values determined periodically.</paragraph>
                  <paragraph>The pharmacological activity of Naproxen Sodium Tablets, USP in reducing fever and inflammation may diminish the utility of these diagnostic signs in detecting complications of presumed noninfectious, noninflammatory painful conditions.</paragraph>
                  <paragraph>Because of adverse eye findings in animal studies with drugs of this class, it is recommended that ophthalmic studies be carried out if any change or disturbance in vision occurs.</paragraph>
                  <paragraph>
                     <content styleCode="bold">Hepatic Effects</content>
                  </paragraph>
                  <paragraph>Borderline elevations of one or more liver tests may occur in up to 15% of patients taking NSAIDs including Naproxen Sodium Tablets, USP. Hepatic abnormalities may be the results of hypersensitivity rather than direct toxicity. These laboratory abnormalities may progress, may remain essentially unchanged, or may be transient with continued therapy. The SGPT (ALT) test is probably the most sensitive indicator of liver dysfunction. Notable elevations of ALT or AST (approximately three or more times the upper limit of normal) have been reported in approximately 1% of patients in clinical trials with NSAIDs. In addition, rare cases of severe hepatic reactions, including jaundice and fatal fulminant hepatitis, liver necrosis and hepatic failure, some of them with fatal outcomes have been reported.</paragraph>
                  <paragraph>A patient with symptoms and/or signs suggesting liver dysfunction, or in whom an abnormal liver test has occurred, should be evaluated for evidence of the development of more severe hepatic reaction while on therapy with Naproxen Sodium Tablets, USP.</paragraph>
                  <paragraph>If clinical signs and symptoms consistent with liver disease develop, or if systemic manifestations occur (e.g., eosinophilia, rash, etc.), Naproxen Sodium Tablets, USP should be discontinued.</paragraph>
                  <paragraph>Chronic alcoholic liver disease and probably other diseases with decreased or abnormal plasma proteins (albumin) reduce the total plasma concentration of naproxen, but the plasma concentration of unbound naproxen is increased. Caution is advised when high doses are required and some adjustment of dosage may be required in these patients. It is prudent to use the lowest effective dose.</paragraph>
                  <paragraph>
                     <content styleCode="bold">Hematological Effects</content>
                  </paragraph>
                  <paragraph>Anemia is sometimes seen in patients receiving NSAIDs, including Naproxen Sodium Tablets, USP. This may be due to fluid retention, occult or gross GI blood loss, or an incompletely described effect upon erythropoiesis. Patients on long-term treatment with NSAIDs, including Naproxen Sodium Tablets, USP, should have their hemoglobin or hematocrit checked if they exhibit any signs or symptoms of anemia.</paragraph>
                  <paragraph>NSAIDs inhibit platelet aggregation and have been shown to prolong bleeding time in some patients. Unlike aspirin, their effect on platelet function is quantitatively less, of shorter duration, and reversible. Patients receiving Naproxen Sodium Tablets, USP who may be adversely affected by alterations in platelet function, such as those with coagulation disorders or patients receiving anticoagulants, should be carefully monitored.</paragraph>
                  <paragraph>
                     <content styleCode="bold">Preexisting Asthma:</content>
                  </paragraph>
                  <paragraph>Patients with asthma may have aspirin-sensitive asthma. The use of aspirin in patients with aspirin-sensitive asthma has been associated with severe bronchospasm, which can be fatal.</paragraph>
                  <paragraph>Since cross reactivity, including bronchospasm, between aspirin and other nonsteroidal anti-inflammatory drugs has been reported in such aspirin-sensitive patients, Naproxen Sodium</paragraph>
                  <paragraph>Tablets, USP should not be administered to patients with this form of aspirin sensitivity and should be used with caution in patients with preexisting asthma.</paragraph>
                  <paragraph>
                     <content styleCode="bold">Information for Patients</content>
                  </paragraph>
                  <paragraph>
                     <content styleCode="bold">Patients should be informed of the following information before initiating therapy with an NSAID and periodically during the course of ongoing therapy. Patients should also be encouraged to read the NSAID Medication Guide that accompanies each prescription dispensed.</content>
                  </paragraph>
                  <paragraph>1. Naproxen Sodium Tablets, USP, like other NSAIDs, may cause serious CV side effects, such as MI or stroke, which may result in hospitalization and even death. Although serious CV events can occur without warning symptoms, patients should be alert for the signs and symptoms of chest pain, shortness of breath, weakness, slurring of speech, and should ask for medical advice when observing any indicative sign or symptoms. Patients should be apprised of the importance of this follow-up (see <content styleCode="bold">
                        <linkHtml href="#i4i_p_id_c6b7cd14-9260-4d5b-80eb-13c782145681">WARNINGS: Cardiovascular Effects</linkHtml>
                     </content>).</paragraph>
                  <paragraph>2. Naproxen Sodium Tablets, USP, like other NSAIDs, can cause GI discomfort and, rarely, serious GI side effects, such as ulcers and bleeding, which may result in hospitalization and even death. Although serious GI tract ulcerations and bleeding can occur without warning symptoms, patients should be alert for the signs and symptoms of ulcerations and bleeding, and should ask for medical advice when observing any indicative signs or symptoms including epigastric pain, dyspepsia, melena, and hematemesis. Patients should be apprised of the importance of this follow-up (see <content styleCode="bold">
                        <linkHtml href="#i4i_p_id_0a3549c4-f15f-4a9b-9583-98f9e868bcd0">WARNINGS: Gastrointestinal Effects- Risk of Ulceration, Bleeding, and Perforation</linkHtml>
                     </content>).</paragraph>
                  <paragraph>3. Naproxen Sodium Tablets, USP, like other NSAIDs, can cause serious skin side effects such as exfoliative dermatitis, SJS, and TEN, which may result in hospitalizations and even death. Although serious skin reactions may occur without warning, patients should be alert for the signs and symptoms of skin rash and blisters, fever, or other signs of hypersensitivity such as itching, and should ask for medical advice when observing any indicative signs or symptoms. Patients should be advised to stop the drug immediately if they develop any type of rash and contact their physicians as soon as possible.</paragraph>
                  <paragraph>4. Patients should promptly report signs or symptoms of unexplained weight gain or edema to their physicians.</paragraph>
                  <paragraph>5. Patients should be informed of the warning signs and symptoms of hepatotoxicity (e.g., nausea, fatigue, lethargy, pruritus, jaundice, right upper quadrant tenderness, and “flu-like” symptoms). If these occur, patients should be instructed to stop therapy and seek immediate medical therapy.</paragraph>
                  <paragraph>6. Patients should be informed of the signs of an anaphylactoid reaction (e.g., difficulty breathing, swelling of the face or throat). If these occur, patients should be instructed to seek immediate emergency help (see <content styleCode="bold">
                        <linkHtml href="#i4i_warnings_id_bcc3ac74-fd15-4f85-bb77-05224502985b">WARNINGS</linkHtml>
                     </content>).</paragraph>
                  <paragraph>7. In late pregnancy, as with other NSAIDs, Naproxen Sodium Tablets, USP should be avoided because it may cause premature closure of the ductus arteriosus.</paragraph>
                  <paragraph>8. Caution should be exercised by patients whose activities require alertness if they experience drowsiness, dizziness, vertigo or depression during therapy with naproxen.</paragraph>
                  <paragraph>
                     <content styleCode="bold">Laboratory Tests</content>
                  </paragraph>
                  <paragraph>Because serious GI tract ulcerations and bleeding can occur without warning symptoms, physicians should monitor for signs or symptoms of GI bleeding. Patients on long-term treatment with NSAIDs should have their CBC and a chemistry profile checked periodically. If clinical signs and symptoms consistent with liver or renal disease develop, systemic manifestations occur (e.g., eosinophilia, rash, etc.) or if abnormal liver tests persist or worsen, Naproxen Sodium Tablets, USP should be discontinued.</paragraph>
                  <paragraph>
                     <content styleCode="bold">Drug Interactions</content>
                  </paragraph>
                  <paragraph>ACE-inhibitors</paragraph>
                  <paragraph>Reports suggest that NSAIDs may diminish the antihypertensive effect of ACE-inhibitors. This interaction should be given consideration in patients taking NSAIDs concomitantly with ACE-inhibitors.</paragraph>
                  <paragraph>Antacids and Sucralfate</paragraph>
                  <paragraph>Concomitant administration of some antacids (magnesium oxide or aluminum hydroxide) and sucralfate can delay the absorption of naproxen.</paragraph>
                  <paragraph>Aspirin</paragraph>
                  <paragraph>When naproxen as Naproxen Sodium Tablets, USP is administered with aspirin, its protein binding is reduced, although the clearance of free Naproxen Sodium Tablets, USP is not altered.</paragraph>
                  <paragraph>The clinical significance of this interaction is not known; however, as with other NSAIDs, concomitant administration of naproxen and naproxen sodium and aspirin is not generally recommended because of the potential of increased adverse effects.</paragraph>
                  <paragraph>Cholestyramine</paragraph>
                  <paragraph>As with other NSAIDs, concomitant administration of cholestyramine can delay the absorption of naproxen.</paragraph>
                  <paragraph>Diuretics</paragraph>
                  <paragraph>Clinical studies, as well as postmarketing observations, have shown that Naproxen Sodium Tablets, USP can reduce the natriuretic effect of furosemide and thiazides in some patients. This response has been attributed to inhibition of renal prostaglandin synthesis. During concomitant therapy with NSAIDs, the patient should be observed closely for signs of renal failure (see <content styleCode="bold">
                        <linkHtml href="#i4i_p_id_14655312-bc07-4f52-bd15-46c6994b283a">WARNINGS: Renal Effects</linkHtml>
                     </content>), as well as to assure diuretic efficacy.</paragraph>
                  <paragraph>Lithium</paragraph>
                  <paragraph>NSAIDs have produced an elevation of plasma lithium levels and a reduction in renal lithium clearance. The mean minimum lithium concentration increased 15% and the renal clearance was decreased by approximately 20%. These effects have been attributed to inhibition of renal prostaglandin synthesis by the NSAID. Thus, when NSAIDs and lithium are administered concurrently, subjects should be observed carefully for signs of lithium toxicity.</paragraph>
                  <paragraph>Methotrexate</paragraph>
                  <paragraph>NSAIDs have been reported to competitively inhibit methotrexate accumulation in rabbit kidney slices. Naproxen sodium and other nonsteroidal anti-inflammatory drugs have been reported to reduce the tubular secretion of methotrexate in an animal model. This may indicate that they could enhance the toxicity of methotrexate. Caution should be used when NSAIDs are administered concomitantly with methotrexate.</paragraph>
                  <paragraph>Warfarin</paragraph>
                  <paragraph>The effects of warfarin and NSAIDs on GI bleeding are synergistic, such that users of both drugs together have a risk of serious GI bleeding higher than users of either drug alone. No significant interactions have been observed in clinical studies with naproxen and coumarin-type anticoagulants. However, caution is advised since interactions have been seen with other nonsteroidal agents of this class. The free fraction of warfarin may increase substantially in some subjects and naproxen interferes with platelet function.</paragraph>
                  <paragraph>
                     <content styleCode="bold">Other Information Concerning Drug Interactions</content>
                  </paragraph>
                  <paragraph>Naproxen is highly bound to plasma albumin; it thus has a theoretical potential for interaction with other albumin-bound drugs such as coumarin-type anticoagulants, sulphonylureas, hydantoins, other NSAIDs, and aspirin. Patients simultaneously receiving naproxen and a hydantoin,  sulphonamide or sulphonylurea should be observed for adjustment of dose if required.</paragraph>
                  <paragraph>Naproxen and other nonsteroidal anti-inflammatory drugs can reduce the antihypertensive effect of propranolol and other beta-blockers.</paragraph>
                  <paragraph>Probenecid given concurrently increases naproxen anion plasma levels and extends its plasma half-life significantly.</paragraph>
                  <paragraph>
                     <content styleCode="bold">Drug/Laboratory Test Interactions</content>
                  </paragraph>
                  <paragraph>Naproxen may decrease platelet aggregation and prolong bleeding time. This effect should be kept in mind when bleeding times are determined.</paragraph>
                  <paragraph>The administration of naproxen may result in increased urinary values for 17-ketogenic steroids because of an interaction between the drug and/or its metabolites with m-di-nitrobenzene used in this assay. Although 17-hydroxy-corticosteroid measurements (Porter-Silber test) do not appear to be artifactually altered, it is suggested that therapy with naproxen be temporarily discontinued 72 hours before adrenal function tests are performed if the Porter-Silber test is to be used. Naproxen may interfere with some urinary assays of 5-hydroxy indoleacetic acid (5HIAA).</paragraph>
                  <paragraph>
                     <content styleCode="bold">Carcinogenesis</content>
                  </paragraph>
                  <paragraph>A 2-year study was performed in rats to evaluate the carcinogenic potential of naproxen at rat doses of 8, 16, and 24 mg/kg/day (50, 100, and 150 mg/m2). The maximum dose used was</paragraph>
                  <paragraph>0.28 times the systemic exposure to humans at the recommended dose. No evidence of tumorigenicity was found.</paragraph>
                  <paragraph>
                     <content styleCode="bold">Pregnancy</content>
                  </paragraph>
                  <paragraph>Teratogenic Effects</paragraph>
                  <paragraph>
                     <content styleCode="italics">Pregnancy Category C: </content>Reproduction studies have been performed in rats at 20 mg/kg/day (125 mg/m2/day, 0.23 times the human systemic exposure), rabbits at 20 mg/kg/day (220 mg/m2/day, 0.27 times the human systemic exposure), and mice at 170 mg/kg/day (510 mg/m2/day, 0.28 times the human systemic exposure) with no evidence of impaired fertility or harm to the fetus due to the drug. However, animal reproduction studies are not always predictive of human response. There are no adequate and well-controlled studies in pregnant women.</paragraph>
                  <paragraph>Naproxen Sodium Tablets, USP should be used in pregnancy only if the potential benefit justifies the potential risk to the fetus.</paragraph>
                  <paragraph>Nonteratogenic Effects</paragraph>
                  <paragraph>There is some evidence to suggest that when inhibitors of prostaglandin synthesis are used to delay preterm labor there is an increased risk of neonatal complications such as necrotizing</paragraph>
                  <paragraph>enterocolitis, patent ductus arteriosus and intracranial hemorrhage. Naproxen treatment given in late pregnancy to delay parturition has been associated with persistent pulmonary hypertension, renal dysfunction and abnormal prostaglandin E levels in preterm infants. Because of the known effects of nonsteroidal anti-inflammatory drugs on the fetal cardiovascular system (closure of ductus arteriosus), use during pregnancy (particularly late pregnancy) should be avoided.</paragraph>
                  <paragraph>
                     <content styleCode="bold">Labor and Delivery</content>
                  </paragraph>
                  <paragraph>In rat studies with NSAIDs, as with other drugs known to inhibit prostaglandin synthesis, an increased incidence of dystocia, delayed parturition, and decreased pup survival occurred.</paragraph>
                  <paragraph>Naproxen-containing products are not recommended in labor and delivery because, through its prostaglandin synthesis inhibitory effect, naproxen may adversely affect fetal circulation and inhibit uterine contractions, thus increasing the risk of uterine hemorrhage. The effects of Naproxen Sodium Tablets, USP on labor and delivery in pregnant women are unknown.</paragraph>
                  <paragraph>
                     <content styleCode="bold">Nursing Mothers</content>
                  </paragraph>
                  <paragraph>The naproxen anion has been found in the milk of lactating women at a concentration equivalent to approximately 1% of maximum naproxen concentration in plasma. Because of the possible adverse effects of prostaglandin-inhibiting drugs on neonates, use in nursing mothers should be avoided.</paragraph>
                  <paragraph>
                     <content styleCode="bold">Pediatric Use</content>
                  </paragraph>
                  <paragraph>Safety and effectiveness in pediatric patients below the age of 2 years have not been established. Pediatric dosing recommendations for juvenile arthritis are based on well-controlled studies (see <content styleCode="bold">
                        <linkHtml href="#i4i_dosage_admin_id_3dea9589-4fd5-459a-bb9e-8bcfd86f2aeb">DOSAGE AND ADMINISTRATION</linkHtml>
                     </content>). There are no adequate effectiveness or dose-response date for other pediatric conditions, but the experience in juvenile arthritis and other use experience have established that single doses of 2.5 to 5 mg/kg (as naproxen suspension, see <content styleCode="bold">
                        <linkHtml href="#i4i_dosage_admin_id_3dea9589-4fd5-459a-bb9e-8bcfd86f2aeb">DOSAGE AND ADMINISTRATION</linkHtml>
                     </content>), with total daily dose not exceeding 15 mg/kg/day, are well tolerated in pediatric patients over 2 years of age.</paragraph>
                  <paragraph>
                     <content styleCode="bold">Geriatric Use</content>
                  </paragraph>
                  <paragraph>Studies indicate that although total plasma concentration of naproxen is unchanged, the unbound plasma fraction of naproxen is increased in the elderly. Caution is advised when high doses are required and some adjustment of dosage may be required in elderly patients. As with other drugs used in the elderly, it is prudent to use the lowest effective dose.</paragraph>
                  <paragraph>Experience indicates that geriatric patients may be particularly sensitive to certain adverse effects of nonsteroidal anti-inflammatory drugs. Elderly or debilitated patients seem to tolerate peptic ulceration or bleeding less well when these events do occur. Most spontaneous reports of fatal GI events are in the geriatric population (see <content styleCode="bold">
                        <linkHtml href="#i4i_warnings_id_bcc3ac74-fd15-4f85-bb77-05224502985b">WARNINGS</linkHtml>
                     </content>).</paragraph>
                  <paragraph>Naproxen is known to be substantially excreted by the kidney, and the risk of toxic reactions to this drug may be greater in patients with impaired renal function. Because elderly patients are more likely to have decreased renal function, care should be taken in dose selection, and it may be useful to monitor renal function. Geriatric patients may be at greater risk for the development of a form of renal toxicity precipitated by reduced prostaglandin formation during administration of nonsteroidal anti-inflammatory drugs (see <content styleCode="bold">
                        <linkHtml href="#i4i_p_id_14655312-bc07-4f52-bd15-46c6994b283a">WARNINGS: Renal Effects</linkHtml>
                     </content>).</paragraph>
               </text>
               <effectiveTime value="20100922"/>
            </section>
         </component>
         <component>
            <section ID="i4i_adverse_effects_id_51dae02a-9ed6-4810-970d-18c4db7bf012">
               <id root="8f4c35c4-9f7e-488c-a431-c3a2d5a34671"/>
               <code codeSystem="2.16.840.1.113883.6.1" code="34084-4" displayName="ADVERSE REACTIONS SECTION"/>
               <title>
                  <content styleCode="bold">ADVERSE REACTIONS </content>
               </title>
               <text>
                  <paragraph>Adverse reactions reported in controlled clinical trials in 960 patients treated for rheumatoid arthritis or osteoarthritis are listed below. In general, reactions in patients treated chronically were reported 2 to 10 times more frequently than they were in short-term studies in the 962 patients treated for mild to moderate pain or for dysmenorrhea. The most frequent complaints reported related to the gastrointestinal tract.</paragraph>
                  <paragraph>A clinical study found gastrointestinal reactions to be more frequent and more severe in rheumatoid arthritis patients taking daily doses of 1500 mg naproxen compared to those taking 750 mg naproxen (see <content styleCode="bold">
                        <linkHtml href="#i4i_clinical_pharmacology_id_2b5f8758-c478-419d-b38e-afc5c8d08b1c">CLINICAL PHARMACOLOGY</linkHtml>
                     </content>).</paragraph>
                  <paragraph>In controlled clinical trials with about 80 pediatric patients and in well monitored, open-label studies with about 400 pediatric patients with juvenile arthritis treated with naproxen, the incidence of rash and prolonged bleeding times were increased, the incidence of gastrointestinal and central nervous system reactions were about the same, and the incidence of other reactions were lower in pediatric patients than in adults.</paragraph>
                  <paragraph>In patients taking naproxen in clinical trials, the most frequently reported adverse experiences in approximately 1% to 10% of patients are:</paragraph>
                  <paragraph>
                     <content styleCode="bold">Gastrointestinal (GI) Experiences, including: </content>heartburn1, abdominal pain1, nausea1, constipation1, diarrhea, dyspepsia, and stomatitis</paragraph>
                  <paragraph>
                     <content styleCode="bold">Central Nervous System: </content>headache1, dizziness1, drowsiness1, lightheadedness, vertigo</paragraph>
                  <paragraph>
                     <content styleCode="bold">Dermatologic: </content>pruritus (itching)1, skin eruptions1, ecchymoses1, sweating, purpura</paragraph>
                  <paragraph>
                     <content styleCode="bold">Special Senses: </content>tinnitus1, visual disturbances, hearing disturbances</paragraph>
                  <paragraph>
                     <content styleCode="bold">Cardiovascular: </content>edema1, palpitations.</paragraph>
                  <paragraph>
                     <content styleCode="bold">General: </content>dyspnea1, thirst</paragraph>
                  <paragraph>In patients taking NSAIDs, the following adverse experiences have also been reported in approximately 1% to 10% of patients.</paragraph>
                  <paragraph>
                     <content styleCode="bold">Gastrointestinal (GI) Experiences, including: </content>flatulence, gross bleeding/perforation, GI ulcers (gastric/duodenal), vomiting</paragraph>
                  <paragraph>
                     <content styleCode="bold">General: </content>abnormal renal function, anemia, elevated liver enzymes, increased bleeding time, rashes</paragraph>
                  <paragraph>The following are additional adverse experiences reported in &lt;1% of patients taking naproxen during clinical trials and through postmarketing reports. Those adverse reactions observed through postmarketing reports are italicized.</paragraph>
                  <paragraph>
                     <content styleCode="bold">Body as a Whole: </content>
                     <content styleCode="italics">anaphylactoid reactions, angioneurotic edema, menstrual disorders, pyrexia (chills and fever)</content>
                  </paragraph>
                  <paragraph>
                     <content styleCode="bold">Cardiovascular: </content>
                     <content styleCode="italics">congestive heart failure, vasculitis, hypertension, pulmonary edema</content>
                  </paragraph>
                  <paragraph>
                     <content styleCode="bold">Gastrointestinal: </content>gastrointestinal bleeding and/or <content styleCode="italics">perforation, hematemesis, </content>pancreatitis, vomiting, <content styleCode="italics">colitis, nonpeptic gastrointestinal ulceration, ulcerative stomatitis, esophagitis, peptic ulceration</content>
                  </paragraph>
                  <paragraph>
                     <content styleCode="bold">Hepatobiliary: </content>jaundice, <content styleCode="italics">abnormal liver function tests, hepatitis (some cases have been fatal)</content>
                  </paragraph>
                  <paragraph>
                     <content styleCode="bold">Hemic and Lymphatic: </content>
                     <content styleCode="italics">eosinophilia, leucopenia, </content>melena, thrombocytopenia, agranulocytosis, <content styleCode="italics">granulocytopenia, hemolytic anemia, aplastic anemia</content>
                  </paragraph>
                  <paragraph>
                     <content styleCode="bold">Metabolic and Nutritional: </content>
                     <content styleCode="italics">hyperglycemia, hypoglycemia</content>
                  </paragraph>
                  <paragraph>
                     <content styleCode="bold">Nervous System: </content>inability to concentrate, <content styleCode="italics">depression, dream abnormalities, insomnia, malaise, myalgia, muscle weakness, aseptic meningitis, cognitive dysfunction, convulsions</content>
                  </paragraph>
                  <paragraph>
                     <content styleCode="bold">Respiratory: </content>
                     <content styleCode="italics">eosinophilic pneumonitis, asthma</content>
                  </paragraph>
                  <paragraph>
                     <content styleCode="bold">Dermatologic: </content>
                     <content styleCode="italics">alopecia, urticaria, </content>skin rashes, <content styleCode="italics">toxic epidermal necrolysis, erythemia multiforme, erythema nodosum, fixed drug eruption, lichen planus, pustular reaction, systemic lupus erythematosus, Stevens-Johnson syndrome, photosensitive dermatitis, photosensitivity reactions, including rare cases resembling porphyria cutanea tarda (pseudoporphyria) orepidermolysis bullosa. If skin fragility, blistering or other symptoms suggestive of pseudoporphyria occur, treatment should be discontinued and the patient monitored.</content>
                  </paragraph>
                  <paragraph>
                     <content styleCode="bold">Special Senses: </content>
                     <content styleCode="italics">hearing impairment, corneal opacity, papillitis, retrobulbar optic neuritis, papilledema</content>
                  </paragraph>
                  <paragraph>
                     <content styleCode="bold">Urogenital: </content>
                     <content styleCode="italics">glomerular nephritis, hematuria, hyperkalemia, interstitial nephritis, nephrotic syndrome, renal disease, renal failure, renal papillary necrosis, raised serum creatinine</content>
                  </paragraph>
                  <paragraph>
                     <content styleCode="bold">Reproduction (female): </content>
                     <content styleCode="italics">infertility</content>
                  </paragraph>
                  <paragraph>In patients taking NSAIDs, the following adverse experiences have also been reported in &lt;1% of patients.</paragraph>
                  <paragraph>
                     <content styleCode="bold">Body as a Whole: </content>fever, infection, sepsis, anaphylactic reactions, appetite changes, death</paragraph>
                  <paragraph>
                     <content styleCode="bold">Cardiovascular: </content>hypertension, tachycardia, syncope, arrhythmia, hypotension, myocardial infarction</paragraph>
                  <paragraph>
                     <content styleCode="bold">Gastrointestinal: </content>dry mouth, esophagitis, gastric/peptic ulcers, gastritis, glossitis, eructation</paragraph>
                  <paragraph>
                     <content styleCode="bold">Hepatobiliary: </content>hepatitis, liver failure</paragraph>
                  <paragraph>
                     <content styleCode="bold">Hemic and Lymphatic: </content>rectal bleeding, lymphadenopathy, pancytopenia</paragraph>
                  <paragraph>
                     <content styleCode="bold">Metabolic and Nutritional: </content>weight changes</paragraph>
                  <paragraph>
                     <content styleCode="bold">Nervous System: </content>anxiety, asthenia, confusion, nervousness, paresthesia, somnolence, tremors, convulsions, coma, hallucinations</paragraph>
                  <paragraph>
                     <content styleCode="bold">Respiratory: </content>asthma, respiratory depression, pneumonia</paragraph>
                  <paragraph>
                     <content styleCode="bold">Dermatologic: </content>exfoliative dermatitis</paragraph>
                  <paragraph>
                     <content styleCode="bold">Special Senses: </content>blurred vision, conjunctivitis</paragraph>
                  <paragraph>
                     <content styleCode="bold">Urogenital: </content>cystitis, dysuria, oliguria/polyuria, proteinuria</paragraph>
                  <paragraph>
                     <sup>1</sup>Incidence of reported reaction between 3% and 9%. Those reactions occurring in less than 3% of the patients are unmarked.</paragraph>
               </text>
               <effectiveTime value="20100922"/>
            </section>
         </component>
         <component>
            <section ID="i4i_overdosage_id_e4cfa366-a3e1-454e-9d66-652e9360d545">
               <id root="4bc05584-b6a1-4bbb-b689-8463a60b1fc3"/>
               <code codeSystem="2.16.840.1.113883.6.1" code="34088-5" displayName="OVERDOSAGE SECTION"/>
               <title>
                  <content styleCode="bold">OVERDOSAGE </content>
               </title>
               <text>
                  <paragraph>Significant naproxen overdosage may be characterized by lethargy, dizziness, drowsiness, epigastric pain, abdominal discomfort, heartburn, indigestion, nausea, transient alterations in liver function, hypoprothrombinemia, renal dysfunction, metabolic acidosis, apnea, disorientation or vomiting. Gastrointestinal bleeding can occur. Hypertension, acute renal failure, respiratory depression, and coma may occur, but are rare. Anaphylactoid reactions have been reported with therapeutic ingestion of NSAIDs, and may occur following an overdose. Beacuse naproxen sodium may be rapidly absorbed, high and early blood levels should be anticipated. A few patients have experienced convulsions, but it is not clear whether or not these were drug-related.</paragraph>
                  <paragraph>It is not known what dose of the drug would be life threatening. The oral LD50 of the drug is 543 mg/kg in rats, 1234 mg/kg in mice, 4110 mg/kg in hamsters, and greater than 1000 mg/kg in dogs.</paragraph>
                  <paragraph>Patients should be managed by symptomatic and supportive care following a NSAID overdose. There are no specific antidotes. Hemodialysis does not decrease the plasma concentration of naproxen because of the high degree of its protein binding. Emesis and/or activated charcoal (60 to 100 g in adults, 1 to 2 g/kg in children) and/or osmotic cathartic may be indicated in patients seen within 4 hours of ingestion with symptoms or following a large overdose. Forced diuresis, alkalinization of urine or hemoperfusion may not be useful due to high protein binding.</paragraph>
               </text>
               <effectiveTime value="20100922"/>
            </section>
         </component>
         <component>
            <section ID="i4i_dosage_admin_id_3dea9589-4fd5-459a-bb9e-8bcfd86f2aeb">
               <id root="863637bf-6f61-4f31-aa27-d577acb5844f"/>
               <code codeSystem="2.16.840.1.113883.6.1" code="34068-7" displayName="DOSAGE &amp; ADMINISTRATION SECTION"/>
               <title>
                  <content styleCode="bold">DOSAGE AND ADMINISTRATION </content>
               </title>
               <text>
                  <paragraph>Carefully consider the potential benefits and risks of naproxen sodium tablets and other treatment options before deciding to use naproxen sodium tablets. Use the lowest effective dose for the shortest duration consistent with individual patient treatment goals (see <content styleCode="bold">
                        <linkHtml href="#i4i_warnings_id_bcc3ac74-fd15-4f85-bb77-05224502985b">WARNINGS</linkHtml>
                     </content>).</paragraph>
                  <paragraph>After observing the response to initial therapy with naproxen sodium tablets, the dose and frequency should be adjusted to suit an individual patient's needs.</paragraph>
                  <paragraph>
                     <content styleCode="bold">Different dose strengths and formulations (i.e., tablets, suspension) of the drug are not necessarily bioequivalent. The difference should be taken into consideration when changing formulation.</content>
                  </paragraph>
                  <paragraph>Although naproxen tablets, naproxen suspension, naproxen delayed-release tablets, and naproxen sodium tablets all circulate in the plasma as naproxen, they have pharmacokinetic differences that may affect onset of action. Onset of pain relief can begin within 30 minutes in patients taking naproxen sodium and within 1 hour in patients taking naproxen. Because naproxen delayed-release tablets dissolve in the small intestine rather than in the stomach, the absorption of the drug is delayed compared to the other naproxen formulations (see <content styleCode="bold">
                        <linkHtml href="#i4i_clinical_pharmacology_id_2b5f8758-c478-419d-b38e-afc5c8d08b1c">CLINICAL PHARMACOLOGY</linkHtml>
                     </content>).</paragraph>
                  <paragraph>The recommended strategy for initiating therapy is to choose a formulation and a starting dose likely to be effective for the patient and then adjust the dosage based on observation of benefit and/or adverse events. A lower dose should be considered in patients with renal or hepatic impairment or in elderly patients (see <content styleCode="bold">
                        <linkHtml href="#i4i_warnings_id_bcc3ac74-fd15-4f85-bb77-05224502985b">WARNINGS</linkHtml>
                     </content> and <content styleCode="bold">
                        <linkHtml href="#i4i_precautions_id_664ca434-beb6-415b-8792-7fb04041a27c">PRECAUTIONS</linkHtml>
                     </content>).</paragraph>
                  <paragraph>
                     <content styleCode="bold">Geriatric Patients</content>
                  </paragraph>
                  <paragraph>Studies indicate that although total plasma concentration of naproxen is unchanged, the unbound plasma fraction of naproxen is increased in the elderly. Caution is advised when high doses are required and some adjustment of dosage may be required in elderly patients. As with other drugs used in the elderly, it is prudent to use the lowest effective dose.</paragraph>
                  <paragraph>
                     <content styleCode="bold">Patients With Moderate to Severe Renal Impairment</content>
                  </paragraph>
                  <paragraph>Naproxen-containing products are not recommended for use in patients with moderate to severe and severe renal impairment (creatinine clearance &lt;30 mL/min) (see <content styleCode="bold">
                        <linkHtml href="#i4i_p_id_14655312-bc07-4f52-bd15-46c6994b283a">WARNINGS: Renal Effects</linkHtml>
                     </content>).</paragraph>
                  <paragraph>
                     <content styleCode="bold">Rheumatoid Arthritis, Osteoarthritis and Ankylosing Spondylitis</content>
                  </paragraph>
                  <paragraph>
                     <content styleCode="bold">
                        <renderMultiMedia referencedObject="id_2ccaa3c1-be92-4641-b138-1b14e83e806a"/>
                     </content>
                  </paragraph>
                  <paragraph>During long-term administration, the dose of naproxen may be adjusted up or down depending on the clinical response of the patient. A lower daily dose may suffice for long-term administration. The morning and evening doses do not have to be equal in size and the administration of the drug more frequently than twice daily is not necessary.</paragraph>
                  <paragraph>In patients who tolerate lower doses well, the dose may be increased to naproxen sodium 1650 mg/day for limited periods of up to 6 months when a higher level of antiinflammatory/analgesic activity is required. When treating such patients with naproxen sodium 1650 mg/day, the physician should observe sufficient increased clinical benefits to offset the potential increased risk. The morning and evening doses do not have to be equal in size and administration of the drug more frequently than twice daily does not generally make a difference in response (see <content styleCode="bold">
                        <linkHtml href="#i4i_clinical_pharmacology_id_2b5f8758-c478-419d-b38e-afc5c8d08b1c">CLINICAL PHARMACOLOGY</linkHtml>
                     </content>).</paragraph>
                  <paragraph>
                     <content styleCode="bold">Juvenile Arthritis</content>
                  </paragraph>
                  <paragraph>For the relief of juvenile arthritis, the recommended dose is approximately 10 mg/kg given orally in 2 divided doses (i.e., 5 mg/kg given twice a day). Naproxen sodium tablets are not well suited to this dosage so use of naproxen oral suspension is recommended for this indication.</paragraph>
                  <paragraph>
                     <content styleCode="bold">Management of Pain, Primary Dysmenorrhea, and Acute Tendonitis and Bursitis:</content>
                  </paragraph>
                  <paragraph>The recommended starting dose is 550 mg of naproxen sodium followed by 550 mg every 12 hours or 275 mg every 6 to 8 hours as required. The initial total daily dose should not exceed 1375 mg of naproxen sodium. Thereafter, the total daily dose should not exceed 1100 mg of naproxen sodium. Because the sodium salt of naproxen is more rapidly absorbed, naproxen sodium tablets are recommended for the management of acute painful conditions when prompt onset of pain relief is desired.</paragraph>
                  <paragraph>
                     <content styleCode="bold">Acute Gout: </content>The recommended starting dose is 825 mg of naproxen sodium tablets followed by 275 mg every 8 hours until the attack has subsided.</paragraph>
               </text>
               <effectiveTime value="20100922"/>
               <component>
                  <observationMedia ID="id_2ccaa3c1-be92-4641-b138-1b14e83e806a">
                     <text>0dd2d4b5-figure-02</text>
                     <value xsi:type="ED" mediaType="image/jpeg">
                        <reference value="0c01cb34-0d6b-4248-afde-82d4d934dabd-02.jpg"/>
                     </value>
                  </observationMedia>
               </component>
            </section>
         </component>
         <component>
            <section ID="i4i_how_supplied_id_7071e315-21f2-4554-a9cc-498471859e2e">
               <id root="25734d82-aaac-42d0-a662-21b01d1c0106"/>
               <code codeSystem="2.16.840.1.113883.6.1" code="34069-5" displayName="HOW SUPPLIED SECTION"/>
               <title>
                  <content styleCode="bold">HOW SUPPLIED </content>
               </title>
               <text>
                  <paragraph>
                     <content styleCode="bold">Naproxen Sodium Tablets, USP 550 mg </content>are blue, oval, biconvex, film coated tablets debossed “IP” bisect “194” on obverse and plain on reverse. They are available as follows:</paragraph>
                  <paragraph>Bottles of 14 NDC 21695-090-14</paragraph>
                  <paragraph>Bottles of 20: NDC 21695-090-20</paragraph>
                  <paragraph>Bottles of 28 NDC 21695-090-28</paragraph>
                  <paragraph>Bottles of 30 NDC 21695-090-30</paragraph>
                  <paragraph>Bottles of 56 NDC 21695-090-56</paragraph>
                  <paragraph>Bottles of 60 NDC 21695-090-60</paragraph>
                  <paragraph>Bottles of 90 NDC 21695-090-90</paragraph>
                  <paragraph>Store at 15° to 30°C (59° to 86°F) in well-closed containers.</paragraph>
               </text>
               <effectiveTime value="20100922"/>
            </section>
         </component>
         <component>
            <section ID="i4i_section_id_346be817-42a6-44d1-a855-eabaefd552fe">
               <id root="7034010b-b89f-470c-9ffb-cd465fc32c00"/>
               <code codeSystem="2.16.840.1.113883.6.1" code="42229-5" displayName="SPL UNCLASSIFIED SECTION"/>
               <text>
                  <paragraph>Manufactured by:</paragraph>
                  <paragraph>
                     <content styleCode="bold">Amneal Pharmaceuticals of NY</content>
                  </paragraph>
                  <paragraph>Hauppauge, NY 11788</paragraph>
                  <paragraph>Distributed by:</paragraph>
                  <paragraph>
                     <content styleCode="bold">Amneal Pharmaceuticals</content>
                  </paragraph>
                  <paragraph>Glasgow, KY 42141</paragraph>
                  <paragraph>Rev. 10-2008</paragraph>
                  <paragraph>Repackaged by:</paragraph>
                  <paragraph>
                     <content styleCode="bold">Rebel Distributors Corp</content>
                  </paragraph>
                  <paragraph>Thousand Oaks, CA 91320</paragraph>
               </text>
               <effectiveTime value="20100922"/>
            </section>
         </component>
         <component>
            <section ID="i4i_Principal_display_panel_id_aeb1a53b-8dfd-4239-b7ca-c6e5956746b6">
               <id root="1a42716c-81f8-442c-a7dc-05ba2c2ec71a"/>
               <code codeSystem="2.16.840.1.113883.6.1" code="51945-4" displayName="PACKAGE LABEL.PRINCIPAL DISPLAY PANEL"/>
               <title>Principal Display Panel</title>
               <text>
                  <paragraph>
                     <renderMultiMedia referencedObject="id_b1ef93bf-f6d3-46b1-a1c2-11cf9fa087f0"/>
                  </paragraph>
                  <paragraph>   </paragraph>
               </text>
               <effectiveTime value="20110103"/>
               <component>
                  <observationMedia ID="id_b1ef93bf-f6d3-46b1-a1c2-11cf9fa087f0">
                     <text>Naproxen Sol 550mg</text>
                     <value xsi:type="ED" mediaType="image/jpeg">
                        <reference value="0c01cb34-0d6b-4248-afde-82d4d934dabd-03.jpg"/>
                     </value>
                  </observationMedia>
               </component>
            </section>
         </component>
      </structuredBody>
   </component>
</document>