<?xml version="1.0" encoding="UTF-8"?><?xml-stylesheet href="https://www.accessdata.fda.gov/spl/stylesheet/spl.xsl" type="text/xsl"?>
<document xmlns="urn:hl7-org:v3" xmlns:xsi="http://www.w3.org/2001/XMLSchema-instance" xsi:schemaLocation="urn:hl7-org:v3 https://www.accessdata.fda.gov/spl/schema/spl.xsd">
   <id root="0d824e6b-0a50-4b44-a9ac-44a6e9854eee"/>
   <code code="34390-5" codeSystem="2.16.840.1.113883.6.1" displayName="HUMAN OTC DRUG LABEL"/>
   <title>Perrigo Junior Strength Ibuprofen Tablets, 100 mg Drug Facts</title>
   <effectiveTime value="20191101"/>
   <setId root="fcecd55a-afee-4998-b13d-ff49c83f7119"/>
   <versionNumber value="3"/>
   <author>
      <time/>
      <assignedEntity>
         <representedOrganization>
            <id extension="079196022" root="1.3.6.1.4.1.519.1"/>
            <name>Proficient Rx LP</name>
            <assignedEntity>
               <assignedOrganization>
                  <assignedEntity>
                     <assignedOrganization>
                        <id extension="079196022" root="1.3.6.1.4.1.519.1"/>
                        <name>Proficient Rx LP</name>
                     </assignedOrganization>
                     <performance>
                        <actDefinition>
                           <code code="C73607" codeSystem="2.16.840.1.113883.3.26.1.1" displayName="RELABEL"/>
                           <product>
                              <manufacturedProduct classCode="MANU">
                                 <manufacturedMaterialKind>
                                    <code code="63187-856" codeSystem="2.16.840.1.113883.6.69"/>
                                 </manufacturedMaterialKind>
                              </manufacturedProduct>
                           </product>
                        </actDefinition>
                     </performance>
                  </assignedEntity>
               </assignedOrganization>
            </assignedEntity>
         </representedOrganization>
      </assignedEntity>
   </author>
   <component>
      <structuredBody>
         <component>
            <section>
               <id root="74a68c59-2d84-4070-9c2c-8ce4d9cf29bf"/>
               <code code="48780-1" codeSystem="2.16.840.1.113883.6.1" displayName="SPL product data elements section"/>
               <effectiveTime value="20181201"/>
               <subject>
                  <manufacturedProduct>
                     <manufacturedProduct>
                        <code code="63187-856" codeSystem="2.16.840.1.113883.6.69"/>
                        <name>Good Sense ibuprofen</name>
                        <formCode code="C42893" codeSystem="2.16.840.1.113883.3.26.1.1" displayName="TABLET, CHEWABLE"/>
                        <asEntityWithGeneric>
                           <genericMedicine>
                              <name>Ibuprofen</name>
                           </genericMedicine>
                        </asEntityWithGeneric>
                        <asEquivalentEntity classCode="EQUIV">
                           <code code="C64637" codeSystem="2.16.840.1.113883.3.26.1.1"/>
                           <definingMaterialKind>
                              <code code="0113-0461" codeSystem="2.16.840.1.113883.6.69"/>
                           </definingMaterialKind>
                        </asEquivalentEntity>
                        <ingredient classCode="ACTIB">
                           <quantity>
                              <numerator unit="mg" value="100"/>
                              <denominator unit="1" value="1"/>
                           </quantity>
                           <ingredientSubstance>
                              <code code="WK2XYI10QM" codeSystem="2.16.840.1.113883.4.9"/>
                              <name>IBUPROFEN</name>
                              <activeMoiety>
                                 <activeMoiety>
                                    <code code="WK2XYI10QM" codeSystem="2.16.840.1.113883.4.9"/>
                                    <name>IBUPROFEN</name>
                                 </activeMoiety>
                              </activeMoiety>
                           </ingredientSubstance>
                        </ingredient>
                        <ingredient classCode="IACT">
                           <ingredientSubstance>
                              <code code="Z0H242BBR1" codeSystem="2.16.840.1.113883.4.9"/>
                              <name>ASPARTAME</name>
                           </ingredientSubstance>
                        </ingredient>
                        <ingredient classCode="IACT">
                           <ingredientSubstance>
                              <code code="R12CBM0EIZ" codeSystem="2.16.840.1.113883.4.9"/>
                              <name>CARNAUBA WAX</name>
                           </ingredientSubstance>
                        </ingredient>
                        <ingredient classCode="IACT">
                           <ingredientSubstance>
                              <code code="M28OL1HH48" codeSystem="2.16.840.1.113883.4.9"/>
                              <name>CROSCARMELLOSE SODIUM</name>
                           </ingredientSubstance>
                        </ingredient>
                        <ingredient classCode="IACT">
                           <ingredientSubstance>
                              <code code="H77VEI93A8" codeSystem="2.16.840.1.113883.4.9"/>
                              <name>FD&amp;C YELLOW NO. 6</name>
                           </ingredientSubstance>
                        </ingredient>
                        <ingredient classCode="IACT">
                           <ingredientSubstance>
                              <code code="3NXW29V3WO" codeSystem="2.16.840.1.113883.4.9"/>
                              <name>HYPROMELLOSE, UNSPECIFIED</name>
                           </ingredientSubstance>
                        </ingredient>
                        <ingredient classCode="IACT">
                           <ingredientSubstance>
                              <code code="70097M6I30" codeSystem="2.16.840.1.113883.4.9"/>
                              <name>MAGNESIUM STEARATE</name>
                           </ingredientSubstance>
                        </ingredient>
                        <ingredient classCode="IACT">
                           <ingredientSubstance>
                              <code code="3OWL53L36A" codeSystem="2.16.840.1.113883.4.9"/>
                              <name>MANNITOL</name>
                           </ingredientSubstance>
                        </ingredient>
                        <ingredient classCode="IACT">
                           <ingredientSubstance>
                              <code code="ETJ7Z6XBU4" codeSystem="2.16.840.1.113883.4.9"/>
                              <name>SILICON DIOXIDE</name>
                           </ingredientSubstance>
                        </ingredient>
                        <ingredient classCode="IACT">
                           <ingredientSubstance>
                              <code code="368GB5141J" codeSystem="2.16.840.1.113883.4.9"/>
                              <name>SODIUM LAURYL SULFATE</name>
                           </ingredientSubstance>
                        </ingredient>
                        <ingredient classCode="IACT">
                           <ingredientSubstance>
                              <code code="241ATL177A" codeSystem="2.16.840.1.113883.4.9"/>
                              <name>SOYBEAN OIL</name>
                           </ingredientSubstance>
                        </ingredient>
                        <ingredient classCode="IACT">
                           <ingredientSubstance>
                              <code code="AB6MNQ6J6L" codeSystem="2.16.840.1.113883.4.9"/>
                              <name>SUCCINIC ACID</name>
                           </ingredientSubstance>
                        </ingredient>
                        <ingredient classCode="IACT">
                           <ingredientSubstance>
                              <code code="23OV73Q5G9" codeSystem="2.16.840.1.113883.4.9"/>
                              <name>ACESULFAME POTASSIUM</name>
                           </ingredientSubstance>
                        </ingredient>
                        <asContent>
                           <quantity>
                              <numerator unit="1" value="24"/>
                              <denominator value="1"/>
                           </quantity>
                           <containerPackagedProduct>
                              <code/>
                              <formCode code="C43169" codeSystem="2.16.840.1.113883.3.26.1.1" displayName="BOTTLE"/>
                              <asContent>
                                 <quantity>
                                    <numerator unit="1" value="1"/>
                                    <denominator value="1"/>
                                 </quantity>
                                 <containerPackagedProduct>
                                    <code code="63187-856-24" codeSystem="2.16.840.1.113883.6.69"/>
                                    <formCode code="C43182" codeSystem="2.16.840.1.113883.3.26.1.1" displayName="CARTON"/>
                                 </containerPackagedProduct>
                                 <subjectOf>
                                    <marketingAct>
                                       <code code="C53292" codeSystem="2.16.840.1.113883.3.26.1.1"/>
                                       <statusCode code="active"/>
                                       <effectiveTime>
                                          <low value="20170601"/>
                                       </effectiveTime>
                                    </marketingAct>
                                 </subjectOf>
                              </asContent>
                           </containerPackagedProduct>
                           <subjectOf>
                              <characteristic classCode="OBS">
                                 <code code="SPLCMBPRDTP" codeSystem="2.16.840.1.113883.1.11.19255"/>
                                 <value code="C112160" codeSystem="2.16.840.1.113883.3.26.1.1" displayName="Type 0: Not a Combination Product" xsi:type="CE"/>
                              </characteristic>
                           </subjectOf>
                        </asContent>
                     </manufacturedProduct>
                     <subjectOf>
                        <approval>
                           <id extension="ANDA076359" root="2.16.840.1.113883.3.150"/>
                           <code code="C73584" codeSystem="2.16.840.1.113883.3.26.1.1" displayName="ANDA"/>
                           <author>
                              <territorialAuthority>
                                 <territory>
                                    <code code="USA" codeSystem="2.16.840.1.113883.5.28"/>
                                 </territory>
                              </territorialAuthority>
                           </author>
                        </approval>
                     </subjectOf>
                     <subjectOf>
                        <marketingAct>
                           <code code="C53292" codeSystem="2.16.840.1.113883.3.26.1.1"/>
                           <statusCode code="active"/>
                           <effectiveTime>
                              <low value="20041109"/>
                           </effectiveTime>
                        </marketingAct>
                     </subjectOf>
                     <subjectOf>
                        <characteristic classCode="OBS">
                           <code code="SPLCOLOR" codeSystem="2.16.840.1.113883.1.11.19255"/>
                           <value code="C48331" codeSystem="2.16.840.1.113883.3.26.1.1" displayName="ORANGE" xsi:type="CE"/>
                        </characteristic>
                     </subjectOf>
                     <subjectOf>
                        <characteristic classCode="OBS">
                           <code code="SPLSIZE" codeSystem="2.16.840.1.113883.1.11.19255"/>
                           <value unit="mm" value="13" xsi:type="PQ"/>
                        </characteristic>
                     </subjectOf>
                     <subjectOf>
                        <characteristic classCode="OBS">
                           <code code="SPLSHAPE" codeSystem="2.16.840.1.113883.1.11.19255"/>
                           <value code="C48348" codeSystem="2.16.840.1.113883.3.26.1.1" displayName="ROUND" xsi:type="CE"/>
                        </characteristic>
                     </subjectOf>
                     <subjectOf>
                        <characteristic classCode="OBS">
                           <code code="SPLSCORE" codeSystem="2.16.840.1.113883.1.11.19255"/>
                           <value value="2" xsi:type="INT"/>
                        </characteristic>
                     </subjectOf>
                     <subjectOf>
                        <characteristic classCode="OBS">
                           <code code="SPLIMPRINT" codeSystem="2.16.840.1.113883.1.11.19255"/>
                           <value xsi:type="ST">L461</value>
                        </characteristic>
                     </subjectOf>
                     <subjectOf>
                        <characteristic classCode="OBS">
                           <code code="SPLFLAVOR" codeSystem="2.16.840.1.113883.1.11.19255"/>
                           <value code="C73406" codeSystem="2.16.840.1.113883.3.26.1.1" displayName="ORANGE" xsi:type="CE"/>
                        </characteristic>
                     </subjectOf>
                     <consumedIn>
                        <substanceAdministration>
                           <routeCode code="C38288" codeSystem="2.16.840.1.113883.3.26.1.1" displayName="ORAL"/>
                        </substanceAdministration>
                     </consumedIn>
                  </manufacturedProduct>
               </subject>
            </section>
         </component>
         <component>
            <section ID="i4i_OTC_Active_Ingredient_id_fe3afe45-aaf0-45de-9772-cbd520a4a9ba">
               <id root="d415d18a-98ba-4743-b152-ec8b8cd69a35"/>
               <code code="55106-9" codeSystem="2.16.840.1.113883.6.1" displayName="OTC - ACTIVE INGREDIENT SECTION"/>
               <title>Active ingredient (in each tablet)</title>
               <text>
                  <paragraph>Ibuprofen 100 mg (NSAID)*   </paragraph>
                  <paragraph>*nonsteroidal anti-inflammatory drug</paragraph>
               </text>
               <effectiveTime value="20181201"/>
            </section>
         </component>
         <component>
            <section ID="i4i_OTC_Purpose_id_521c2f68-a625-4542-9c18-7e74975d285a">
               <id root="ca94cdd7-dd1d-48f4-a0a2-b00af1ac1f6f"/>
               <code code="55105-1" codeSystem="2.16.840.1.113883.6.1" displayName="OTC - PURPOSE SECTION"/>
               <title>Purpose</title>
               <text>
                  <paragraph>Pain reliever/fever reducer</paragraph>
               </text>
               <effectiveTime value="20181201"/>
            </section>
         </component>
         <component>
            <section ID="i4i_indications_id_b4b9df5b-66e4-4424-a2bb-f990e9099d09">
               <id root="90332422-5bff-461c-ae2f-72fc5ca94c6d"/>
               <code code="34067-9" codeSystem="2.16.840.1.113883.6.1" displayName="INDICATIONS &amp; USAGE SECTION"/>
               <title>Uses</title>
               <text>
                  <paragraph>temporarily:</paragraph>
                  <list listType="unordered">
                     <item>
                        <caption>•</caption>reduces fever</item>
                     <item>
                        <caption>•</caption>relieves minor aches and pains due to the common cold, flu, sore throat, headaches and toothaches</item>
                  </list>
               </text>
               <effectiveTime value="20181201"/>
            </section>
         </component>
         <component>
            <section ID="i4i_warnings_id_b15db0a0-249c-4c87-aef2-5a15a4d9eb67">
               <id root="a759d955-8cf1-4131-8810-2ba750d6d864"/>
               <code code="34071-1" codeSystem="2.16.840.1.113883.6.1" displayName="WARNINGS SECTION"/>
               <title>Warnings</title>
               <text>
                  <paragraph>Allergy alert: Ibuprofen may cause a severe allergic reaction, especially in people allergic to aspirin. Symptoms may include:</paragraph>
                  <list listType="unordered">
                     <item>
                        <caption>•</caption>hives </item>
                     <item>
                        <caption>•</caption>facial swelling  </item>
                     <item>
                        <caption>•</caption>asthma (wheezing) </item>
                     <item>
                        <caption>•</caption>shock </item>
                     <item>
                        <caption>•</caption>skin reddening </item>
                     <item>
                        <caption>•</caption>rash </item>
                     <item>
                        <caption>•</caption>blisters</item>
                  </list>
                  <paragraph>If an allergic reaction occurs, stop use and seek medical help right away.</paragraph>
                  <paragraph>Stomach bleeding warning: This product contains an NSAID, which may cause severe stomach bleeding. The chance is higher if your child:</paragraph>
                  <list listType="unordered">
                     <item>
                        <caption>•</caption>has had stomach ulcers or bleeding problems</item>
                     <item>
                        <caption>•</caption>takes a blood thinning (anticoagulant) or steroid drug</item>
                     <item>
                        <caption>•</caption>takes other drugs containing prescription or nonprescription NSAIDs [aspirin, ibuprofen, naproxen, or others] </item>
                     <item>
                        <caption>•</caption>takes more or for a longer time than directed</item>
                  </list>
                  <paragraph>Sore throat warning: Severe or persistent sore throat or sore throat accompanied by high fever, headache, nausea, and vomiting may be serious.  Consult doctor promptly.  Do not use more than 2 days or administer to children under 3 years of age unless directed by doctor.</paragraph>
               </text>
               <effectiveTime value="20181201"/>
               <component>
                  <section ID="i4i_OTC_Do_not_use_id_e2442535-cd79-4528-b3ee-08300f51e8f3">
                     <id root="c519659f-6fd2-4226-ada0-00df952c2e6d"/>
                     <code code="50570-1" codeSystem="2.16.840.1.113883.6.1" displayName="OTC - DO NOT USE SECTION"/>
                     <title>Do not use</title>
                     <text>
                        <list listType="unordered">
                           <item>
                              <caption>•</caption>if the child has ever had an allergic reaction to any other pain reliever/fever reducer </item>
                           <item>
                              <caption>•</caption>right before or after heart surgery</item>
                        </list>
                     </text>
                     <effectiveTime value="20181201"/>
                  </section>
               </component>
               <component>
                  <section ID="i4i_OTC_Ask_Doctor_id_c1962d2f-e6d6-4c1b-9ea4-910ef411d622">
                     <id root="5a3eb1f4-f788-47a7-967a-43477466a2c9"/>
                     <code code="50569-3" codeSystem="2.16.840.1.113883.6.1" displayName="OTC - ASK DOCTOR SECTION"/>
                     <title>Ask a doctor before use if</title>
                     <text>
                        <list listType="unordered">
                           <item>
                              <caption>•</caption>stomach bleeding warning applies to your child </item>
                           <item>
                              <caption>•</caption>child has a history of stomach problems, such as heartburn</item>
                           <item>
                              <caption>•</caption>child has problems or serious side effects from taking pain relievers or fever reducers</item>
                           <item>
                              <caption>•</caption>child has not been drinking fluids</item>
                           <item>
                              <caption>•</caption>child has lost a lot of fluid due to vomiting or diarrhea</item>
                           <item>
                              <caption>•</caption>child has high blood pressure, heart disease, liver cirrhosis, or kidney disease</item>
                           <item>
                              <caption>•</caption>child has asthma</item>
                           <item>
                              <caption>•</caption>child is taking a diuretic</item>
                        </list>
                     </text>
                     <effectiveTime value="20181201"/>
                  </section>
               </component>
               <component>
                  <section ID="i4i_OTC_Ask_Doctor_Pharmacist_id_23ae104e-a220-4da4-b183-0354a36d1288">
                     <id root="2c364f44-15cc-4d6e-a33f-75bfb9616552"/>
                     <code code="50568-5" codeSystem="2.16.840.1.113883.6.1" displayName="OTC - ASK DOCTOR/PHARMACIST SECTION"/>
                     <title>Ask a doctor or pharmacist before use if the child is</title>
                     <text>
                        <list listType="unordered">
                           <item>
                              <caption>•</caption>under a doctor’s care for any serious condition </item>
                           <item>
                              <caption>•</caption>taking any other drug  </item>
                        </list>
                     </text>
                     <effectiveTime value="20181201"/>
                  </section>
               </component>
               <component>
                  <section ID="i4i_OTC_When_Using_id_d7673a39-06d2-4cff-bbd8-a1f09387c16c">
                     <id root="fc497e4d-8799-4022-a45d-035cbc27c3cb"/>
                     <code code="50567-7" codeSystem="2.16.840.1.113883.6.1" displayName="OTC - WHEN USING SECTION"/>
                     <title>When using this product</title>
                     <text>
                        <list listType="unordered">
                           <item>
                              <caption>•</caption>mouth or throat burning may occur; give with food or water</item>
                           <item>
                              <caption>•</caption>take with food or milk if stomach upset occurs</item>
                           <item>
                              <caption>•</caption>the risk of heart attack or stroke may increase if you use more than directed or for longer than directed</item>
                        </list>
                     </text>
                     <effectiveTime value="20181201"/>
                  </section>
               </component>
               <component>
                  <section ID="i4i_OTC_Stop_Use_id_492c552a-3f9c-4cd2-bc37-e58653f05718">
                     <id root="1950932d-64e9-42be-964b-cfb3d4cfb08a"/>
                     <code code="50566-9" codeSystem="2.16.840.1.113883.6.1" displayName="OTC - STOP USE SECTION"/>
                     <title>Stop use and ask a doctor if </title>
                     <text>
                        <list listType="unordered">
                           <item>
                              <caption>•</caption>child experiences any of the following signs of stomach bleeding:</item>
                           <item>
                              <caption>•</caption>feels faint  </item>
                           <item>
                              <caption>•</caption>vomits blood  </item>
                           <item>
                              <caption>•</caption>has bloody or black stools</item>
                           <item>
                              <caption>•</caption>has stomach pain that does not get better</item>
                           <item>
                              <caption>•</caption>the child does not get any relief within the first day (24 hours) of treatment</item>
                           <item>
                              <caption>•</caption>fever or pain gets worse or lasts more than 3 days</item>
                           <item>
                              <caption>•</caption>redness or swelling is present in the painful area</item>
                           <item>
                              <caption>•</caption>any new symptoms appear</item>
                        </list>
                     </text>
                     <effectiveTime value="20181201"/>
                  </section>
               </component>
               <component>
                  <section ID="i4i_OTC_Keep_Away_Children_id_cbef708a-431b-44a3-89cf-f3ee6a3adcba">
                     <id root="67a62d58-28ff-41a0-b17f-da075e45064a"/>
                     <code code="50565-1" codeSystem="2.16.840.1.113883.6.1" displayName="OTC - KEEP OUT OF REACH OF CHILDREN SECTION"/>
                     <title>Keep out of reach of children.</title>
                     <text>
                        <paragraph>In case of overdose, get medical help or contact a Poison Control Center right away. (1-800-222-1222)</paragraph>
                     </text>
                     <effectiveTime value="20181201"/>
                  </section>
               </component>
            </section>
         </component>
         <component>
            <section ID="i4i_dosage_admin_id_9e01e50c-041d-4ddc-899a-2f0268c83e73">
               <id root="4f950fe0-c49a-4122-a46c-d5bd071c3813"/>
               <code code="34068-7" codeSystem="2.16.840.1.113883.6.1" displayName="DOSAGE &amp; ADMINISTRATION SECTION"/>
               <title>Directions</title>
               <text>
                  <list listType="unordered">
                     <item>
                        <caption>•</caption>this product does not contain directions or complete warnings for adult use  </item>
                     <item>
                        <caption>•</caption>do not give more than directed</item>
                     <item>
                        <caption>•</caption>find the right dose on chart below.  If possible, use weight to dose; otherwise use age. </item>
                     <item>
                        <caption>•</caption>if needed, repeat dose every 6-8 hours</item>
                     <item>
                        <caption>•</caption>do not use more than 4 times a day</item>
                  </list>
                  <table width="100%">
                     <col width="35%"/>
                     <col width="33%"/>
                     <col width="33%"/>
                     <tbody>
                        <tr>
                           <td align="center" colspan="3" styleCode="Rrule Botrule Lrule Toprule " valign="middle">
                              <paragraph>Dosing Chart</paragraph>
                           </td>
                        </tr>
                        <tr>
                           <td align="center" styleCode="Rrule Lrule Botrule " valign="middle">
                              <paragraph>Weight (lb)</paragraph>
                           </td>
                           <td align="center" styleCode="Rrule Botrule " valign="middle">
                              <paragraph>Age (yr)</paragraph>
                           </td>
                           <td align="center" styleCode="Rrule Botrule " valign="middle">
                              <paragraph>Tablets</paragraph>
                           </td>
                        </tr>
                        <tr>
                           <td align="center" styleCode="Rrule Lrule Botrule " valign="middle">
                              <paragraph>under 24</paragraph>
                           </td>
                           <td align="center" styleCode="Rrule Botrule " valign="middle">
                              <paragraph>under 2</paragraph>
                           </td>
                           <td align="center" styleCode="Rrule Botrule " valign="middle">
                              <paragraph>ask a doctor</paragraph>
                           </td>
                        </tr>
                        <tr>
                           <td align="center" styleCode="Rrule Lrule Botrule " valign="middle">
                              <paragraph>24-35</paragraph>
                           </td>
                           <td align="center" styleCode="Rrule Botrule " valign="middle">
                              <paragraph>2-3</paragraph>
                           </td>
                           <td align="center" styleCode="Rrule Botrule " valign="middle">
                              <paragraph>1</paragraph>
                           </td>
                        </tr>
                        <tr>
                           <td align="center" styleCode="Rrule Lrule Botrule " valign="middle">
                              <paragraph>36-47</paragraph>
                           </td>
                           <td align="center" styleCode="Rrule Botrule " valign="middle">
                              <paragraph>4-5</paragraph>
                           </td>
                           <td align="center" styleCode="Rrule Botrule " valign="middle">
                              <paragraph>1 ½</paragraph>
                           </td>
                        </tr>
                        <tr>
                           <td align="center" styleCode="Rrule Lrule Botrule " valign="middle">
                              <paragraph>48-59</paragraph>
                           </td>
                           <td align="center" styleCode="Rrule Botrule " valign="middle">
                              <paragraph>6-8</paragraph>
                           </td>
                           <td align="center" styleCode="Rrule Botrule " valign="middle">
                              <paragraph>2</paragraph>
                           </td>
                        </tr>
                        <tr>
                           <td align="center" styleCode="Rrule Lrule Botrule " valign="middle">
                              <paragraph>60-71</paragraph>
                           </td>
                           <td align="center" styleCode="Rrule Botrule " valign="middle">
                              <paragraph>9-10</paragraph>
                           </td>
                           <td align="center" styleCode="Rrule Botrule " valign="middle">
                              <paragraph>2 ½</paragraph>
                           </td>
                        </tr>
                        <tr>
                           <td align="center" styleCode="Rrule Botrule Lrule " valign="middle">
                              <paragraph>72-95</paragraph>
                           </td>
                           <td align="center" styleCode="Rrule Botrule " valign="middle">
                              <paragraph>11</paragraph>
                           </td>
                           <td align="center" styleCode="Rrule Botrule " valign="middle">
                              <paragraph>3</paragraph>
                           </td>
                        </tr>
                     </tbody>
                  </table>
               </text>
               <effectiveTime value="20181201"/>
            </section>
         </component>
         <component>
            <section ID="i4i_storage_id_fee4d90d-7efc-4544-839a-1f60b633d779">
               <id root="4e4bd135-60ac-48a3-a258-0d9c24cfedf3"/>
               <code code="44425-7" codeSystem="2.16.840.1.113883.6.1" displayName="STORAGE AND HANDLING SECTION"/>
               <title>Other information</title>
               <text>
                  <list listType="unordered">
                     <item>
                        <caption>•</caption>phenylketonurics: contains phenylalanine 6 mg per tablet        </item>
                     <item>
                        <caption>•</caption>do not use if printed seal under cap is broken or missing</item>
                     <item>
                        <caption>•</caption>store at 20-25°C (68-77°F)   </item>
                     <item>
                        <caption>•</caption>see end panel for lot number and expiration date</item>
                  </list>
               </text>
               <effectiveTime value="20181201"/>
            </section>
         </component>
         <component>
            <section ID="i4i_inactive_ingredients_id_6d6cb693-6a97-434a-9f69-c2511b335937">
               <id root="146cd964-de2a-4961-b0e7-300c30ae01bb"/>
               <code code="51727-6" codeSystem="2.16.840.1.113883.6.1" displayName="INACTIVE INGREDIENT SECTION"/>
               <title>Inactive ingredients</title>
               <text>
                  <paragraph>acesulfame potassium, ammonium glycerrhizin, aspartame, carnauba wax, croscarmellose sodium, FD&amp;C yellow no. 6 aluminum lake, hypromellose, magnesium stearate, mannitol, natural and artificial flavors, prosweet, silicon dioxide, sodium lauryl sulfate, soybean oil, succinic acid </paragraph>
               </text>
               <effectiveTime value="20181201"/>
            </section>
         </component>
         <component>
            <section ID="i4i_OTC_Questions_id_35c61914-f29c-4c61-953a-b2d4bfe109c1">
               <id root="07190e56-8aad-449b-967b-c5460de09b11"/>
               <code code="53413-1" codeSystem="2.16.840.1.113883.6.1" displayName="OTC - QUESTIONS SECTION"/>
               <title>Questions or comments?</title>
               <text>
                  <paragraph>1-800-719-9260</paragraph>
               </text>
               <effectiveTime value="20181201"/>
            </section>
         </component>
         <component>
            <section ID="i4i_Principal_display_panel_id_5075bd88-f0c4-411d-96b9-b2dccae55baa">
               <id root="9cd4204e-17ea-4112-b9cd-070b611554d5"/>
               <code code="51945-4" codeSystem="2.16.840.1.113883.6.1" displayName="PACKAGE LABEL.PRINCIPAL DISPLAY PANEL"/>
               <title>Principal Display Panel</title>
               <text>
                  <paragraph>For Ages 2 to 11</paragraph>
                  <paragraph>See New Warnings Information</paragraph>
                  <paragraph>Junior Strength Ibuprofen Tablets, 100 mg</paragraph>
                  <paragraph>Lasts Up To 8 Hours</paragraph>
                  <paragraph>Pain Reliever / Fever Reducer (NSAID)</paragraph>
                  <paragraph>Orange Flavor</paragraph>
                  <paragraph>Compare to active ingredient of Motrin® Junior Strength</paragraph>
                  <paragraph>Manufactured by:</paragraph>
                  <paragraph>Perrigo  Allegan, MI  49010</paragraph>
                  <paragraph>Relabeled by:</paragraph>
                  <paragraph>Proficient Rx LP Thousand Oaks, CA 91320</paragraph>
                  <renderMultiMedia ID="id467" referencedObject="ID_2cf91b49-884a-4a93-96fb-1a014a90a45b">
                     <caption>Junior Strength Ibuprofen Tablets, 100 mg Carton Image 1 </caption>
                  </renderMultiMedia>
                  <renderMultiMedia ID="id469" referencedObject="CB625322-FE55-4AB9-8858-BD1395AB35E5">
                     <caption>Junior Strength Ibuprofen Tablets, 100 mg Carton Image 2 </caption>
                  </renderMultiMedia>
               </text>
               <effectiveTime value="20181201"/>
               <component>
                  <observationMedia ID="ID_2cf91b49-884a-4a93-96fb-1a014a90a45b">
                     <text>63187-856-24</text>
                     <value mediaType="image/jpeg" xsi:type="ED">
                        <reference value="67e15204-4f36-434d-8b2d-4889d7608204-01.jpg"/>
                     </value>
                  </observationMedia>
               </component>
               <component>
                  <observationMedia ID="CB625322-FE55-4AB9-8858-BD1395AB35E5">
                     <text>Junior Strength Ibuprofen Tablets, 100 mg Carton Image 2</text>
                     <value mediaType="image/jpeg" xsi:type="ED">
                        <reference value="67e15204-4f36-434d-8b2d-4889d7608204-02.jpg"/>
                     </value>
                  </observationMedia>
               </component>
            </section>
         </component>
      </structuredBody>
   </component>
</document>