<?xml version="1.0" encoding="UTF-8"?><?xml-stylesheet href="https://www.accessdata.fda.gov/spl/stylesheet/spl.xsl" type="text/xsl"?>
<document xmlns="urn:hl7-org:v3" xmlns:xsi="http://www.w3.org/2001/XMLSchema-instance" xsi:schemaLocation="urn:hl7-org:v3 https://www.accessdata.fda.gov/spl/schema/spl.xsd">
   <id root="0e164868-3781-4b14-9688-59db607420c7"/>
   <code code="34391-3" codeSystem="2.16.840.1.113883.6.1" displayName="HUMAN PRESCRIPTION DRUG LABEL"/>
   <title>IBU 800 MG</title>
   <effectiveTime value="20190320"/>
   <setId root="a156e748-72c2-437a-a778-1e665157baba"/>
   <versionNumber value="3245"/>
   <author>
      <time/>
      <assignedEntity>
         <representedOrganization>
            <id extension="831276758" root="1.3.6.1.4.1.519.1"/>
            <name>Lake Erie Medical DBA Quality Care Products LLC</name>
            <assignedEntity>
               <assignedOrganization>
                  <assignedEntity>
                     <assignedOrganization>
                        <id extension="831276758" root="1.3.6.1.4.1.519.1"/>
                        <name>Lake Erie Medical DBA Quality Care Products LLC</name>
                     </assignedOrganization>
                     <performance>
                        <actDefinition>
                           <code code="C73606" codeSystem="2.16.840.1.113883.3.26.1.1" displayName="repack"/>
                           <product>
                              <manufacturedProduct classCode="MANU">
                                 <manufacturedMaterialKind>
                                    <code code="49999-042" codeSystem="2.16.840.1.113883.6.69"/>
                                 </manufacturedMaterialKind>
                              </manufacturedProduct>
                           </product>
                        </actDefinition>
                     </performance>
                  </assignedEntity>
               </assignedOrganization>
            </assignedEntity>
         </representedOrganization>
      </assignedEntity>
   </author>
   <component>
      <structuredBody>
         <component>
            <section>
               <id root="c7ce2527-335f-4050-97ba-387dd9a5fb52"/>
               <code code="48780-1" codeSystem="2.16.840.1.113883.6.1" displayName="SPL listing data elements section"/>
               <effectiveTime value="20190320"/>
               <subject>
                  <manufacturedProduct>
                     <manufacturedProduct>
                        <code code="49999-042" codeSystem="2.16.840.1.113883.6.69"/>
                        <name>IBU</name>
                        <formCode code="C42998" codeSystem="2.16.840.1.113883.3.26.1.1" displayName="TABLET"/>
                        <asEntityWithGeneric>
                           <genericMedicine>
                              <name>Ibuprofen</name>
                           </genericMedicine>
                        </asEntityWithGeneric>
                        <asEquivalentEntity classCode="EQUIV">
                           <code code="C64637" codeSystem="2.16.840.1.113883.3.26.1.1"/>
                           <definingMaterialKind>
                              <code code="55111-684" codeSystem="2.16.840.1.113883.6.69"/>
                           </definingMaterialKind>
                        </asEquivalentEntity>
                        <ingredient classCode="ACTIB">
                           <quantity>
                              <numerator value="800" unit="mg"/>
                              <denominator value="1" unit="1"/>
                           </quantity>
                           <ingredientSubstance>
                              <code code="WK2XYI10QM" codeSystem="2.16.840.1.113883.4.9"/>
                              <name>IBUPROFEN</name>
                              <activeMoiety>
                                 <activeMoiety>
                                    <code code="WK2XYI10QM" codeSystem="2.16.840.1.113883.4.9"/>
                                    <name>IBUPROFEN</name>
                                 </activeMoiety>
                              </activeMoiety>
                           </ingredientSubstance>
                        </ingredient>
                        <ingredient classCode="IACT">
                           <ingredientSubstance>
                              <code code="R12CBM0EIZ" codeSystem="2.16.840.1.113883.4.9"/>
                              <name>CARNAUBA WAX</name>
                           </ingredientSubstance>
                        </ingredient>
                        <ingredient classCode="IACT">
                           <ingredientSubstance>
                              <code code="ETJ7Z6XBU4" codeSystem="2.16.840.1.113883.4.9"/>
                              <name>SILICON DIOXIDE</name>
                           </ingredientSubstance>
                        </ingredient>
                        <ingredient classCode="IACT">
                           <ingredientSubstance>
                              <code code="M28OL1HH48" codeSystem="2.16.840.1.113883.4.9"/>
                              <name>CROSCARMELLOSE SODIUM</name>
                           </ingredientSubstance>
                        </ingredient>
                        <ingredient classCode="IACT">
                           <ingredientSubstance>
                              <code code="3NXW29V3WO" codeSystem="2.16.840.1.113883.4.9"/>
                              <name>HYPROMELLOSES</name>
                           </ingredientSubstance>
                        </ingredient>
                        <ingredient classCode="IACT">
                           <ingredientSubstance>
                              <code code="70097M6I30" codeSystem="2.16.840.1.113883.4.9"/>
                              <name>MAGNESIUM STEARATE</name>
                           </ingredientSubstance>
                        </ingredient>
                        <ingredient classCode="IACT">
                           <ingredientSubstance>
                              <code code="OP1R32D61U" codeSystem="2.16.840.1.113883.4.9"/>
                              <name>CELLULOSE, MICROCRYSTALLINE</name>
                           </ingredientSubstance>
                        </ingredient>
                        <ingredient classCode="IACT">
                           <ingredientSubstance>
                              <code code="VH2XOU12IE" codeSystem="2.16.840.1.113883.4.9"/>
                              <name>POLYDEXTROSE</name>
                           </ingredientSubstance>
                        </ingredient>
                        <ingredient classCode="IACT">
                           <ingredientSubstance>
                              <code code="3WJQ0SDW1A" codeSystem="2.16.840.1.113883.4.9"/>
                              <name>POLYETHYLENE GLYCOL</name>
                           </ingredientSubstance>
                        </ingredient>
                        <ingredient classCode="IACT">
                           <ingredientSubstance>
                              <code code="6OZP39ZG8H" codeSystem="2.16.840.1.113883.4.9"/>
                              <name>POLYSORBATE 80</name>
                           </ingredientSubstance>
                        </ingredient>
                        <ingredient classCode="IACT">
                           <ingredientSubstance>
                              <code code="15FIX9V2JP" codeSystem="2.16.840.1.113883.4.9"/>
                              <name>TITANIUM DIOXIDE</name>
                           </ingredientSubstance>
                        </ingredient>
                        <asContent>
                           <quantity>
                              <numerator value="100" unit="1"/>
                              <denominator value="1"/>
                           </quantity>
                           <containerPackagedProduct>
                              <code code="49999-042-00" codeSystem="2.16.840.1.113883.6.69"/>
                              <formCode code="C43173" codeSystem="2.16.840.1.113883.3.26.1.1" displayName="BOTTLE, PLASTIC"/>
                           </containerPackagedProduct>
                           <subjectOf>
                              <characteristic classCode="OBS">
                                 <code code="SPLCMBPRDTP" codeSystem="2.16.840.1.113883.1.11.19255"/>
                                 <value code="C112160" displayName="Type 0: Not a Combination Product" codeSystem="2.16.840.1.113883.3.26.1.1" xsi:type="CE"/>
                              </characteristic>
                           </subjectOf>
                           <subjectOf>
                              <marketingAct>
                                 <code code="C53292" codeSystem="2.16.840.1.113883.3.26.1.1"/>
                                 <statusCode code="completed"/>
                                 <effectiveTime>
                                    <low value="20101019"/>
                                    <high value="20140601"/>
                                 </effectiveTime>
                              </marketingAct>
                           </subjectOf>
                        </asContent>
                        <asContent>
                           <quantity>
                              <numerator value="10" unit="1"/>
                              <denominator value="1"/>
                           </quantity>
                           <containerPackagedProduct>
                              <code code="49999-042-10" codeSystem="2.16.840.1.113883.6.69"/>
                              <formCode code="C43173" codeSystem="2.16.840.1.113883.3.26.1.1" displayName="BOTTLE, PLASTIC"/>
                           </containerPackagedProduct>
                           <subjectOf>
                              <characteristic classCode="OBS">
                                 <code code="SPLCMBPRDTP" codeSystem="2.16.840.1.113883.1.11.19255"/>
                                 <value code="C112160" displayName="Type 0: Not a Combination Product" codeSystem="2.16.840.1.113883.3.26.1.1" xsi:type="CE"/>
                              </characteristic>
                           </subjectOf>
                           <subjectOf>
                              <marketingAct>
                                 <code code="C53292" codeSystem="2.16.840.1.113883.3.26.1.1"/>
                                 <statusCode code="completed"/>
                                 <effectiveTime>
                                    <low value="20101019"/>
                                    <high value="20140601"/>
                                 </effectiveTime>
                              </marketingAct>
                           </subjectOf>
                        </asContent>
                        <asContent>
                           <quantity>
                              <numerator value="15" unit="1"/>
                              <denominator value="1"/>
                           </quantity>
                           <containerPackagedProduct>
                              <code code="49999-042-15" codeSystem="2.16.840.1.113883.6.69"/>
                              <formCode code="C43173" codeSystem="2.16.840.1.113883.3.26.1.1" displayName="BOTTLE, PLASTIC"/>
                           </containerPackagedProduct>
                           <subjectOf>
                              <characteristic classCode="OBS">
                                 <code code="SPLCMBPRDTP" codeSystem="2.16.840.1.113883.1.11.19255"/>
                                 <value code="C112160" displayName="Type 0: Not a Combination Product" codeSystem="2.16.840.1.113883.3.26.1.1" xsi:type="CE"/>
                              </characteristic>
                           </subjectOf>
                           <subjectOf>
                              <marketingAct>
                                 <code code="C53292" codeSystem="2.16.840.1.113883.3.26.1.1"/>
                                 <statusCode code="completed"/>
                                 <effectiveTime>
                                    <low value="20101019"/>
                                    <high value="20140601"/>
                                 </effectiveTime>
                              </marketingAct>
                           </subjectOf>
                        </asContent>
                        <asContent>
                           <quantity>
                              <numerator value="18" unit="1"/>
                              <denominator value="1"/>
                           </quantity>
                           <containerPackagedProduct>
                              <code code="49999-042-18" codeSystem="2.16.840.1.113883.6.69"/>
                              <formCode code="C43173" codeSystem="2.16.840.1.113883.3.26.1.1" displayName="BOTTLE, PLASTIC"/>
                           </containerPackagedProduct>
                           <subjectOf>
                              <characteristic classCode="OBS">
                                 <code code="SPLCMBPRDTP" codeSystem="2.16.840.1.113883.1.11.19255"/>
                                 <value code="C112160" displayName="Type 0: Not a Combination Product" codeSystem="2.16.840.1.113883.3.26.1.1" xsi:type="CE"/>
                              </characteristic>
                           </subjectOf>
                           <subjectOf>
                              <marketingAct>
                                 <code code="C53292" codeSystem="2.16.840.1.113883.3.26.1.1"/>
                                 <statusCode code="completed"/>
                                 <effectiveTime>
                                    <low value="20101019"/>
                                    <high value="20140601"/>
                                 </effectiveTime>
                              </marketingAct>
                           </subjectOf>
                        </asContent>
                        <asContent>
                           <quantity>
                              <numerator value="20" unit="1"/>
                              <denominator value="1"/>
                           </quantity>
                           <containerPackagedProduct>
                              <code code="49999-042-20" codeSystem="2.16.840.1.113883.6.69"/>
                              <formCode code="C43173" codeSystem="2.16.840.1.113883.3.26.1.1" displayName="BOTTLE, PLASTIC"/>
                           </containerPackagedProduct>
                           <subjectOf>
                              <characteristic classCode="OBS">
                                 <code code="SPLCMBPRDTP" codeSystem="2.16.840.1.113883.1.11.19255"/>
                                 <value code="C112160" displayName="Type 0: Not a Combination Product" codeSystem="2.16.840.1.113883.3.26.1.1" xsi:type="CE"/>
                              </characteristic>
                           </subjectOf>
                           <subjectOf>
                              <marketingAct>
                                 <code code="C53292" codeSystem="2.16.840.1.113883.3.26.1.1"/>
                                 <statusCode code="active"/>
                                 <effectiveTime>
                                    <low value="20101019"/>
                                 </effectiveTime>
                              </marketingAct>
                           </subjectOf>
                        </asContent>
                        <asContent>
                           <quantity>
                              <numerator value="21" unit="1"/>
                              <denominator value="1"/>
                           </quantity>
                           <containerPackagedProduct>
                              <code code="49999-042-21" codeSystem="2.16.840.1.113883.6.69"/>
                              <formCode code="C43173" codeSystem="2.16.840.1.113883.3.26.1.1" displayName="BOTTLE, PLASTIC"/>
                           </containerPackagedProduct>
                           <subjectOf>
                              <characteristic classCode="OBS">
                                 <code code="SPLCMBPRDTP" codeSystem="2.16.840.1.113883.1.11.19255"/>
                                 <value code="C112160" displayName="Type 0: Not a Combination Product" codeSystem="2.16.840.1.113883.3.26.1.1" xsi:type="CE"/>
                              </characteristic>
                           </subjectOf>
                           <subjectOf>
                              <marketingAct>
                                 <code code="C53292" codeSystem="2.16.840.1.113883.3.26.1.1"/>
                                 <statusCode code="active"/>
                                 <effectiveTime>
                                    <low value="20181109"/>
                                 </effectiveTime>
                              </marketingAct>
                           </subjectOf>
                        </asContent>
                        <asContent>
                           <quantity>
                              <numerator value="25" unit="1"/>
                              <denominator value="1"/>
                           </quantity>
                           <containerPackagedProduct>
                              <code code="49999-042-25" codeSystem="2.16.840.1.113883.6.69"/>
                              <formCode code="C43173" codeSystem="2.16.840.1.113883.3.26.1.1" displayName="BOTTLE, PLASTIC"/>
                           </containerPackagedProduct>
                           <subjectOf>
                              <characteristic classCode="OBS">
                                 <code code="SPLCMBPRDTP" codeSystem="2.16.840.1.113883.1.11.19255"/>
                                 <value code="C112160" displayName="Type 0: Not a Combination Product" codeSystem="2.16.840.1.113883.3.26.1.1" xsi:type="CE"/>
                              </characteristic>
                           </subjectOf>
                           <subjectOf>
                              <marketingAct>
                                 <code code="C53292" codeSystem="2.16.840.1.113883.3.26.1.1"/>
                                 <statusCode code="completed"/>
                                 <effectiveTime>
                                    <low value="20101019"/>
                                    <high value="20140601"/>
                                 </effectiveTime>
                              </marketingAct>
                           </subjectOf>
                        </asContent>
                        <asContent>
                           <quantity>
                              <numerator value="30" unit="1"/>
                              <denominator value="1"/>
                           </quantity>
                           <containerPackagedProduct>
                              <code code="49999-042-30" codeSystem="2.16.840.1.113883.6.69"/>
                              <formCode code="C43173" codeSystem="2.16.840.1.113883.3.26.1.1" displayName="BOTTLE, PLASTIC"/>
                           </containerPackagedProduct>
                           <subjectOf>
                              <characteristic classCode="OBS">
                                 <code code="SPLCMBPRDTP" codeSystem="2.16.840.1.113883.1.11.19255"/>
                                 <value code="C112160" displayName="Type 0: Not a Combination Product" codeSystem="2.16.840.1.113883.3.26.1.1" xsi:type="CE"/>
                              </characteristic>
                           </subjectOf>
                           <subjectOf>
                              <marketingAct>
                                 <code code="C53292" codeSystem="2.16.840.1.113883.3.26.1.1"/>
                                 <statusCode code="active"/>
                                 <effectiveTime>
                                    <low value="20101019"/>
                                 </effectiveTime>
                              </marketingAct>
                           </subjectOf>
                        </asContent>
                        <asContent>
                           <quantity>
                              <numerator value="40" unit="1"/>
                              <denominator value="1"/>
                           </quantity>
                           <containerPackagedProduct>
                              <code code="49999-042-40" codeSystem="2.16.840.1.113883.6.69"/>
                              <formCode code="C43173" codeSystem="2.16.840.1.113883.3.26.1.1" displayName="BOTTLE, PLASTIC"/>
                           </containerPackagedProduct>
                           <subjectOf>
                              <characteristic classCode="OBS">
                                 <code code="SPLCMBPRDTP" codeSystem="2.16.840.1.113883.1.11.19255"/>
                                 <value code="C112160" displayName="Type 0: Not a Combination Product" codeSystem="2.16.840.1.113883.3.26.1.1" xsi:type="CE"/>
                              </characteristic>
                           </subjectOf>
                           <subjectOf>
                              <marketingAct>
                                 <code code="C53292" codeSystem="2.16.840.1.113883.3.26.1.1"/>
                                 <statusCode code="active"/>
                                 <effectiveTime>
                                    <low value="20101019"/>
                                 </effectiveTime>
                              </marketingAct>
                           </subjectOf>
                        </asContent>
                        <asContent>
                           <quantity>
                              <numerator value="60" unit="1"/>
                              <denominator value="1"/>
                           </quantity>
                           <containerPackagedProduct>
                              <code code="49999-042-60" codeSystem="2.16.840.1.113883.6.69"/>
                              <formCode code="C43173" codeSystem="2.16.840.1.113883.3.26.1.1" displayName="BOTTLE, PLASTIC"/>
                           </containerPackagedProduct>
                           <subjectOf>
                              <characteristic classCode="OBS">
                                 <code code="SPLCMBPRDTP" codeSystem="2.16.840.1.113883.1.11.19255"/>
                                 <value code="C112160" displayName="Type 0: Not a Combination Product" codeSystem="2.16.840.1.113883.3.26.1.1" xsi:type="CE"/>
                              </characteristic>
                           </subjectOf>
                           <subjectOf>
                              <marketingAct>
                                 <code code="C53292" codeSystem="2.16.840.1.113883.3.26.1.1"/>
                                 <statusCode code="completed"/>
                                 <effectiveTime>
                                    <low value="20101019"/>
                                    <high value="20140601"/>
                                 </effectiveTime>
                              </marketingAct>
                           </subjectOf>
                        </asContent>
                        <asContent>
                           <quantity>
                              <numerator value="90" unit="1"/>
                              <denominator value="1"/>
                           </quantity>
                           <containerPackagedProduct>
                              <code code="49999-042-90" codeSystem="2.16.840.1.113883.6.69"/>
                              <formCode code="C43173" codeSystem="2.16.840.1.113883.3.26.1.1" displayName="BOTTLE, PLASTIC"/>
                           </containerPackagedProduct>
                           <subjectOf>
                              <characteristic classCode="OBS">
                                 <code code="SPLCMBPRDTP" codeSystem="2.16.840.1.113883.1.11.19255"/>
                                 <value code="C112160" displayName="Type 0: Not a Combination Product" codeSystem="2.16.840.1.113883.3.26.1.1" xsi:type="CE"/>
                              </characteristic>
                           </subjectOf>
                           <subjectOf>
                              <marketingAct>
                                 <code code="C53292" codeSystem="2.16.840.1.113883.3.26.1.1"/>
                                 <statusCode code="active"/>
                                 <effectiveTime>
                                    <low value="20101019"/>
                                 </effectiveTime>
                              </marketingAct>
                           </subjectOf>
                        </asContent>
                        <asContent>
                           <quantity>
                              <numerator value="50" unit="1"/>
                              <denominator value="1"/>
                           </quantity>
                           <containerPackagedProduct>
                              <code code="49999-042-50" codeSystem="2.16.840.1.113883.6.69"/>
                              <formCode code="C43173" codeSystem="2.16.840.1.113883.3.26.1.1" displayName="BOTTLE, PLASTIC"/>
                           </containerPackagedProduct>
                           <subjectOf>
                              <characteristic classCode="OBS">
                                 <code code="SPLCMBPRDTP" codeSystem="2.16.840.1.113883.1.11.19255"/>
                                 <value code="C112160" displayName="Type 0: Not a Combination Product" codeSystem="2.16.840.1.113883.3.26.1.1" xsi:type="CE"/>
                              </characteristic>
                           </subjectOf>
                           <subjectOf>
                              <marketingAct>
                                 <code code="C53292" codeSystem="2.16.840.1.113883.3.26.1.1"/>
                                 <statusCode code="completed"/>
                                 <effectiveTime>
                                    <low value="20101019"/>
                                    <high value="20140601"/>
                                 </effectiveTime>
                              </marketingAct>
                           </subjectOf>
                        </asContent>
                        <asContent>
                           <quantity>
                              <numerator value="120" unit="1"/>
                              <denominator value="1"/>
                           </quantity>
                           <containerPackagedProduct>
                              <code code="49999-042-01" codeSystem="2.16.840.1.113883.6.69"/>
                              <formCode code="C43173" codeSystem="2.16.840.1.113883.3.26.1.1" displayName="BOTTLE, PLASTIC"/>
                           </containerPackagedProduct>
                           <subjectOf>
                              <characteristic classCode="OBS">
                                 <code code="SPLCMBPRDTP" codeSystem="2.16.840.1.113883.1.11.19255"/>
                                 <value code="C112160" displayName="Type 0: Not a Combination Product" codeSystem="2.16.840.1.113883.3.26.1.1" xsi:type="CE"/>
                              </characteristic>
                           </subjectOf>
                           <subjectOf>
                              <marketingAct>
                                 <code code="C53292" codeSystem="2.16.840.1.113883.3.26.1.1"/>
                                 <statusCode code="completed"/>
                                 <effectiveTime>
                                    <low value="20101019"/>
                                    <high value="20140601"/>
                                 </effectiveTime>
                              </marketingAct>
                           </subjectOf>
                        </asContent>
                     </manufacturedProduct>
                     <subjectOf>
                        <marketingAct>
                           <code code="C53292" codeSystem="2.16.840.1.113883.3.26.1.1"/>
                           <statusCode code="active"/>
                           <effectiveTime>
                              <low value="20101019"/>
                           </effectiveTime>
                        </marketingAct>
                     </subjectOf>
                     <subjectOf>
                        <approval>
                           <id extension="ANDA076112" root="2.16.840.1.113883.3.150"/>
                           <code code="C73584" codeSystem="2.16.840.1.113883.3.26.1.1" displayName="ANDA"/>
                           <author>
                              <territorialAuthority>
                                 <territory>
                                    <code code="USA" codeSystem="2.16.840.1.113883.5.28"/>
                                 </territory>
                              </territorialAuthority>
                           </author>
                        </approval>
                     </subjectOf>
                     <subjectOf>
                        <characteristic classCode="OBS">
                           <code code="SPLCOLOR" codeSystem="2.16.840.1.113883.1.11.19255"/>
                           <value code="C48325" codeSystem="2.16.840.1.113883.3.26.1.1" displayName="white" xsi:type="CE"/>
                        </characteristic>
                     </subjectOf>
                     <subjectOf>
                        <characteristic classCode="OBS">
                           <code code="SPLSCORE" codeSystem="2.16.840.1.113883.1.11.19255"/>
                           <value value="1" xsi:type="INT"/>
                        </characteristic>
                     </subjectOf>
                     <subjectOf>
                        <characteristic classCode="OBS">
                           <code code="SPLSHAPE" codeSystem="2.16.840.1.113883.1.11.19255"/>
                           <value code="C48336" codeSystem="2.16.840.1.113883.3.26.1.1" displayName="CAPSULE" xsi:type="CE"/>
                        </characteristic>
                     </subjectOf>
                     <subjectOf>
                        <characteristic classCode="OBS">
                           <code code="SPLIMPRINT" codeSystem="2.16.840.1.113883.1.11.19255"/>
                           <value xsi:type="ST">8I</value>
                        </characteristic>
                     </subjectOf>
                     <subjectOf>
                        <characteristic classCode="OBS">
                           <code code="SPLSIZE" codeSystem="2.16.840.1.113883.1.11.19255"/>
                           <value unit="mm" value="9" xsi:type="PQ"/>
                        </characteristic>
                     </subjectOf>
                     <consumedIn>
                        <substanceAdministration>
                           <routeCode code="C38288" codeSystem="2.16.840.1.113883.3.26.1.1" displayName="ORAL"/>
                        </substanceAdministration>
                     </consumedIn>
                  </manufacturedProduct>
               </subject>
            </section>
         </component>
         <component>
            <section>
               <id root="f902df8d-44e0-460d-a6d4-95729bc5dd87"/>
               <code code="34089-3" codeSystem="2.16.840.1.113883.6.1" displayName="DESCRIPTION SECTION"/>
               <text>
                  <paragraph>Enter section text here</paragraph>
               </text>
               <effectiveTime value="20101019"/>
            </section>
         </component>
         <component>
            <section>
               <id root="99e08b6e-fe49-475b-b433-a55459b14ad0"/>
               <code code="34090-1" codeSystem="2.16.840.1.113883.6.1" displayName="CLINICAL PHARMACOLOGY SECTION"/>
               <text>
                  <paragraph>Enter section text here</paragraph>
               </text>
               <effectiveTime value="20101019"/>
            </section>
         </component>
         <component>
            <section>
               <id root="cdd5bc4c-ece6-43e2-8dda-a2b5ff1b0604"/>
               <code code="34067-9" codeSystem="2.16.840.1.113883.6.1" displayName="INDICATIONS &amp; USAGE SECTION"/>
               <text>
                  <paragraph>INDICATIONS AND USAGE</paragraph>
                  <paragraph>Carefully consider the potential benefits and risks of Ibuprofentablets and other treatment options before deciding to use Ibuprofen.Use the lowest effective dose for the shortest duration consistent withindividual patient treatment goals (see <content styleCode="bold">
                        <linkHtml href="#WARNINGS">WARNINGS</linkHtml>
                     </content>).</paragraph>
                  <paragraph>IBU tablets are indicated for relief of the signs and symptoms of rheumatoid arthritis and osteoarthritis.</paragraph>
                  <paragraph>IBU tablets are indicated for relief of mild to moderate pain.</paragraph>
                  <paragraph>IBU tablets are also indicated for the treatment of primary dysmenorrhea.</paragraph>
                  <paragraph>Controlled clinical trials to establish the safety and effectiveness of IBU tablets in children have not been conducted.</paragraph>
                  <paragraph/>
               </text>
               <effectiveTime value="20170201"/>
            </section>
         </component>
         <component>
            <section>
               <id root="75fa5cd2-d476-49d0-a9f7-04a44d38dd81"/>
               <code code="34070-3" codeSystem="2.16.840.1.113883.6.1" displayName="CONTRAINDICATIONS SECTION"/>
               <text>
                  <paragraph>CONTRAINDICATIONS</paragraph>
                  <paragraph>IBU tablets are contraindicated in patients with known hypersensitivityto ibuprofen.</paragraph>
                  <paragraph>IBU tablets should not be given to patients who have experienced asthma, urticaria, or allergic-type reactions after taking aspirin orother NSAIDs. Severe, rarely fatal, anaphylactic-like reactions to NSAIDs have been reported in such patients (see <content styleCode="bold">
                        <linkHtml href="#WARNINGS">WARNINGS, Anaphylactoid Reactions,</linkHtml>
                     </content>
                     <content styleCode="bold"> and </content>
                     <content styleCode="bold">
                        <linkHtml href="#_290752df-9194-c5e6-15be-f490cc664a97">PRECAUTIONS, Preexisting Asthma</linkHtml>
                     </content>
                     <content styleCode="bold">).</content>
                  </paragraph>
                  <paragraph>IBU tablets are contraindicated for the treatment of peri-operative pain in the setting of coronary artery bypass graft (CABG) surgery(see <content styleCode="bold">
                        <linkHtml href="#WARNINGS">WARNINGS</linkHtml>
                     </content>).</paragraph>
                  <paragraph/>
               </text>
               <effectiveTime value="20170201"/>
            </section>
         </component>
         <component>
            <section>
               <id root="faaa259e-b68a-4f0a-950c-5ea38260e116"/>
               <code code="34071-1" codeSystem="2.16.840.1.113883.6.1" displayName="WARNINGS SECTION"/>
               <text>
                  <paragraph> WARNINGS<content styleCode="bold">CARDIOVASCULAR EFFECTS</content>
                     <content styleCode="bold">Cardiovascular Thrombotic Events</content>
                  </paragraph>
                  <paragraph>Clinical trials of several COX-2 selective and nonselective NSAIDsof up to three years duration have shown an increased risk of seriouscardiovascular (CV) thrombotic events, myocardial infarction, andstroke, which can be fatal. All NSAIDs, both COX-2 selective and nonselective,may have a similar risk. Patients with known CV disease orrisk factors for CV disease may be at greater risk. To minimize thepotential risk for an adverse CV event in patients treated with anNSAID, the lowest effective dose should be used for the shortestduration possible. Physicians and patients should remain alert for thedevelopment of such events, even in the absence of previous CVsymptoms. Patients should be informed about the signs and/orsymptoms of serious CV events and the steps to take if they occur.</paragraph>
                  <paragraph>There is no consistent evidence that concurrent use of aspirin mitigatesthe increased risk of serious CV thrombotic events associatedwith NSAID use. The concurrent use of aspirin and an NSAID doesincrease the risk of serious GI events (see <content styleCode="bold">GI </content>
                     <content styleCode="bold">
                        <linkHtml href="#BOXED_WARNING">WARNINGS)</linkHtml>
                     </content>.</paragraph>
                  <paragraph>Two large, controlled clinical trials of a COX-2 selective NSAID forthe treatment of pain in the first 10-14 days following CABG surgeryfound an increased incidence of myocardial infarction and stroke (see <content styleCode="bold">
                        <linkHtml href="#CONTRAINDICATIONS">CONTRAINDICATIONS</linkHtml>
                     </content>
                     <content styleCode="bold">).</content>
                  </paragraph>
                  <paragraph>
                     <content styleCode="bold">Hypertension</content>
                  </paragraph>
                  <paragraph>NSAIDs including IBU tablets, can lead to onset of new hypertensionor worsening of preexisting hypertension, either of which maycontribute to the increased incidence of CV events. Patients takingthiazides or loop diuretics may have impaired response to these therapieswhen taking NSAIDs. NSAIDs, including IBU tablets, should beused with caution in patients with hypertension. Blood pressure (BP)should be monitored closely during the initiation of NSAID treatmentand throughout the course of therapy.</paragraph>
                  <paragraph>
                     <content styleCode="bold">Congestive Heart Failure and Edema</content>
                  </paragraph>
                  <paragraph>Fluid retention and edema have been observed in some patients taking NSAIDs. IBU tablets should be used with caution in patients with fluid retention or heart failure.</paragraph>
                  <paragraph>
                     <content styleCode="bold">Gastrointestinal Effects - Risk of Ulceration, Bleeding, and Perforation</content>
                  </paragraph>
                  <paragraph>NSAIDs, including IBU tablets, can cause serious gastrointestinal(GI) adverse events including inflammation, bleeding, ulceration, and perforation of the stomach, small intestine, or large intestine, which can be fatal. These serious adverse events can occur at any time, with or without warning symptoms, in patients treated with NSAIDs. Only one in five patients, who develop a serious upper GI adverse event on NSAID therapy, is symptomatic. Upper GI ulcers, gross bleeding, or perforation caused by NSAIDs occur in approximately 1% of patientstreated for 3-6 months, and in about 2-4% of patients treated for oneyear. These trends continue with longer duration of use, increasing the likelihood of developing a serious GI event at some time during the course of therapy. However, even short-term therapy is not without risk. NSAIDs should be prescribed with extreme caution in thosewith a prior history of ulcer disease or gastrointestinal bleeding.Patients with a prior history of peptic ulcer disease and/or gastrointestinal bleeding who use NSAIDs have a greater than 10-fold increased risk for developing a GI bleed compared to patients treatedwith neither of these risk factors. Other factors that increase the riskof GI bleeding in patients treated with NSAIDs include concomitant use of oral corticosteroids or anticoagulants, longer duration of NSAID therapy, smoking, use of alcohol, older age, and poor general health status. Most spontaneous reports of fatal GI events are in elderly or debilitated patients and therefore, special care should be taken in treating this population. To minimize the potential risk for an adverse GI event in patients treated with an NSAID, the lowest effective dose should be used for the shortest possible duration. Patients and physicians should remain alert for signs and symptoms of GIulcerations and bleeding during NSAID therapy and promptly initiate additional evaluation and treatment if a serious GI event is suspected.This should include discontinuation of the NSAID until a serious GI adverse event is ruled out. For high-risk patients, alternate therapies that do not involve NSAIDs should be considered.</paragraph>
                  <paragraph>
                     <content styleCode="bold">Renal Effects</content>
                  </paragraph>
                  <paragraph>Long-term administration of NSAIDs has resulted in renal papillary necrosis and other renal injury. Renal toxicity has also been seen in patients in whom renal prostaglandins have a compensatory role in the maintenance of renal perfusion. In these patients, administration of a NSAID may cause a dose dependent reduction in prostaglandin formation and, secondarily, in renal blood flow, which may precipitate overt renal decompensation. Patients at greatest riskof this reaction are those with impaired renal function, heart failure,liver dysfunction, those taking diuretics and ACE inhibitors, and the elderly. Discontinuation of NSAID therapy is usually followed by recovery to the pretreatment state.</paragraph>
                  <paragraph>
                     <content styleCode="bold">Advanced Renal Disease</content>
                  </paragraph>
                  <paragraph>No information is available from controlled clinical studies regarding the use of Ibuprofen tablets in patients with advanced renal disease.Therefore, treatment with IBU tablets is not recommended in these patients with advanced renal disease. If IBU tablet therapy must be initiated, close monitoring of the patients renal function is advisable.</paragraph>
                  <paragraph>
                     <content styleCode="bold">Anaphylactoid Reactions</content>
                  </paragraph>
                  <paragraph>As with other NSAIDs, anaphylactoid reactions may occur inpatients without known prior exposure to IBU tablets. IBU tablets should not be given to patients with the aspirin triad. This symptom complex typically occurs in asthmatic patients who experience rhinitis with or without nasal polyps, or who exhibit severe, potentially fatal bronchospasm after taking aspirin or other NSAIDs (see <content styleCode="bold">
                        <linkHtml href="#CONTRAINDICATIONS">CONTRAINDICATIONS</linkHtml>
                     </content>
                     <content styleCode="bold"> and </content>
                     <content styleCode="bold">
                        <linkHtml href="#_290752df-9194-c5e6-15be-f490cc664a97">PRECAUTIONS, Preexisting Asthma)</linkHtml>
                     </content>
                     <content styleCode="bold">.</content>Emergency help should be sought in cases where an anaphylactoidreaction occurs</paragraph>
                  <paragraph>
                     <content styleCode="bold">Skin Reactions</content>
                  </paragraph>
                  <paragraph>NSAIDs, including IBU tablets, can cause serious skin adverse events such as exfoliative dermatitis, Stevens-Johnson Syndrome(SJS), and toxic epidermal necrolysis (TEN), which can be fatal.These serious events may occur without warning. Patients should be informed about the signs and symptoms of serious skin manifestations and use of the drug should be discontinued at the first appearance of skin rash or any other sign of hypersensitivity.</paragraph>
                  <paragraph>
                     <content styleCode="bold">Pregnancy</content>
                  </paragraph>
                  <paragraph>In late pregnancy, as with other NSAIDs, IBU tablets should beavoided because it may cause premature closure of the ductus arteriosus.</paragraph>
                  <paragraph/>
               </text>
               <effectiveTime value="20170201"/>
            </section>
         </component>
         <component>
            <section>
               <id root="5cef03d2-dd55-4884-a064-216fe9dbeed0"/>
               <code code="42232-9" codeSystem="2.16.840.1.113883.6.1" displayName="PRECAUTIONS SECTION"/>
               <text>
                  <paragraph> PRECAUTIONS<br/>General</paragraph>
                  <paragraph>IBU tablets cannot be expected to substitute for corticosteroids orto treat corticosteroid insufficiency. Abrupt discontinuation of corticosteroidsmay lead to disease exacerbation. Patients on prolongedcorticosteroid therapy should have their therapy tapered slowly if adecision is made to discontinue corticosteroids.</paragraph>
                  <paragraph>The pharmacological activity of IBU tablets in reducing fever andinflammation may diminish the utility of these diagnostic signs indetecting complications of presumed noninfectious, painful conditions.</paragraph>
                  <paragraph>
                     <br/>
                     <content styleCode="bold">Hepatic effects</content>
                  </paragraph>
                  <paragraph>Borderline elevations of one or more liver tests may occur in upto 15% of patients taking NSAIDs, including IBU tablets. These laboratoryabnormalities may progress, may remain unchanged, or maybe transient with continuing therapy. Notable elevations of ALT orAST (approximately three or more times the upper limit of normal)have been reported in approximately 1% of patients in clinical trialswith NSAIDs. In addition, rare cases of severe hepatic reactions,including jaundice, fulminant hepatitis, liver necrosis, and hepaticfailure, some of them with fatal outcomes have been reported. Apatient with symptoms and/or signs suggesting liver dysfunction, orwith abnormal liver test values, should be evaluated for evidence ofthe development of a more severe hepatic reaction while on therapywith IBU tablets. If clinical signs and symptoms consistent with liverdisease develop, or if systemic manifestations occur (e.g.,eosinophilia, rash, etc.), IBU tablets should be discontinued.</paragraph>
                  <paragraph>
                     <content styleCode="bold">Hematological effects</content>
                  </paragraph>
                  <paragraph>Anemia is sometimes seen in patients receiving NSAIDs, includingIBU tablets. This may be due to fluid retention, occult or gross GIblood loss, or an incompletely described effect upon erythropoiesis.Patients on long-term treatment with NSAIDs, including IBU tablets,should have their hemoglobin or hematocrit checked if they exhibitany signs or symptoms of anemia.</paragraph>
                  <paragraph>In two postmarketing clinical studies the incidence of a decreasedhemoglobin level was greater than previously reported. Decrease inhemoglobin of 1 gram or more was observed in 17.1% of 193patients on 1600 mg ibuprofen daily (osteoarthritis), and in 22.8% of189 patients taking 2400 mg of ibuprofen daily (rheumatoid arthritis).Positive stool occult blood tests and elevated serum creatinine levelswere also observed in these studies.</paragraph>
                  <paragraph>NSAIDs inhibit platelet aggregation and have been shown to prolongbleeding time in some patients. Unlike aspirin, their effect onplatelet function is quantitatively less, of shorter duration, and reversible.</paragraph>
                  <paragraph>Patients receiving IBU tablets who may be adversely affected byalterations in platelet function, such as those with coagulation disordersor patients receiving anticoagulants should be carefully monitored.</paragraph>
                  <paragraph>
                     <content styleCode="bold">Preexisting asthma</content>
                  </paragraph>
                  <paragraph>Patients with asthma may have aspirin-sensitive asthma. The useof aspirin in patients with aspirin-sensitive asthma has been associatedwith severe bronchospasm, which can be fatal. Since cross reactivity,including bronchospasm, between aspirin and NSAIDs hasbeen reported in such aspirin-sensitive patients, IBU tablets shouldnot be administered to patients with this form of aspirin sensitivityand should be used with caution in patients with preexisting asthma.</paragraph>
                  <paragraph>
                     <content styleCode="bold">Ophthalmological effects</content>.</paragraph>
                  <paragraph>Blurred and/or diminished vision, scotomata, and/or changes incolor vision have been reported. If a patient develops such complaintswhile receiving IBU tablets, the drug should be discontinued, and thepatient should have an ophthalmologic examination which includescentral visual fields and color vision testing.</paragraph>
                  <paragraph>
                     <content styleCode="bold">Aseptic Meningitis</content>
                  </paragraph>
                  <paragraph>Aseptic meningitis with fever and coma has been observed on rareoccasions in patients on ibuprofen therapy. Although it is probablymore likely to occur in patients with systemic lupus erythematosusand related connective tissue diseases, it has been reported inpatients who do not have an underlying chronic disease. If signs orsymptoms of meningitis develop in a patient on IBU tablets, the possibilityof its being related to IBU tablets should be considered.</paragraph>
                  <paragraph>
                     <content styleCode="bold">Laboratory Tests</content>
                  </paragraph>
                  <paragraph>Because serious GI tract ulcerations and bleeding can occur withoutwarning symptoms, physicians should monitor for signs orsymptoms of GI bleeding. Patients on long-term treatment withNSAIDs should have their CBC and chemistry profile checked periodically.If clinical signs and symptoms consistent with liver or renaldisease develop, systemic manifestations occur (e.g., eosinophilia,rash etc.), or abnormal liver tests persist or worsen, IBU tabletsshould be discontinued.</paragraph>
                  <paragraph>
                     <content styleCode="bold">Drug Interactions</content>
                  </paragraph>
                  <paragraph>
                     <content styleCode="bold">ACE-inhibitors:</content>Reports suggest that NSAIDs may diminish the antihypertensiveeffect of ACE-inhibitors. This interaction should be given considerationin patients taking NSAIDs concomitantly with ACE-inhibitors.</paragraph>
                  <paragraph>
                     <content styleCode="bold">Aspirin</content>When IBU tablets are administered with aspirin, its protein bindingis reduced, although the clearance of free IBU tablets is notaltered. The clinical significance of this interaction is not known; however,as with other NSAIDs, concomitant administration of ibuprofenand aspirin is not generally recommended because of the potential forincreased adverse effects.</paragraph>
                  <paragraph>Diuretics</paragraph>
                  <paragraph>Clinical studies, as well as post marketing observations, haveshown that Ibuprofen tablets can reduce the natriuretic effect-offurosemide and thiazides in some patients. This response has beenattributed to inhibition of renal prostaglandin synthesis. During concomitanttherapy with NSAIDs, the patient should be observed closelyfor signs of renal failure (see PRECAUTIONS, Renal Effects), aswell as to assure diuretic efficacy.</paragraph>
                  <paragraph>
                     <content styleCode="bold">Lithium</content>
                  </paragraph>
                  <paragraph>Ibuprofen produced an elevation of plasma lithium levels and areduction in renal lithium clearance in a study of eleven normal volunteers.The mean minimum lithium concentration increased 15%and the renal clearance of lithium was decreased by 19% during thisperiod of concomitant drug administration.This effect has been attributed to inhibition of renal prostaglandinsynthesis by ibuprofen. Thus, when ibuprofen and lithium are administeredconcurrently, subjects should be observed carefully for signsof lithium toxicity. (Read circulars for lithium preparation before useof such concurrent therapy.)</paragraph>
                  <paragraph>
                     <content styleCode="bold">Methotrexate</content>
                  </paragraph>
                  <paragraph>NSAIDs have been reported to competitively inhibit methotrexateaccumulation in rabbit kidney slices. This may indicate that they couldenhance the toxicity of methotrexate. Caution should be used whenNSAIDs are administered concomitantly with methotrexate.</paragraph>
                  <paragraph>
                     <content styleCode="bold">Warfarin-type anticoagulants</content>
                  </paragraph>
                  <paragraph>Several short-term controlled studies failed to show that Ibuprofentablets significantly affected prothrombin times or a variety of otherclotting factors when administered to individuals on coumarin-typeanticoagulants. However, because bleeding has been reported whenIBU tablets and other NSAIDs have been administered to patients oncoumarin-type anticoagulants, the physician should be cautiouswhen administering IBU tablets to patients on anticoagulants. Theeffects of warfarin and NSAIDs on GI bleeding are synergistic, suchthat the users of both drugs together have a risk of serious GI bleedinghigher than users of either drug alone.</paragraph>
                  <paragraph>
                     <content styleCode="bold">H-2 Antagonists</content>
                  </paragraph>
                  <paragraph>In studies with human volunteers, co-administration of cimetidineor ranitidine with ibuprofen had no substantive effect on ibuprofenserum concentrations.</paragraph>
                  <paragraph>
                     <content styleCode="bold">Pregnancy</content>
                  </paragraph>
                  <paragraph>
                     <content styleCode="bold">Teratogenic effects: Pregnancy Category C</content>
                  </paragraph>
                  <paragraph>Reproductive studies conducted in rats and rabbits have notdemonstrated evidence of developmental abnormalities. However,animal reproduction studies are not always predictive of humanresponse. There are no adequate and well-controlled studies in pregnantwomen. Ibuprofen should be used in pregnancy only if thepotential benefit justifies the potential risk to the fetus.</paragraph>
                  <paragraph>
                     <content styleCode="bold">Nonteratogenic effects</content>
                  </paragraph>
                  <paragraph>Because of the known effects of NSAIDs on the fetal cardiovascularsystem (closure of ductus arteriosus), use during late pregnancyshould be avoided.</paragraph>
                  <paragraph>
                     <content styleCode="bold">Labor and Delivery</content>
                  </paragraph>
                  <paragraph>In rat studies with NSAIDs, as with other drugs known to inhibitprostaglandin synthesis, an increased incidence of dystocia, delayedparturition, and decreased pup survival occurred. The effects of IBUtablets on labor and delivery in pregnant women are unknown.</paragraph>
                  <paragraph>
                     <content styleCode="bold">Nursing Mothers</content>
                  </paragraph>
                  <paragraph>It is not known whether this drug is excreted in human milk.Because many drugs are excreted in human-milk and because of thepotential for serious adverse reactions in nursing infants from IBUtablets, a decision should be made whether to discontinue nursing ordiscontinue the drug, taking into account the importance of the drugto the mother.</paragraph>
                  <paragraph>
                     <content styleCode="bold">Pediatric Use</content>
                  </paragraph>
                  <paragraph>Safety and effectiveness of IBU tablets in pediatric patients havenot been established.</paragraph>
                  <paragraph>
                     <content styleCode="bold">Geriatric Use</content>
                  </paragraph>
                  <paragraph>As with any NSAIDs, caution should be exercised in treating theelderly (65 years and older).</paragraph>
                  <paragraph/>
               </text>
               <effectiveTime value="20170201"/>
            </section>
         </component>
         <component>
            <section>
               <id root="db1589ec-127f-4efa-8b63-f0a40b012e1a"/>
               <code code="34084-4" codeSystem="2.16.840.1.113883.6.1" displayName="ADVERSE REACTIONS SECTION"/>
               <text>
                  <paragraph>ADVERSE REACTIONS</paragraph>
                  <paragraph>The most frequent type of adverse reaction occurring withIbuprofen tablets is gastrointestinal. In controlled clinical trials thepercentage of patients reporting one or more gastrointestinal complaintsranged from 4% to 16%.</paragraph>
                  <paragraph>In controlled studies when Ibuprofen tablets were compared toaspirin and indomethacin in equally effective doses, the overall incidenceof gastrointestinal complaints was about half that seen in eitherthe aspirin- or indomethacin-treated patients.</paragraph>
                  <paragraph>Adverse reactions observed during controlled clinical trials at anincidence greater than 1% are listed in the table. Those reactions listedin Column one encompass observations in approximately 3,000patients. More than 500 of these patients were treated for periods ofat least 54 weeks.</paragraph>
                  <paragraph>Still other reactions occurring less frequently than 1 in 100 werereported in controlled clinical trials and from marketing experience.These reactions have been divided into two categories: Column twoof the table lists reactions with therapy with Ibuprofen tablets wherethe probability of a causal relationship exists: for the reactions inColumn three, a causal relationship with Ibuprofen tablets has notbeen established.</paragraph>
                  <paragraph>Reported side effects were higher at doses of 3200 mg/day thanat doses of 2400 mg or less per day in clinical trials of patients withrheumatoid arthritis. The increases in incidence were slight and stillwithin the ranges reported in the table.</paragraph>
               </text>
               <effectiveTime value="20170201"/>
            </section>
         </component>
         <component>
            <section>
               <id root="e95ed33a-ea0a-462c-9ce1-62d1edefec37"/>
               <code code="34088-5" codeSystem="2.16.840.1.113883.6.1" displayName="OVERDOSAGE SECTION"/>
               <text>
                  <paragraph>OVERDOSAGE</paragraph>
                  <paragraph>Approximately 11⁄2 hours after the reported ingestion of from 7 to10 Ibuprofen tablets (400 mg), a 19-month old child weighing 12 kgwas seen in the hospital emergency room, apneic and cyanotic,responding only to painful stimuli. This type of stimulus, however,was sufficient to induce respiration. Oxygen and parenteral fluidswere given; a greenish-yellow fluid was aspirated from the stomachwith no evidence to indicate the presence of ibuprofen. Two hoursafter ingestion the child’s condition seemed stable; she still respondedonly to painful stimuli and continued to have periods of apnea lastingfrom 5 to 10 seconds. She was admitted to intensive care andsodium bicarbonate was administered as well as infusions of dextroseand normal saline. By four hours post-ingestion she could bearoused easily, sit by herself and respond to spoken commands.Blood level of ibuprofen was 102.9 μg/mL approximately 81⁄2 hoursafter accidental ingestion. At 12 hours she appeared to be completelyrecovered.</paragraph>
                  <paragraph>In two other reported cases where children (each weighingapproximately 10 kg) accidentally, acutely ingested approximately120 mg/kg, there were no signs of acute intoxication or late sequelae.Blood level in one child 90 minutes after ingestion was 700 μg/mL —about 10 times the peak levels seen in absorption-excretion studies.A 19-year old male who had taken 8,000 mg of ibuprofen over aperiod of a few hours complained of dizziness, and nystagmus wasnoted. After hospitalization, parenteral hydration and three days bedrest, he recovered with no reported sequelae.</paragraph>
                  <paragraph>In cases of acute overdosage, the stomach should be emptied byvomiting or lavage, though little drug will likely be recovered if morethan an hour has elapsed since ingestion. Because the drug is acidicand is excreted in the urine, it is theoretically beneficial to administeralkali and induce diuresis. In addition to supportive measures, the useof oral activated charcoal may help to reduce the absorption andreabsorption of Ibuprofen tablets.</paragraph>
                  <paragraph/>
               </text>
               <effectiveTime value="20170201"/>
            </section>
         </component>
         <component>
            <section>
               <id root="5a5bd169-988a-466b-b6a2-1208c90e6307"/>
               <code code="34068-7" codeSystem="2.16.840.1.113883.6.1" displayName="DOSAGE &amp; ADMINISTRATION SECTION"/>
               <text>
                  <paragraph>DOSAGE AND ADMINISTRATION</paragraph>
                  <paragraph>Carefully consider the potential benefits and risks of IBU tabletsand other treatment options before deciding to use IBU tablets. Usethe lowest effective dose for the shortest duration consistent withindividual patient treatment goals (see WARNINGS).</paragraph>
                  <paragraph>After observing the response to initial therapy with IBU tablets, thedose and frequency should be adjusted to suit an individual patient’sneeds.Do not exceed 3200 mg total daily dose. If gastrointestinal complaintsoccur, administer IBU tablets with meals or milk.</paragraph>
                  <paragraph>Rheumatoid arthritis and osteoarthritis, including flare-ups ofchronic disease:</paragraph>
                  <paragraph>Suggested Dosage: 1200 mg-3200 mg daily (400 mg, 600 mg or800 mg tid or qid). Individual patients may show a better responseto 3200 mg daily, as compared with 2400 mg, although in well-controlledclinical trials patients on 3200 mg did not show a better meanresponse in terms of efficacy. Therefore, when treating patients with3200 mg/day, the physician should observe sufficient increased clinicalbenefits to offset potential increased risk.The dose should be tailored to each patient, and may be loweredor raised depending on the severity of symptoms either at time of initiatingdrug therapy or as the patient responds or fails to respond.In general, patients with rheumatoid arthritis seem to require higherdoses of IBU tablets than do patients with osteoarthritis.</paragraph>
                  <paragraph>The smallest dose of IBU tablets that yields acceptable controlshould be employed. A linear blood level dose-response relationshipexists with single doses up to 800 mg (See CLINICAL PHARMACOLOGYfor effects of food on rate of absorption).</paragraph>
                  <paragraph>The availability of three tablet strengths facilitates dosage adjustment.In chronic conditions, a therapeutic response to therapy with IBU tablets is sometimes seen in a few days to a week but most often isobserved by two weeks. After a satisfactory response has beenachieved, the patient’s dose should be reviewed and adjusted asrequired.</paragraph>
                  <paragraph>
                     <content styleCode="bold">Mild to moderate pain:</content>
                  </paragraph>
                  <paragraph>400 mg every 4 to 6 hours as necessaryfor relief of pain.In controlled analgesic clinical trials, doses of Ibuprofen tabletsgreater than 400 mg were no more effective than the 400 mg dose.</paragraph>
                  <paragraph>
                     <content styleCode="bold">Dysmenorrhea:</content>
                  </paragraph>
                  <paragraph>For the treatment of dysmenorrhea, beginningwith the earliest onset of such pain, IBU tablets should be given in adose of 400 mg every 4 hours as necessary for the relief of pain.</paragraph>
                  <paragraph/>
               </text>
               <effectiveTime value="20170201"/>
            </section>
         </component>
         <component>
            <section>
               <id root="39bb5f39-8be0-4197-af0e-7050a6bd2fa3"/>
               <code code="34069-5" codeSystem="2.16.840.1.113883.6.1" displayName="HOW SUPPLIED SECTION"/>
               <text>
                  <paragraph>HOW SUPPLIED</paragraph>
                  <paragraph>IBU tablets are available in the following strengths, colors and sizes:</paragraph>
                  <paragraph/>
                  <paragraph>600 mg (white, caplet, debossed 6I)</paragraph>
                  <paragraph/>
                  <paragraph>800 mg (white, caplet, debossed 8I)</paragraph>
                  <paragraph/>
               </text>
               <effectiveTime value="20170201"/>
            </section>
         </component>
         <component>
            <section>
               <id root="5d1af92a-8d67-499d-abc6-636647eab3fa"/>
               <code code="34076-0" codeSystem="2.16.840.1.113883.6.1" displayName="INFORMATION FOR PATIENTS SECTION"/>
               <text>
                  <linkHtml href=""/>
                  <content styleCode="bold">Information for Patients</content>
                  <paragraph>Patients should be informed of the following information 
beforeinitiating therapy with an NSAID and periodically during the course 
ofongoing therapy. Patients should also be encouraged to read theNSAID 
Medication Guide that accompanies each prescription dispensed</paragraph>
                  <paragraph>• IBU tablets like other NSAIDs, may cause serious CV side effects,such as MI 
or stroke, which may result in hospitalization and evendeath. Although serious 
CV events can occur without warningsymptoms, patients should be alert for the 
signs and symptoms ofchest pain, shortness of breath, weakness, slurring of 
speech, andshould ask for medical advice when observing any indicative sign 
orsymptoms. Patients should be apprised of the importance of thisfollow-up (see 
<content styleCode="bold">
                        <linkHtml href="#WARNINGS">WARNINGS,</linkHtml>
                     </content>
                     <content styleCode="bold"/>
                     <content styleCode="bold">
                        <linkHtml href="#_67643989-c325-fd63-6e30-70d9b0356ad6">Cardiovascular 
Effects</linkHtml>
                     </content>).</paragraph>
                  <paragraph>• IBU tablets, like other NSAIDs, can cause GI discomfort and, rarely,serious 
GI side effects, such as ulcers and bleeding, which mayresult in hospitalization 
and even death. Although serious GI tractulcerations and bleeding can occur 
without warning symptoms,patients should be alert for the signs and symptoms of 
ulcerationsand bleeding, and should ask for medical advice when observingany 
indicative signs or symptoms including epigastric pain, dyspepsia,melena, and 
hematemesis. Patients should be apprised of theimportance of this follow-up (see 
<content styleCode="bold">
                        <linkHtml href="#WARNINGS">WARNINGS,</linkHtml>
                     </content>
                     <content styleCode="bold"/>
                     <content styleCode="bold">
                        <linkHtml href="#_d36c6fce-a31f-e293-095e-3e35d5271b48">Gastrointestinal Effects-Risk of 
Ulceration</linkHtml>
                     </content>
                     <content styleCode="bold">, </content>
                     <content styleCode="bold">
                        <linkHtml href="#_d36c6fce-a31f-e293-095e-3e35d5271b48">Bleeding and 
Perforation)</linkHtml>
                     </content>
                     <content styleCode="bold">.</content>
                  </paragraph>
                  <paragraph>
                     <content styleCode="bold"/>• IBU tablets, like other NSAIDs, can cause serious 
skin side effectssuch as exfoliative dermatitis, SJS and TEN, which may result 
inhospitalization and even death. Although serious skin reactions mayoccur 
without warning, patients should be alert for the signs andsymptoms of skin rash 
and blisters, fever, or other signs of hypersensitivitysuch as itching, and 
should ask for medical advice whenobserving any indicative sign or symptoms. 
Patients should beadvised to stop the drug immediately if they develop any type 
ofrash and contact their physicians as soon as possible.</paragraph>
                  <paragraph>• Patients should promptly report signs or symptoms of unexplainedweight gain 
or edema to their physicians.</paragraph>
                  <paragraph>• Patients should be informed of the warning signs and symptoms 
ofhepatotoxicity (e.g., nausea, fatigue, lethargy, pruritus, jaundice,right 
upper quadrant tenderness and “flu-like” symptoms). If theseoccur, patients 
should be instructed to stop therapy and seek immediatemedical therapy.</paragraph>
                  <paragraph>• Patients should be informed of the signs of an anaphylactoid reaction(e.g. 
difficulty breathing, swelling of the face or throat). If theseoccur, patients 
should be instructed to seek immediate emergencyhelp (see <content styleCode="bold">
                        <linkHtml href="#WARNINGS">WARNINGS)</linkHtml>
                     </content>.</paragraph>
                  <paragraph>• In late pregnancy, as with other NSAIDs, IBU tablets should beavoided 
because it may cause premature closure of the ductus arteriosus.</paragraph>
               </text>
               <effectiveTime value="20101019"/>
            </section>
         </component>
         <component>
            <section>
               <id root="b349c747-36ce-47f4-8331-8ef741e9f20a"/>
               <code code="34066-1" codeSystem="2.16.840.1.113883.6.1" displayName="BOXED WARNING SECTION"/>
               <text>
                  <paragraph>BOXED WARNING</paragraph>
                  <paragraph>
                     <content styleCode="bold">Cardiovascular Risk</content>
                  </paragraph>
                  <list listType="unordered" ID="i51138eb5-bb17-4e19-8001-f904ffc1cf6b">
                     <item>NSAIDs may cause an increased risk of serious cardiovascularthrombotic events, myocardial infarction, and stroke,which can be fatal. This risk may increase with duration ofuse. Patients with cardiovascular disease or risk factors forcardiovascular disease may be at greater risk (See <content styleCode="bold">
                           <linkHtml href="#WARNINGS">WARNINGS</linkHtml>
                        </content>).</item>
                  </list>
                  <list listType="unordered" ID="i6de34f80-d52e-49f5-8406-85b1972f0519">
                     <item>IBU tablets are contraindicated for treatment of peri-operativepain in the setting of coronary artery bypass graft (CABG)surgery (See <content styleCode="bold">
                           <linkHtml href="#WARNINGS">WARNINGS</linkHtml>
                        </content>).</item>
                  </list>
                  <paragraph>
                     <content styleCode="bold">Gastrointestinal Risk</content>
                  </paragraph>
                  <list listType="unordered" ID="i398ab958-5d1c-447f-80fc-87262423f1d1">
                     <item>NSAIDS cause an increased risk of serious gastrointestinaladverse events including bleeding, ulceration, and perforationof the stomach or intestines, which can be fatal. These eventscan occur at any time during use and without warning symptoms.Elderly patients are at greater risk for serious gastrointestinalevents. (See <content styleCode="bold">
                           <linkHtml href="#WARNINGS">WARNINGS</linkHtml>
                        </content>).</item>
                     <item/>
                  </list>
               </text>
               <effectiveTime value="20170201"/>
            </section>
         </component>
         <component>
            <section ID="L975482d8-4cff-48e7-b4b3-a1e05eb39499">
               <id root="97a29b5b-874d-4815-89e9-9072ca435ae9"/>
               <code code="51945-4" codeSystem="2.16.840.1.113883.6.1" displayName="PACKAGE LABEL.PRINCIPAL DISPLAY PANEL"/>
               <title/>
               <text>
                  <paragraph>
                     <renderMultiMedia referencedObject="Lf82029a2-a458-426a-a35b-3dfb12c1ba07"/>
                  </paragraph>
               </text>
               <effectiveTime value="20190218"/>
               <component>
                  <observationMedia ID="Lf82029a2-a458-426a-a35b-3dfb12c1ba07">
                     <text>image description</text>
                     <value mediaType="image/jpeg" xsi:type="ED">
                        <reference value="ibu 800 mg 100 dr reddys laboratories inc.jpg"/>
                     </value>
                  </observationMedia>
               </component>
            </section>
         </component>
      </structuredBody>
   </component>
</document>