<?xml version="1.0" encoding="UTF-8"?><?xml-stylesheet href="https://www.accessdata.fda.gov/spl/stylesheet/spl.xsl" type="text/xsl"?>
<document xmlns="urn:hl7-org:v3" xmlns:xsi="http://www.w3.org/2001/XMLSchema-instance" xsi:schemaLocation="urn:hl7-org:v3 https://www.accessdata.fda.gov/spl/schema/spl.xsd">
   <id root="0ed536b5-fd0b-4bce-acf1-a23877afaf1f"/>
   <code code="34390-5" displayName="HUMAN OTC DRUG LABEL" codeSystem="2.16.840.1.113883.6.1"/>
   <title>Quality Plus 44-611</title>
   <effectiveTime value="20200606"/>
   <setId root="3a5d7a29-d5ae-4c94-9295-341cb10905a5"/>
   <versionNumber value="7"/>
   <author>
      <time/>
      <assignedEntity>
         <representedOrganization>
            <id extension="038154464" root="1.3.6.1.4.1.519.1"/>
            <name>L.N.K. International, Inc.</name>
            <assignedEntity>
               <assignedOrganization>
                  <assignedEntity>
                     <assignedOrganization>
                        <id extension="038154464" root="1.3.6.1.4.1.519.1"/>
                        <name>LNK International, Inc.</name>
                     </assignedOrganization>
                     <performance>
                        <actDefinition>
                           <code code="C84731" displayName="PACK" codeSystem="2.16.840.1.113883.3.26.1.1"/>
                           <product>
                              <manufacturedProduct classCode="MANU">
                                 <manufacturedMaterialKind>
                                    <code code="50844-611" codeSystem="2.16.840.1.113883.6.69"/>
                                 </manufacturedMaterialKind>
                              </manufacturedProduct>
                           </product>
                        </actDefinition>
                     </performance>
                  </assignedEntity>
               </assignedOrganization>
            </assignedEntity>
         </representedOrganization>
      </assignedEntity>
   </author>
   <component>
      <structuredBody>
         <component>
            <section>
               <id root="a31c350c-c69e-4517-9798-63e58013b32b"/>
               <code code="48780-1" displayName="SPL LISTING DATA ELEMENTS SECTION" codeSystem="2.16.840.1.113883.6.1"/>
               <effectiveTime value="20200606"/>
               <subject>
                  <manufacturedProduct>
                     <manufacturedProduct>
                        <code code="50844-611" codeSystem="2.16.840.1.113883.6.69"/>
                        <name>Ibuprofen PM</name>
                        <formCode code="C42954" displayName="CAPSULE, LIQUID FILLED" codeSystem="2.16.840.1.113883.3.26.1.1"/>
                        <asEntityWithGeneric>
                           <genericMedicine>
                              <name>Diphenhydramine hydrochloride, ibuprofen</name>
                           </genericMedicine>
                        </asEntityWithGeneric>
                        <ingredient classCode="ACTIB">
                           <quantity>
                              <numerator unit="mg" value="25"/>
                              <denominator unit="1" value="1"/>
                           </quantity>
                           <ingredientSubstance>
                              <code code="TC2D6JAD40" codeSystem="2.16.840.1.113883.4.9"/>
                              <name>DIPHENHYDRAMINE HYDROCHLORIDE</name>
                              <activeMoiety>
                                 <activeMoiety>
                                    <code code="8GTS82S83M" codeSystem="2.16.840.1.113883.4.9"/>
                                    <name>DIPHENHYDRAMINE</name>
                                 </activeMoiety>
                              </activeMoiety>
                           </ingredientSubstance>
                        </ingredient>
                        <ingredient classCode="ACTIB">
                           <quantity>
                              <numerator unit="mg" value="200"/>
                              <denominator unit="1" value="1"/>
                           </quantity>
                           <ingredientSubstance>
                              <code code="WK2XYI10QM" codeSystem="2.16.840.1.113883.4.9"/>
                              <name>IBUPROFEN</name>
                              <activeMoiety>
                                 <activeMoiety>
                                    <code code="WK2XYI10QM" codeSystem="2.16.840.1.113883.4.9"/>
                                    <name>IBUPROFEN</name>
                                 </activeMoiety>
                              </activeMoiety>
                           </ingredientSubstance>
                        </ingredient>
                        <ingredient classCode="IACT">
                           <ingredientSubstance>
                              <code code="H3R47K3TBD" codeSystem="2.16.840.1.113883.4.9"/>
                              <name>FD&amp;C BLUE NO. 1</name>
                           </ingredientSubstance>
                        </ingredient>
                        <ingredient classCode="IACT">
                           <ingredientSubstance>
                              <code code="2G86QN327L" codeSystem="2.16.840.1.113883.4.9"/>
                              <name>GELATIN, UNSPECIFIED</name>
                           </ingredientSubstance>
                        </ingredient>
                        <ingredient classCode="IACT">
                           <ingredientSubstance>
                              <code code="C9H2L21V7U" codeSystem="2.16.840.1.113883.4.9"/>
                              <name>MEDIUM-CHAIN TRIGLYCERIDES</name>
                           </ingredientSubstance>
                        </ingredient>
                        <ingredient classCode="IACT">
                           <ingredientSubstance>
                              <code code="NL4J9F21N9" codeSystem="2.16.840.1.113883.4.9"/>
                              <name>POLYETHYLENE GLYCOL 600</name>
                           </ingredientSubstance>
                        </ingredient>
                        <ingredient classCode="IACT">
                           <ingredientSubstance>
                              <code code="WZH3C48M4T" codeSystem="2.16.840.1.113883.4.9"/>
                              <name>POTASSIUM HYDROXIDE</name>
                           </ingredientSubstance>
                        </ingredient>
                        <ingredient classCode="IACT">
                           <ingredientSubstance>
                              <code code="059QF0KO0R" codeSystem="2.16.840.1.113883.4.9"/>
                              <name>WATER</name>
                           </ingredientSubstance>
                        </ingredient>
                        <ingredient classCode="IACT">
                           <ingredientSubstance>
                              <code code="9DBA0SBB0L" codeSystem="2.16.840.1.113883.4.9"/>
                              <name>D&amp;C RED NO. 33</name>
                           </ingredientSubstance>
                        </ingredient>
                        <ingredient classCode="IACT">
                           <ingredientSubstance>
                              <code code="506T60A25R" codeSystem="2.16.840.1.113883.4.9"/>
                              <name>SORBITOL</name>
                           </ingredientSubstance>
                        </ingredient>
                        <ingredient classCode="IACT">
                           <ingredientSubstance>
                              <code code="6O92ICV9RU" codeSystem="2.16.840.1.113883.4.9"/>
                              <name>SORBITAN</name>
                           </ingredientSubstance>
                        </ingredient>
                        <asContent>
                           <quantity>
                              <numerator unit="1" value="8"/>
                              <denominator value="1"/>
                           </quantity>
                           <containerPackagedProduct>
                              <code/>
                              <formCode code="C43168" displayName="BLISTER PACK" codeSystem="2.16.840.1.113883.3.26.1.1"/>
                              <asContent>
                                 <quantity>
                                    <numerator unit="1" value="1"/>
                                    <denominator value="1"/>
                                 </quantity>
                                 <containerPackagedProduct>
                                    <code code="50844-611-19" codeSystem="2.16.840.1.113883.6.69"/>
                                    <formCode code="C43182" displayName="CARTON" codeSystem="2.16.840.1.113883.3.26.1.1"/>
                                 </containerPackagedProduct>
                                 <subjectOf>
                                    <marketingAct>
                                       <code code="C53292" codeSystem="2.16.840.1.113883.3.26.1.1"/>
                                       <statusCode code="active"/>
                                       <effectiveTime>
                                          <low value="20130708"/>
                                       </effectiveTime>
                                    </marketingAct>
                                 </subjectOf>
                              </asContent>
                           </containerPackagedProduct>
                           <subjectOf>
                              <characteristic>
                                 <code code="SPLCMBPRDTP" codeSystem="2.16.840.1.113883.1.11.19255"/>
                                 <value code="C112160" displayName="Type 0: Not a Combination Product" codeSystem="2.16.840.1.113883.3.26.1.1" xsi:type="CV"/>
                              </characteristic>
                           </subjectOf>
                        </asContent>
                     </manufacturedProduct>
                     <subjectOf>
                        <approval>
                           <id extension="ANDA200888" root="2.16.840.1.113883.3.150"/>
                           <code code="C73584" displayName="ANDA" codeSystem="2.16.840.1.113883.3.26.1.1"/>
                           <author>
                              <territorialAuthority>
                                 <territory>
                                    <code code="USA" codeSystem="2.16.840.1.113883.5.28"/>
                                 </territory>
                              </territorialAuthority>
                           </author>
                        </approval>
                     </subjectOf>
                     <subjectOf>
                        <marketingAct>
                           <code code="C53292" codeSystem="2.16.840.1.113883.3.26.1.1"/>
                           <statusCode code="active"/>
                           <effectiveTime>
                              <low value="20130708"/>
                           </effectiveTime>
                        </marketingAct>
                     </subjectOf>
                     <subjectOf>
                        <characteristic classCode="OBS">
                           <code code="SPLCOLOR" codeSystem="2.16.840.1.113883.1.11.19255"/>
                           <value code="C48327" displayName="PURPLE" codeSystem="2.16.840.1.113883.3.26.1.1" xsi:type="CV">
                              <originalText>bluish tint</originalText>
                           </value>
                        </characteristic>
                     </subjectOf>
                     <subjectOf>
                        <characteristic classCode="OBS">
                           <code code="SPLIMPRINT" codeSystem="2.16.840.1.113883.1.11.19255"/>
                           <value xsi:type="ST">1007</value>
                        </characteristic>
                     </subjectOf>
                     <subjectOf>
                        <characteristic classCode="OBS">
                           <code code="SPLSCORE" codeSystem="2.16.840.1.113883.1.11.19255"/>
                           <value value="1" xsi:type="INT"/>
                        </characteristic>
                     </subjectOf>
                     <subjectOf>
                        <characteristic classCode="OBS">
                           <code code="SPLSHAPE" codeSystem="2.16.840.1.113883.1.11.19255"/>
                           <value code="C48345" displayName="OVAL" codeSystem="2.16.840.1.113883.3.26.1.1" xsi:type="CV"/>
                        </characteristic>
                     </subjectOf>
                     <subjectOf>
                        <characteristic classCode="OBS">
                           <code code="SPLSIZE" codeSystem="2.16.840.1.113883.1.11.19255"/>
                           <value unit="mm" value="15" xsi:type="PQ"/>
                        </characteristic>
                     </subjectOf>
                     <consumedIn>
                        <substanceAdministration>
                           <routeCode code="C38288" displayName="ORAL" codeSystem="2.16.840.1.113883.3.26.1.1"/>
                        </substanceAdministration>
                     </consumedIn>
                  </manufacturedProduct>
               </subject>
            </section>
         </component>
         <component>
            <section ID="LINK_8cdfadeb-7836-4933-9890-b7c2f6938090">
               <id root="4176fc4d-18e7-44f5-9ba8-ec52bcf8b831"/>
               <code code="55106-9" codeSystem="2.16.840.1.113883.6.1" displayName="OTC - ACTIVE INGREDIENT SECTION"/>
               <title>
                  <content styleCode="bold">
                     <content styleCode="italics">Active ingredients (in each capsule)</content>
                  </content>
               </title>
               <text>
                  <paragraph>Diphenhydramine hydrochloride 25 mg<br/>Solubilized ibuprofen equal to 200 mg ibuprofen (NSAID)*<br/>(present as the free acid and potassium salt)<br/>*nonsteroidal anti-inflammatory drug</paragraph>
               </text>
               <effectiveTime value="20200606"/>
            </section>
         </component>
         <component>
            <section ID="LINK_c6205f99-0278-43ce-887e-6ea1d3cd98d0">
               <id root="a74b62be-a4cc-44b4-be03-f866a8d96b95"/>
               <code code="55105-1" codeSystem="2.16.840.1.113883.6.1" displayName="OTC - PURPOSE SECTION"/>
               <title>
                  <content styleCode="bold">
                     <content styleCode="italics">Purpose</content>
                  </content>
               </title>
               <text>
                  <paragraph>Nighttime sleep-aid<br/>Pain reliever</paragraph>
               </text>
               <effectiveTime value="20200606"/>
            </section>
         </component>
         <component>
            <section ID="LINK_64f28c92-ac83-44bf-9a89-da74e5f5db2c">
               <id root="d8a0302a-4ac1-4106-b129-4fb6a3931a04"/>
               <code code="34067-9" codeSystem="2.16.840.1.113883.6.1" displayName="INDICATIONS &amp; USAGE SECTION"/>
               <title>
                  <content styleCode="bold">
                     <content styleCode="italics">Uses</content>
                  </content>
               </title>
               <text>
                  <list listType="unordered" styleCode="Square">
                     <item>for relief of occasional sleeplessness when associated with minor aches and pains</item>
                     <item>helps you fall asleep and stay asleep</item>
                  </list>
               </text>
               <effectiveTime value="20200606"/>
            </section>
         </component>
         <component>
            <section ID="LINK_c52f7a9a-8f9b-4265-ae41-53b30db2354e">
               <id root="91ecdd5c-434a-4f11-bd13-b2d212db5262"/>
               <code code="34071-1" codeSystem="2.16.840.1.113883.6.1" displayName="WARNINGS SECTION"/>
               <title>
                  <content styleCode="bold">
                     <content styleCode="italics">Warnings</content>
                  </content>
               </title>
               <text>
                  <paragraph>
                     <content styleCode="bold">Allergy alert:</content> Ibuprofen may cause a severe allergic reaction, especially in people allergic to aspirin. Symptoms may include:</paragraph>
                  <list listType="unordered" styleCode="Square">
                     <item>rash</item>
                     <item>facial swelling</item>
                     <item>blisters</item>
                     <item>hives</item>
                     <item>skin reddening</item>
                     <item>shock</item>
                     <item>asthma (wheezing)</item>
                  </list>
                  <paragraph>If an allergic reaction occurs, stop use and seek medical help right away.</paragraph>
                  <paragraph>
                     <content styleCode="bold">Stomach bleeding warning:</content> This product contains a nonsteroidal anti-inflammatory drug (NSAID), which may cause severe stomach bleeding. The chance is higher if you</paragraph>
                  <list listType="unordered" styleCode="Square">
                     <item>are age 60 or older</item>
                     <item>have had stomach ulcers or bleeding problems</item>
                     <item>take a blood thinning (anticoagulant) or steroid drug</item>
                     <item>take other drugs containing prescription or nonprescription NSAIDs [aspirin, ibuprofen, naproxen, or others]</item>
                     <item>have 3 or more alcoholic drinks every day while using this product</item>
                     <item>take more or for a longer time than directed</item>
                  </list>
               </text>
               <effectiveTime value="20200606"/>
               <component>
                  <section ID="LINK_a922a584-1f8a-4b3e-be8f-fcaed6e15bef">
                     <id root="085b3b3f-1cf3-424c-83f8-1b14c6d6fb92"/>
                     <code code="50570-1" codeSystem="2.16.840.1.113883.6.1" displayName="OTC - DO NOT USE SECTION"/>
                     <title>
                        <content styleCode="bold">Do not use</content>
                     </title>
                     <text>
                        <list listType="unordered" styleCode="Square">
                           <item>if you have ever had an allergic reaction to any other pain reliever/fever reducer</item>
                           <item>unless you have time for a full night's sleep</item>
                           <item>in children under 12 years of age</item>
                           <item>with any other product containing diphenhydramine, even one used on skin</item>
                           <item>right before or after heart surgery</item>
                           <item>if you have sleeplessness without pain</item>
                        </list>
                     </text>
                     <effectiveTime value="20200606"/>
                  </section>
               </component>
               <component>
                  <section ID="LINK_58900fa1-d0f8-4363-8d04-0014608d27af">
                     <id root="17712849-937b-46f0-af33-ae14711f715f"/>
                     <code code="50569-3" codeSystem="2.16.840.1.113883.6.1" displayName="OTC - ASK DOCTOR SECTION"/>
                     <title>
                        <content styleCode="bold">Ask a doctor before use if</content>
                     </title>
                     <text>
                        <list listType="unordered" styleCode="Square">
                           <item>you have problems or serious side effects from taking pain relievers or fever reducers</item>
                           <item>you have a history of stomach problems, such as heartburn</item>
                           <item>you have high blood pressure, heart disease, liver cirrhosis, kidney disease, or asthma</item>
                           <item>you are taking a diuretic</item>
                           <item>you have glaucoma</item>
                           <item>you have a breathing problem such as emphysema or chronic bronchitis</item>
                           <item>stomach bleeding warning applies to you</item>
                           <item>you have trouble urinating due to an enlarged prostate gland</item>
                        </list>
                     </text>
                     <effectiveTime value="20200606"/>
                  </section>
               </component>
               <component>
                  <section ID="LINK_ecd567cd-1745-4bc6-ac98-f1ce24c8c6fa">
                     <id root="f2610635-a380-4850-b3dd-4e6a5bb19041"/>
                     <code code="50568-5" codeSystem="2.16.840.1.113883.6.1" displayName="OTC - ASK DOCTOR/PHARMACIST SECTION"/>
                     <title>
                        <content styleCode="bold">Ask a doctor or pharmacist before use if you are</content>
                     </title>
                     <text>
                        <list listType="unordered" styleCode="Square">
                           <item>taking sedatives or tranquilizers, or any other sleep-aid</item>
                           <item>under a doctor's care for any continuing medical illness</item>
                           <item>taking any other antihistamines</item>
                           <item>taking any other drug</item>
                           <item>taking aspirin for heart attack or stroke, because ibuprofen may decrease this benefit of aspirin</item>
                        </list>
                     </text>
                     <effectiveTime value="20200606"/>
                  </section>
               </component>
               <component>
                  <section ID="LINK_0a386445-98fb-4d77-ad4e-9d89bb106452">
                     <id root="cad7d60e-1766-41b6-b17c-a450834f1a32"/>
                     <code code="50567-7" codeSystem="2.16.840.1.113883.6.1" displayName="OTC - WHEN USING SECTION"/>
                     <title>
                        <content styleCode="bold">When using this product</content>
                     </title>
                     <text>
                        <list listType="unordered" styleCode="Square">
                           <item>drowsiness will occur</item>
                           <item>avoid alcoholic drinks</item>
                           <item>do not drive a motor vehicle or operate machinery</item>
                           <item>take with food or milk if stomach upset occurs</item>
                           <item>the risk of heart attack or stroke may increase if you use more than directed or for longer than directed</item>
                        </list>
                     </text>
                     <effectiveTime value="20200606"/>
                  </section>
               </component>
               <component>
                  <section ID="LINK_1b8a35b2-d7dd-4c1b-a292-83da5d0f8943">
                     <id root="032bc8ab-e9d3-47ed-ae5c-63d200aeca0f"/>
                     <code code="50566-9" codeSystem="2.16.840.1.113883.6.1" displayName="OTC - STOP USE SECTION"/>
                     <title>
                        <content styleCode="bold">Stop use and ask a doctor if</content>
                     </title>
                     <text>
                        <list listType="unordered" styleCode="Square">
                           <item>you experience any of the following signs of stomach bleeding:<list listType="unordered" styleCode="Square">
                                 <item>feel faint</item>
                                 <item>vomit blood</item>
                                 <item>have bloody or black stools</item>
                                 <item>have stomach pain that does not get better</item>
                              </list>
                           </item>
                           <item>pain gets worse or lasts more than 10 days</item>
                           <item>sleeplessness persists continuously for more than 2 weeks. Insomnia may be a symptom of a serious underlying medical illness.</item>
                           <item>redness or swelling is present in the painful area</item>
                           <item>any new symptoms appear</item>
                        </list>
                     </text>
                     <effectiveTime value="20200606"/>
                  </section>
               </component>
               <component>
                  <section ID="LINK_4c63a571-d287-49e4-84d9-e48d006a4b4b">
                     <id root="fb96d6e4-7efd-4590-8fc5-03524abd1a18"/>
                     <code code="53414-9" codeSystem="2.16.840.1.113883.6.1" displayName="OTC - PREGNANCY OR BREAST FEEDING SECTION"/>
                     <title>
                        <content styleCode="bold">If pregnant or breast-feeding,</content>
                     </title>
                     <text>
                        <paragraph>ask a health professional before use. It is especially important not to use ibuprofen during the last 3 months of pregnancy unless definitely directed to do so by a doctor because it may cause problems in the unborn child or complications during delivery.</paragraph>
                     </text>
                     <effectiveTime value="20200606"/>
                  </section>
               </component>
               <component>
                  <section ID="LINK_dd19df9d-a9f6-4b7a-ae26-24ee9522f4ec">
                     <id root="75899ffe-a437-4f50-9e5e-ffe26d9e4a52"/>
                     <code code="50565-1" codeSystem="2.16.840.1.113883.6.1" displayName="OTC - KEEP OUT OF REACH OF CHILDREN SECTION"/>
                     <title>
                        <content styleCode="bold">Keep out of reach of children.</content>
                     </title>
                     <text>
                        <paragraph>In case of overdose, get medical help or contact a Poison Control Center right away.</paragraph>
                     </text>
                     <effectiveTime value="20200606"/>
                  </section>
               </component>
            </section>
         </component>
         <component>
            <section ID="LINK_f9e6b486-e6bc-410e-a544-15713934d7c9">
               <id root="539f5757-a50b-4fc9-9c9d-e3c54126ab98"/>
               <code code="34068-7" codeSystem="2.16.840.1.113883.6.1" displayName="DOSAGE &amp; ADMINISTRATION SECTION"/>
               <title>
                  <content styleCode="bold">
                     <content styleCode="italics">Directions</content>
                  </content>
               </title>
               <text>
                  <list listType="unordered" styleCode="Square">
                     <item>
                        <content styleCode="bold">do not take more than directed</content>
                     </item>
                     <item>adults and children 12 years and over: take 2 capsules at bedtime</item>
                     <item>do not take more than 2 capsules in 24 hours</item>
                  </list>
               </text>
               <effectiveTime value="20200606"/>
            </section>
         </component>
         <component>
            <section ID="LINK_41e4860b-ef4a-428a-884e-468decfb89f0">
               <id root="30813094-0eef-44f5-971c-c1c90958eabb"/>
               <code code="44425-7" codeSystem="2.16.840.1.113883.6.1" displayName="STORAGE AND HANDLING SECTION"/>
               <title>
                  <content styleCode="bold">
                     <content styleCode="italics">Other information</content>
                  </content>
               </title>
               <text>
                  <list listType="unordered" styleCode="Square">
                     <item>
                        <content styleCode="bold">each capsule contains:</content> potassium 20 mg</item>
                     <item>read all warnings and directions before use. Keep carton.</item>
                     <item>store at 20º-25ºC (68º-77ºF)</item>
                     <item>protect from light</item>
                     <item>avoid excessive heat above 40ºC (104ºF)</item>
                  </list>
               </text>
               <effectiveTime value="20200606"/>
            </section>
         </component>
         <component>
            <section ID="LINK_53a26999-5157-4cd7-b653-bd2b8311d956">
               <id root="0fe58e5a-80ba-47f9-85d0-361cdcb66fef"/>
               <code code="51727-6" codeSystem="2.16.840.1.113883.6.1" displayName="INACTIVE INGREDIENT SECTION"/>
               <title>
                  <content styleCode="bold">
                     <content styleCode="italics">Inactive ingredients</content>
                  </content>
               </title>
               <text>
                  <paragraph>anidrisorb, D&amp;C red no. 33, FD&amp;C blue no. 1, gelatin, hydrolysed gelatin, medium chain triglyceride, opacode white ink, polyethylene glycol 600, potassium hydroxide, purified water.<br/>Ingredients of opacode white ink: lecithin (soya), n-butyl alcohol, purified water, shellac glaze in ethanol, simethicone and titanium dioxide.</paragraph>
               </text>
               <effectiveTime value="20200606"/>
            </section>
         </component>
         <component>
            <section ID="LINK_cbd8d756-2a67-4be6-b550-1a223417e9e3">
               <id root="dff0efe7-e571-4f4f-bd2e-47a2ad5a4e7e"/>
               <code code="53413-1" codeSystem="2.16.840.1.113883.6.1" displayName="OTC - QUESTIONS SECTION"/>
               <title>
                  <content styleCode="bold">
                     <content styleCode="italics">Questions or comments?</content>
                  </content>
               </title>
               <text>
                  <paragraph>
                     <content styleCode="bold">Call 1-800-426-9391</content> 8:30 AM-4:00 PM ET, Monday-Friday</paragraph>
               </text>
               <effectiveTime value="20200606"/>
            </section>
         </component>
         <component>
            <section ID="LINK_efe54b5f-52b0-456f-a63b-0bd7e9133948">
               <id root="9de5373f-6bfe-4e0b-8013-d4dca439411c"/>
               <code code="51945-4" codeSystem="2.16.840.1.113883.6.1" displayName="PACKAGE LABEL.PRINCIPAL DISPLAY PANEL"/>
               <title>
                  <content styleCode="bold">
                     <content styleCode="italics">Principal Display Panel</content>
                  </content>
               </title>
               <text>
                  <paragraph>
                     <content styleCode="bold">
                        <content styleCode="italics">QUALITY<br/>PLUS</content>
                     </content>
                  </paragraph>
                  <paragraph>NDC 50844-611-19</paragraph>
                  <paragraph>†Compare to the<br/>active ingredients in<br/>Advil® PM LIQUI-GELS®</paragraph>
                  <paragraph>
                     <content styleCode="bold">
                        <content styleCode="italics">IBUPROFEN PM</content>
                        <br/>
                     </content>
                     <content styleCode="italics">SOFTGELS</content>
                     <br/>Ibuprofen 200 mg / Diphenhydramine HCl 25 mg<br/>Pain Reliever <content styleCode="bold">(NSAID)</content> / Nighttime Sleep-Aid</paragraph>
                  <paragraph>
                     <content styleCode="bold">
                        <content styleCode="italics">SEE NEW WARNINGS INFORMATION </content>
                     </content>
                  </paragraph>
                  <paragraph>
                     <content styleCode="bold">8 Softgels**<br/>
                     </content>
                     <content styleCode="italics">**Liquid Filled Capsules</content>
                  </paragraph>
                  <paragraph>†This product is not manufactured or distributed by<br/>Pfizer Consumer Healthcare, owner of the registered<br/>trademark Advil® PM LIQUI-GELS®.<br/>50844        ORG111261119</paragraph>
                  <paragraph>Product of India</paragraph>
                  <paragraph>Distributed by<br/>
                     <content styleCode="bold">LNK INTERNATIONAL, INC.<br/>
                     </content>60 Arkay Drive, Hauppauge, NY 11788<br/>USA</paragraph>
                  <paragraph>
                     <content styleCode="bold">TAMPER EVIDENT: DO NOT USE IF CARTON IS<br/>OPENED OR IF BLISTER UNIT IS TORN, BROKEN,<br/>OR SHOWS ANY SIGNS OF TAMPERING</content>
                  </paragraph>
                  <renderMultiMedia referencedObject="MM1">
                     <caption>Quality Plus 44-611</caption>
                  </renderMultiMedia>
               </text>
               <effectiveTime value="20200606"/>
               <component>
                  <observationMedia ID="MM1">
                     <text>Quality Plus 44-611</text>
                     <value xsi:type="ED" mediaType="image/jpeg">
                        <reference value="quality-plus-44-611-1.jpg"/>
                     </value>
                  </observationMedia>
               </component>
            </section>
         </component>
      </structuredBody>
   </component>
</document>