<?xml version="1.0" encoding="UTF-8"?><?xml-stylesheet href="http://www.accessdata.fda.gov/spl/stylesheet/spl.xsl" type="text/xsl"?>
<document xmlns="urn:hl7-org:v3" xmlns:xsi="http://www.w3.org/2001/XMLSchema-instance" xsi:schemaLocation="urn:hl7-org:v3 http://www.accessdata.fda.gov/spl/schema/spl.xsd">
   <id root="0eec0d43-3b21-4150-901a-f520888aab22"/>
   <code code="34390-5" codeSystem="2.16.840.1.113883.6.1" displayName="HUMAN OTC DRUG LABEL"/>
   <title>Drug Facts</title>
   <effectiveTime value="20160301"/>
   <setId root="6bc45351-5bb0-4b5e-ba1c-7b5149c5c0bc"/>
   <versionNumber value="1"/>
   <author>
      <time/>
      <assignedEntity>
         <representedOrganization>
            <id extension="012574513" root="1.3.6.1.4.1.519.1"/>
            <name>Kinray, Inc.</name>
            <assignedEntity>
               <assignedOrganization>
                  <id extension="557054835" root="1.3.6.1.4.1.519.1"/>
                  <name>Pharbest Pharmaceuticals, Inc.</name>
                  <assignedEntity>
                     <assignedOrganization>
                        <id extension="557054835" root="1.3.6.1.4.1.519.1"/>
                        <name>Pharbest Pharmaceuticals, Inc.</name>
                     </assignedOrganization>
                     <performance>
                        <actDefinition>
                           <code code="C73606" codeSystem="2.16.840.1.113883.3.26.1.1" displayName="repack"/>
                           <product>
                              <manufacturedProduct classCode="MANU">
                                 <manufacturedMaterialKind>
                                    <code code="61715-167" codeSystem="2.16.840.1.113883.6.69"/>
                                 </manufacturedMaterialKind>
                              </manufacturedProduct>
                           </product>
                        </actDefinition>
                     </performance>
                     <performance>
                        <actDefinition>
                           <code code="C73607" displayName="relabel" codeSystem="2.16.840.1.113883.3.26.1.1"/>
                           <product>
                              <manufacturedProduct classCode="MANU">
                                 <manufacturedMaterialKind>
                                    <code code="61715-167" codeSystem="2.16.840.1.113883.6.69"/>
                                 </manufacturedMaterialKind>
                              </manufacturedProduct>
                           </product>
                        </actDefinition>
                     </performance>
                  </assignedEntity>
               </assignedOrganization>
            </assignedEntity>
         </representedOrganization>
      </assignedEntity>
   </author>
   <component>
      <structuredBody>
         <component>
            <section>
               <id root="00c52ee7-b404-4c2a-8e84-53cfc5ba98dd"/>
               <code code="48780-1" codeSystem="2.16.840.1.113883.6.1" displayName="SPL listing data elements section"/>
               <effectiveTime value="20160301"/>
               <subject>
                  <manufacturedProduct>
                     <manufacturedProduct>
                        <code code="61715-167" codeSystem="2.16.840.1.113883.6.69"/>
                        <name>Ibuprofen</name>
                        <formCode code="C42998" codeSystem="2.16.840.1.113883.3.26.1.1" displayName="TABLET"/>
                        <asEntityWithGeneric>
                           <genericMedicine>
                              <name>Ibuprofen</name>
                           </genericMedicine>
                        </asEntityWithGeneric>
                        <ingredient classCode="ACTIB">
                           <quantity>
                              <numerator value="200" unit="mg"/>
                              <denominator value="1" unit="1"/>
                           </quantity>
                           <ingredientSubstance>
                              <code code="WK2XYI10QM" codeSystem="2.16.840.1.113883.4.9"/>
                              <name>IBUPROFEN</name>
                              <activeMoiety>
                                 <activeMoiety>
                                    <code code="WK2XYI10QM" codeSystem="2.16.840.1.113883.4.9"/>
                                    <name>IBUPROFEN</name>
                                 </activeMoiety>
                              </activeMoiety>
                           </ingredientSubstance>
                        </ingredient>
                        <ingredient classCode="IACT">
                           <ingredientSubstance>
                              <code code="ETJ7Z6XBU4" codeSystem="2.16.840.1.113883.4.9"/>
                              <name>SILICON DIOXIDE</name>
                           </ingredientSubstance>
                        </ingredient>
                        <ingredient classCode="IACT">
                           <ingredientSubstance>
                              <code code="M28OL1HH48" codeSystem="2.16.840.1.113883.4.9"/>
                              <name>CROSCARMELLOSE SODIUM</name>
                           </ingredientSubstance>
                        </ingredient>
                        <ingredient classCode="IACT">
                           <ingredientSubstance>
                              <code code="70097M6I30" codeSystem="2.16.840.1.113883.4.9"/>
                              <name>MAGNESIUM STEARATE</name>
                           </ingredientSubstance>
                        </ingredient>
                        <ingredient classCode="IACT">
                           <ingredientSubstance>
                              <code code="OP1R32D61U" codeSystem="2.16.840.1.113883.4.9"/>
                              <name>CELLULOSE, MICROCRYSTALLINE</name>
                           </ingredientSubstance>
                        </ingredient>
                        <ingredient classCode="IACT">
                           <ingredientSubstance>
                              <code code="G2M7P15E5P" codeSystem="2.16.840.1.113883.4.9"/>
                              <name>POLYETHYLENE GLYCOL 3350</name>
                           </ingredientSubstance>
                        </ingredient>
                        <ingredient classCode="IACT">
                           <ingredientSubstance>
                              <code code="532B59J990" codeSystem="2.16.840.1.113883.4.9"/>
                              <name>POLYVINYL ALCOHOL</name>
                           </ingredientSubstance>
                        </ingredient>
                        <ingredient classCode="IACT">
                           <ingredientSubstance>
                              <code code="O8232NY3SJ" codeSystem="2.16.840.1.113883.4.9"/>
                              <name>STARCH, PREGELATINIZED CORN</name>
                           </ingredientSubstance>
                        </ingredient>
                        <ingredient classCode="IACT">
                           <ingredientSubstance>
                              <code code="1K09F3G675" codeSystem="2.16.840.1.113883.4.9"/>
                              <name>FERRIC OXIDE RED </name>
                           </ingredientSubstance>
                        </ingredient>
                        <ingredient classCode="IACT">
                           <ingredientSubstance>
                              <code code="7SEV7J4R1U" codeSystem="2.16.840.1.113883.4.9"/>
                              <name>TALC</name>
                           </ingredientSubstance>
                        </ingredient>
                        <ingredient classCode="IACT">
                           <ingredientSubstance>
                              <code code="15FIX9V2JP" codeSystem="2.16.840.1.113883.4.9"/>
                              <name>TITANIUM DIOXIDE</name>
                           </ingredientSubstance>
                        </ingredient>
                        <asContent>
                           <quantity>
                              <numerator value="50" unit="1"/>
                              <denominator value="1"/>
                           </quantity>
                           <containerPackagedProduct>
                              <code/>
                              <formCode code="C43173" codeSystem="2.16.840.1.113883.3.26.1.1" displayName="BOTTLE, PLASTIC"/>
                              <asContent>
                                 <quantity>
                                    <numerator value="1" unit="1"/>
                                    <denominator value="1" unit="1"/>
                                 </quantity>
                                 <containerPackagedProduct>
                                    <code code="61715-167-50" codeSystem="2.16.840.1.113883.6.69"/>
                                    <formCode code="C43182" displayName="CARTON" codeSystem="2.16.840.1.113883.3.26.1.1"/>
                                 </containerPackagedProduct>
                              </asContent>
                           </containerPackagedProduct>
                           <subjectOf>
                              <characteristic classCode="OBS">
                                 <code code="SPLCMBPRDTP" codeSystem="2.16.840.1.113883.1.11.19255"/>
                                 <value code="C112160" displayName="Type 0: Not a Combination Product" codeSystem="2.16.840.1.113883.3.26.1.1" xsi:type="CE"/>
                              </characteristic>
                           </subjectOf>
                        </asContent>
                        <asContent>
                           <quantity>
                              <numerator value="100" unit="1"/>
                              <denominator value="1" unit="1"/>
                           </quantity>
                           <containerPackagedProduct>
                              <code/>
                              <formCode code="C43173" displayName="BOTTLE, PLASTIC" codeSystem="2.16.840.1.113883.3.26.1.1"/>
                              <asContent>
                                 <quantity>
                                    <numerator value="1" unit="1"/>
                                    <denominator value="1" unit="1"/>
                                 </quantity>
                                 <containerPackagedProduct>
                                    <code code="61715-167-51" codeSystem="2.16.840.1.113883.6.69"/>
                                    <formCode code="C43182" displayName="CARTON" codeSystem="2.16.840.1.113883.3.26.1.1"/>
                                 </containerPackagedProduct>
                              </asContent>
                           </containerPackagedProduct>
                           <subjectOf>
                              <characteristic classCode="OBS">
                                 <code code="SPLCMBPRDTP" codeSystem="2.16.840.1.113883.1.11.19255"/>
                                 <value code="C112160" displayName="Type 0: Not a Combination Product" codeSystem="2.16.840.1.113883.3.26.1.1" xsi:type="CE"/>
                              </characteristic>
                           </subjectOf>
                        </asContent>
                     </manufacturedProduct>
                     <subjectOf>
                        <marketingAct>
                           <code code="C53292" codeSystem="2.16.840.1.113883.3.26.1.1"/>
                           <statusCode code="active"/>
                           <effectiveTime>
                              <low value="20160301"/>
                           </effectiveTime>
                        </marketingAct>
                     </subjectOf>
                     <subjectOf>
                        <approval>
                           <id extension="ANDA091239" root="2.16.840.1.113883.3.150"/>
                           <code code="C73584" codeSystem="2.16.840.1.113883.3.26.1.1" displayName="ANDA"/>
                           <author>
                              <territorialAuthority>
                                 <territory>
                                    <code code="USA" codeSystem="2.16.840.1.113883.5.28"/>
                                 </territory>
                              </territorialAuthority>
                           </author>
                        </approval>
                     </subjectOf>
                     <subjectOf>
                        <characteristic classCode="OBS">
                           <code code="SPLCOLOR" codeSystem="2.16.840.1.113883.1.11.19255"/>
                           <value code="C48332" codeSystem="2.16.840.1.113883.3.26.1.1" displayName="brown" xsi:type="CE"/>
                        </characteristic>
                     </subjectOf>
                     <subjectOf>
                        <characteristic classCode="OBS">
                           <code code="SPLSCORE" codeSystem="2.16.840.1.113883.1.11.19255"/>
                           <value value="1" xsi:type="INT"/>
                        </characteristic>
                     </subjectOf>
                     <subjectOf>
                        <characteristic classCode="OBS">
                           <code code="SPLSHAPE" codeSystem="2.16.840.1.113883.1.11.19255"/>
                           <value code="C48348" codeSystem="2.16.840.1.113883.3.26.1.1" displayName="ROUND" xsi:type="CE"/>
                        </characteristic>
                     </subjectOf>
                     <subjectOf>
                        <characteristic classCode="OBS">
                           <code code="SPLIMPRINT" codeSystem="2.16.840.1.113883.1.11.19255"/>
                           <value xsi:type="ST">114</value>
                        </characteristic>
                     </subjectOf>
                     <subjectOf>
                        <characteristic classCode="OBS">
                           <code code="SPLSIZE" codeSystem="2.16.840.1.113883.1.11.19255"/>
                           <value unit="mm" value="10" xsi:type="PQ"/>
                        </characteristic>
                     </subjectOf>
                     <consumedIn>
                        <substanceAdministration>
                           <routeCode code="C38288" codeSystem="2.16.840.1.113883.3.26.1.1" displayName="ORAL"/>
                        </substanceAdministration>
                     </consumedIn>
                  </manufacturedProduct>
               </subject>
            </section>
         </component>
         <component>
            <section>
               <id root="6b4a8317-4476-4f11-b80e-f352c5a74077"/>
               <code code="55106-9" codeSystem="2.16.840.1.113883.6.1" displayName="OTC - ACTIVE INGREDIENT SECTION"/>
               <title>Active ingredient (in each tablet)</title>
               <text>
                  <paragraph>
                     <content>Ibuprofen 200 mg (NSAID)*</content>
                  </paragraph>
                  <paragraph>
                     <content/>
                     <content>*nonsteroidal anti- inflammatory drug </content>
                  </paragraph>
               </text>
               <effectiveTime value="20160301"/>
            </section>
         </component>
         <component>
            <section>
               <id root="06fa5667-21d2-4ab9-b5ef-2689626eb921"/>
               <code code="55105-1" codeSystem="2.16.840.1.113883.6.1" displayName="OTC - PURPOSE SECTION"/>
               <title>Purpose</title>
               <text>
                  <paragraph>Pain Reliever/ Fever Reducer</paragraph>
               </text>
               <effectiveTime value="20160301"/>
            </section>
         </component>
         <component>
            <section>
               <id root="ee617efd-6fe8-454b-ba0e-62a8564f5d9f"/>
               <code code="34067-9" codeSystem="2.16.840.1.113883.6.1" displayName="INDICATIONS &amp; USAGE SECTION"/>
               <title>Uses</title>
               <text>
                  <paragraph>temporarily relieves minor aches and pain due to:</paragraph>
                  <list listType="unordered">
                     <item>headache</item>
                     <item>toothache</item>
                     <item>backache</item>
                     <item>menstrual cramps</item>
                     <item>the common cold</item>
                     <item>muscular aches</item>
                     <item>minor pain of arthritis</item>
                     <item>temporarily reduces fever</item>
                  </list>
               </text>
               <effectiveTime value="20160301"/>
            </section>
         </component>
         <component>
            <section>
               <id root="96e8572b-fba2-4894-bbc8-9a3db8f7ff1c"/>
               <code code="34071-1" codeSystem="2.16.840.1.113883.6.1" displayName="WARNINGS SECTION"/>
               <title>Warnings</title>
               <text>
                  <paragraph/>
                  <paragraph>
                     <br/>
                  </paragraph>
               </text>
               <effectiveTime value="20160301"/>
               <component>
                  <section ID="Lbbf83a0c-c46c-421e-967a-383cf1801fdd">
                     <id root="fe6ec827-1566-4b2d-8439-faa9b32bd652"/>
                     <code code="43685-7" codeSystem="2.16.840.1.113883.6.1" displayName="WARNINGS AND PRECAUTIONS SECTION"/>
                     <title>Allergy alert:</title>
                     <text>
                        <paragraph>Ibuprofen may cause a severe allergic reaction, especially in people allergic to Aspirin. Symptoms may include</paragraph>
                        <list listType="unordered">
                           <item>hives</item>
                           <item>facial swelling</item>
                           <item>asthma (wheezing)</item>
                           <item>shock</item>
                           <item>skin reddening</item>
                           <item>rash</item>
                           <item>blisters</item>
                        </list>
                        <paragraph>If an allergic reaction occurs, stop use and seek medical help right away.</paragraph>
                     </text>
                     <effectiveTime value="20160301"/>
                     <component>
                        <section ID="Le83d8e9c-e4b1-4725-9623-b26b55169019">
                           <id root="2aa39f48-d1bb-4ce6-b950-345d5099d6b8"/>
                           <code code="43685-7" codeSystem="2.16.840.1.113883.6.1" displayName="WARNINGS AND PRECAUTIONS SECTION"/>
                           <title>
                              <content styleCode="bold">Stomach bleeding warning:</content>
                           </title>
                           <text>
                              <paragraph>This product contains an NSAID, which may cause severe stomach bleeding. The chance is higher if you</paragraph>
                              <list listType="unordered">
                                 <item>are age 60 or older</item>
                                 <item>have had stomach ulcers or bleeding problems</item>
                                 <item>take a blood thinning (anticoagulant) or steroid drug</item>
                                 <item>take other drugs containing prescription or non prescription NSAIDs (aspirin, ibuprofen, naproxen, or others)</item>
                                 <item>have 3 or more alcoholic drinks everyday while using this product</item>
                                 <item>take more or for a longer time than directed</item>
                              </list>
                           </text>
                           <effectiveTime value="20160301"/>
                        </section>
                     </component>
                  </section>
               </component>
            </section>
         </component>
         <component>
            <section>
               <id root="cedfa922-44e5-43c2-abd6-a22af5581be6"/>
               <code code="50570-1" codeSystem="2.16.840.1.113883.6.1" displayName="OTC - DO NOT USE SECTION"/>
               <title>Do not use</title>
               <text>
                  <list listType="unordered" ID="ice1d3ee1-cfc5-4372-8065-1bc54ce32834">
                     <item>if you have ever had an allergic reaction to any other pain reliever/ fever reducer <br/>
                     </item>
                     <item>right before or after heart surgery<br/>
                     </item>
                  </list>
               </text>
               <effectiveTime value="20160301"/>
            </section>
         </component>
         <component>
            <section>
               <id root="87fdaf01-4915-4a43-aabf-7ec09df75b7a"/>
               <code code="50569-3" codeSystem="2.16.840.1.113883.6.1" displayName="OTC - ASK DOCTOR SECTION"/>
               <title>Ask a doctor before use if </title>
               <text>
                  <list listType="unordered" ID="i0e696fdb-af71-4c2c-8787-35c3a6737e1b">
                     <item>stomach bleeding warning applies to you</item>
                     <item>you have problems or serious side effects from taking pain relievers or fever reducers</item>
                     <item>you have a history of stomach problems, such as heartburn</item>
                     <item>you have high blood pressure, heart disease, liver cirrhosis, kidney disease or asthma</item>
                     <item>you are taking a diuretic<br/>
                     </item>
                  </list>
               </text>
               <effectiveTime value="20160301"/>
            </section>
         </component>
         <component>
            <section>
               <id root="7fdc6fcc-d1b0-4b9d-aa1d-0ff99a734f08"/>
               <code code="50568-5" codeSystem="2.16.840.1.113883.6.1" displayName="OTC - ASK DOCTOR/PHARMACIST SECTION"/>
               <title>Ask a doctor or pharmacist before use if you are </title>
               <text>
                  <list listType="unordered" ID="i04bc9cbc-1dc9-4b95-872c-427125da9a9a">
                     <item>under a doctor's care for any serious condition</item>
                     <item>taking aspirin for heart attack or stroke, because ibuprofen may decrease this benefit of aspirin <br/>
                     </item>
                     <item>taking any other drug<br/>
                     </item>
                  </list>
               </text>
               <effectiveTime value="20160301"/>
            </section>
         </component>
         <component>
            <section>
               <id root="dbbf4521-42c3-4aef-8db2-ec1fd93ed737"/>
               <code code="50567-7" codeSystem="2.16.840.1.113883.6.1" displayName="OTC - WHEN USING SECTION"/>
               <title>when using this product </title>
               <text>
                  <list listType="unordered" ID="i8f2d2591-6989-498b-8021-04c83db2a2f7">
                     <item>take with food or milk if stomach upset occurs</item>
                     <item>the risk of heart attack or stroke may increase if you use more than directed or for longer than directed</item>
                  </list>
               </text>
               <effectiveTime value="20160301"/>
            </section>
         </component>
         <component>
            <section>
               <id root="3051071a-a36f-4034-8bdd-a70642a69555"/>
               <code code="50566-9" codeSystem="2.16.840.1.113883.6.1" displayName="OTC - STOP USE SECTION"/>
               <title>Stop use and ask a doctor if</title>
               <text>
                  <list listType="unordered" ID="id6583371-edaa-4030-8c25-20b4ef772fcb">
                     <item>you experience any of the following signs of stomach bleeding:</item>
                     <item>feel faint </item>
                     <item>vomit blood</item>
                     <item>have bloody or black stools</item>
                     <item>have stomach pain that does not get better</item>
                     <item>pain gets worse or last for more than 10 days </item>
                     <item>fever gets worse or last more than 3 days</item>
                     <item>redness or swelling is present in the painful area </item>
                     <item>any new symptoms appear</item>
                  </list>
               </text>
               <effectiveTime value="20160301"/>
            </section>
         </component>
         <component>
            <section>
               <id root="0b223676-4f46-48ea-8071-f2c01ebc7e4c"/>
               <code code="53414-9" codeSystem="2.16.840.1.113883.6.1" displayName="OTC - PREGNANCY OR BREAST FEEDING SECTION"/>
               <title>If pregnant or breast feeding,</title>
               <text>
                  <paragraph>
                     <content>ask a health professional before use. It is especially important not to use ibuprofen during the last 3 months of pregnancy unless definitely directed to do so by a doctor because it may cause problems in the unborn child or complications during delivery.</content>
                  </paragraph>
               </text>
               <effectiveTime value="20160301"/>
            </section>
         </component>
         <component>
            <section>
               <id root="6af55b12-e5c6-483e-be37-73d06a26735b"/>
               <code code="50565-1" codeSystem="2.16.840.1.113883.6.1" displayName="OTC - KEEP OUT OF REACH OF CHILDREN SECTION"/>
               <title>Keep out of reach of children.</title>
               <text>
                  <paragraph>In case of overdose, get medical help or contact a Poison Control Center right away (1-800-222-1222). </paragraph>
               </text>
               <effectiveTime value="20160301"/>
            </section>
         </component>
         <component>
            <section>
               <id root="17ba6062-ab19-4b8b-9a47-f8fee666def9"/>
               <code code="34068-7" codeSystem="2.16.840.1.113883.6.1" displayName="DOSAGE &amp; ADMINISTRATION SECTION"/>
               <title>Directions</title>
               <text>
                  <list listType="unordered" ID="i10b3a180-db23-4e8c-8a1b-bb1f1bd3bbf8">
                     <item>
                        <content styleCode="bold">do not take more than directed </content>
                     </item>
                  </list>
                  <list listType="unordered" ID="i3b458df4-6abd-4edf-8f8b-de470189647d">
                     <item>
                        <content styleCode="bold">the smallest effective dose should be used</content>
                     </item>
                  </list>
                  <paragraph/>
                  <table ID="i1be167ef-55cb-44c8-8d39-c6168d91d006" width="472" border="1">
                     <tbody>
                        <tr>
                           <td>adults and children <br/>12 years and older</td>
                           <td>
                              <list listType="unordered" ID="if10f771b-3e14-4b4b-861f-caa96c1be825">
                                 <item>take 1 tablet every 4 to 6 hours while symptoms persist</item>
                                 <item>if pain or fever does not respond to 1 tablet, 2 tablets may be used</item>
                                 <item>do not exceed 6 tablets in 24 hours, unless directed by a doctor</item>
                              </list>
                           </td>
                        </tr>
                        <tr>
                           <td>children under 12 years</td>
                           <td>
                              <list listType="unordered" ID="i03c069e1-f02e-4e39-89f9-8882cd5138ce">
                                 <item>consult a doctor</item>
                              </list>
                           </td>
                        </tr>
                     </tbody>
                  </table>
                  <paragraph/>
               </text>
               <effectiveTime value="20160301"/>
            </section>
         </component>
         <component>
            <section>
               <id root="f033811a-ada4-48ab-bc50-9dfe157437a7"/>
               <code code="44425-7" codeSystem="2.16.840.1.113883.6.1" displayName="STORAGE AND HANDLING SECTION"/>
               <title>Other information</title>
               <text>
                  <list listType="unordered" ID="i041740d2-9989-41ff-88f3-8daca8e8de9e">
                     <item>
                        <content styleCode="bold">Tamper Evident: do not use if safety seal under cap is broken or missing</content>
                     </item>
                     <item>store at room temperature (20<sup>o</sup>- 25<sup>o</sup>C) </item>
                     <item>avoid excessive heat above 40<sup>o</sup>C (104<sup>o</sup>F)</item>
                  </list>
               </text>
               <effectiveTime value="20160301"/>
            </section>
         </component>
         <component>
            <section>
               <id root="9313d2d2-dd47-4e5d-8f9a-06a74feaac7e"/>
               <code code="51727-6" codeSystem="2.16.840.1.113883.6.1" displayName="INACTIVE INGREDIENT SECTION"/>
               <title>Inactive Ingredients:</title>
               <text>
                  <paragraph>colloidal silicon dioxide, croscarmellose sodium, magnesium stearate, microcrystalline cellulose, polyethylene glycol, polyvinyl alcohol, pregelatinized starch, red iron oxide, talc &amp; titanium dioxide  </paragraph>
               </text>
               <effectiveTime value="20160301"/>
            </section>
         </component>
         <component>
            <section>
               <id root="b6fa011c-610b-423d-aee2-5857a6210e9d"/>
               <code code="53413-1" codeSystem="2.16.840.1.113883.6.1" displayName="OTC - QUESTIONS SECTION"/>
               <title>Questions? Adverse drug event call: (866)562-2756 Mon-Fri: 8 AM to 4 PM</title>
               <text>
                  <paragraph>*This product is not manufactured or distributed by Pfizer Consumer Products, owner of the registered trademark ADVIL<sup>®</sup>.</paragraph>
               </text>
               <effectiveTime value="20160301"/>
            </section>
         </component>
         <component>
            <section ID="Ld759346e-7b95-46a9-9549-d36fe4f82953">
               <id root="4f7e39c8-6d5f-4a36-a84b-f5ed528fa198"/>
               <code code="51945-4" codeSystem="2.16.840.1.113883.6.1" displayName="PACKAGE LABEL.PRINCIPAL DISPLAY PANEL"/>
               <title/>
               <text>
                  <paragraph>NDC 61715-167-50</paragraph>
                  <paragraph/>
                  <paragraph>*Compare to the active ingredient in Advil®</paragraph>
                  <paragraph/>
                  <paragraph>Preferred plus Pharmacy</paragraph>
                  <paragraph/>
                  <paragraph>Pain Reliever / Fever Reducer (NSAID)</paragraph>
                  <paragraph/>
                  <paragraph>IBUPROFEN Tablets</paragraph>
                  <paragraph/>
                  <paragraph>200mg</paragraph>
                  <paragraph/>
                  <paragraph>50 Tablets</paragraph>
                  <paragraph>
                     <renderMultiMedia referencedObject="L1ed5568e-f9f5-4e38-82ea-0b9d5fa21e49"/>
                  </paragraph>
               </text>
               <effectiveTime value="20160301"/>
               <component>
                  <observationMedia ID="L1ed5568e-f9f5-4e38-82ea-0b9d5fa21e49">
                     <text>Preferred Plus Ibuprofen 200 mg Brown Tablet Package Label</text>
                     <value mediaType="image/jpeg" xsi:type="ED">
                        <reference value="Preferred Plus Ibuprofen 200 mg Brown Tablet Package Label.jpg"/>
                     </value>
                  </observationMedia>
               </component>
            </section>
         </component>
      </structuredBody>
   </component>
</document>