<?xml version="1.0" encoding="UTF-8"?><?xml-stylesheet href="http://www.accessdata.fda.gov/spl/stylesheet/spl.xsl" type="text/xsl"?>
<document xmlns="urn:hl7-org:v3" xmlns:xsi="http://www.w3.org/2001/XMLSchema-instance" xsi:schemaLocation="urn:hl7-org:v3 http://www.accessdata.fda.gov/spl/schema/spl.xsd">
   <id root="117900ff-eaa4-4a70-aa2a-132d8c1f6abf"/>
   <code code="34390-5" codeSystem="2.16.840.1.113883.6.1" displayName="HUMAN OTC DRUG LABEL"/>
   <title>Better Living Brands LLC Children’s Ibuprofen Drug Facts</title>
   <effectiveTime value="20171130"/>
   <setId root="1f1fadb3-e74c-411a-a116-08cb541e8921"/>
   <versionNumber value="3"/>
   <author>
      <time/>
      <assignedEntity>
         <representedOrganization>
            <id extension="009137209" root="1.3.6.1.4.1.519.1"/>
            <name>Safeway</name>
         </representedOrganization>
      </assignedEntity>
   </author>
   <component>
      <structuredBody>
         <component>
            <section>
               <id root="6edde706-1645-410d-aafb-65f4a21235d7"/>
               <code code="48780-1" codeSystem="2.16.840.1.113883.6.1" displayName="SPL product data elements section"/>
               <effectiveTime value="20171130"/>
               <subject>
                  <manufacturedProduct>
                     <manufacturedProduct>
                        <code code="21130-011" codeSystem="2.16.840.1.113883.6.69"/>
                        <name>signature care childrens ibuprofen</name>
                        <formCode code="C42994" codeSystem="2.16.840.1.113883.3.26.1.1" displayName="SUSPENSION"/>
                        <asEntityWithGeneric>
                           <genericMedicine>
                              <name>Ibuprofen</name>
                           </genericMedicine>
                        </asEntityWithGeneric>
                        <ingredient classCode="ACTIB">
                           <quantity>
                              <numerator unit="mg" value="100"/>
                              <denominator unit="mL" value="5"/>
                           </quantity>
                           <ingredientSubstance>
                              <code code="WK2XYI10QM" codeSystem="2.16.840.1.113883.4.9"/>
                              <name>IBUPROFEN</name>
                              <activeMoiety>
                                 <activeMoiety>
                                    <code code="WK2XYI10QM" codeSystem="2.16.840.1.113883.4.9"/>
                                    <name>IBUPROFEN</name>
                                 </activeMoiety>
                              </activeMoiety>
                           </ingredientSubstance>
                        </ingredient>
                        <ingredient classCode="IACT">
                           <ingredientSubstance>
                              <code code="XF417D3PSL" codeSystem="2.16.840.1.113883.4.9"/>
                              <name>ANHYDROUS CITRIC ACID</name>
                           </ingredientSubstance>
                        </ingredient>
                        <ingredient classCode="IACT">
                           <ingredientSubstance>
                              <code code="WZB9127XOA" codeSystem="2.16.840.1.113883.4.9"/>
                              <name>FD&amp;C RED NO. 40</name>
                           </ingredientSubstance>
                        </ingredient>
                        <ingredient classCode="IACT">
                           <ingredientSubstance>
                              <code code="PDC6A3C0OX" codeSystem="2.16.840.1.113883.4.9"/>
                              <name>GLYCERIN</name>
                           </ingredientSubstance>
                        </ingredient>
                        <ingredient classCode="IACT">
                           <ingredientSubstance>
                              <code code="XY6UN3QB6S" codeSystem="2.16.840.1.113883.4.9"/>
                              <name>HIGH FRUCTOSE CORN SYRUP</name>
                           </ingredientSubstance>
                        </ingredient>
                        <ingredient classCode="IACT">
                           <ingredientSubstance>
                              <code code="3NXW29V3WO" codeSystem="2.16.840.1.113883.4.9"/>
                              <name>HYPROMELLOSES</name>
                           </ingredientSubstance>
                        </ingredient>
                        <ingredient classCode="IACT">
                           <ingredientSubstance>
                              <code code="6OZP39ZG8H" codeSystem="2.16.840.1.113883.4.9"/>
                              <name>POLYSORBATE 80</name>
                           </ingredientSubstance>
                        </ingredient>
                        <ingredient classCode="IACT">
                           <ingredientSubstance>
                              <code code="059QF0KO0R" codeSystem="2.16.840.1.113883.4.9"/>
                              <name>WATER</name>
                           </ingredientSubstance>
                        </ingredient>
                        <ingredient classCode="IACT">
                           <ingredientSubstance>
                              <code code="OJ245FE5EU" codeSystem="2.16.840.1.113883.4.9"/>
                              <name>SODIUM BENZOATE</name>
                           </ingredientSubstance>
                        </ingredient>
                        <ingredient classCode="IACT">
                           <ingredientSubstance>
                              <code code="506T60A25R" codeSystem="2.16.840.1.113883.4.9"/>
                              <name>SORBITOL</name>
                           </ingredientSubstance>
                        </ingredient>
                        <ingredient classCode="IACT">
                           <ingredientSubstance>
                              <code code="TTV12P4NEE" codeSystem="2.16.840.1.113883.4.9"/>
                              <name>XANTHAN GUM</name>
                           </ingredientSubstance>
                        </ingredient>
                        <asContent>
                           <quantity>
                              <numerator unit="mL" value="118"/>
                              <denominator value="1"/>
                           </quantity>
                           <containerPackagedProduct>
                              <code/>
                              <formCode code="C43169" codeSystem="2.16.840.1.113883.3.26.1.1" displayName="BOTTLE"/>
                              <asContent>
                                 <quantity>
                                    <numerator unit="1" value="1"/>
                                    <denominator value="1"/>
                                 </quantity>
                                 <containerPackagedProduct>
                                    <code code="21130-011-26" codeSystem="2.16.840.1.113883.6.69"/>
                                    <formCode code="C43182" codeSystem="2.16.840.1.113883.3.26.1.1" displayName="CARTON"/>
                                 </containerPackagedProduct>
                                 <subjectOf>
                                    <marketingAct>
                                       <code code="C53292" codeSystem="2.16.840.1.113883.3.26.1.1"/>
                                       <statusCode code="active"/>
                                       <effectiveTime>
                                          <low value="20150901"/>
                                       </effectiveTime>
                                    </marketingAct>
                                 </subjectOf>
                              </asContent>
                           </containerPackagedProduct>
                           <subjectOf>
                              <characteristic classCode="OBS">
                                 <code code="SPLCMBPRDTP" codeSystem="2.16.840.1.113883.1.11.19255"/>
                                 <value code="C112160" codeSystem="2.16.840.1.113883.3.26.1.1" displayName="Type 0: Not a Combination Product" xsi:type="CE"/>
                              </characteristic>
                           </subjectOf>
                        </asContent>
                     </manufacturedProduct>
                     <subjectOf>
                        <approval>
                           <id extension="ANDA074937" root="2.16.840.1.113883.3.150"/>
                           <code code="C73584" codeSystem="2.16.840.1.113883.3.26.1.1" displayName="ANDA"/>
                           <author>
                              <territorialAuthority>
                                 <territory>
                                    <code code="USA" codeSystem="2.16.840.1.113883.5.28"/>
                                 </territory>
                              </territorialAuthority>
                           </author>
                        </approval>
                     </subjectOf>
                     <subjectOf>
                        <marketingAct>
                           <code code="C53292" codeSystem="2.16.840.1.113883.3.26.1.1"/>
                           <statusCode code="active"/>
                           <effectiveTime>
                              <low value="20150901"/>
                           </effectiveTime>
                        </marketingAct>
                     </subjectOf>
                     <subjectOf>
                        <characteristic classCode="OBS">
                           <code code="SPLCOLOR" codeSystem="2.16.840.1.113883.1.11.19255"/>
                           <value code="C48328" codeSystem="2.16.840.1.113883.3.26.1.1" displayName="PINK" xsi:type="CE">
                              <originalText>light</originalText>
                           </value>
                        </characteristic>
                     </subjectOf>
                     <subjectOf>
                        <characteristic classCode="OBS">
                           <code code="SPLFLAVOR" codeSystem="2.16.840.1.113883.1.11.19255"/>
                           <value code="C73368" codeSystem="2.16.840.1.113883.3.26.1.1" displayName="BUBBLE GUM" xsi:type="CE"/>
                        </characteristic>
                     </subjectOf>
                     <consumedIn>
                        <substanceAdministration>
                           <routeCode code="C38288" codeSystem="2.16.840.1.113883.3.26.1.1" displayName="ORAL"/>
                        </substanceAdministration>
                     </consumedIn>
                  </manufacturedProduct>
               </subject>
            </section>
         </component>
         <component>
            <section ID="i4i_OTC_Active_Ingredient_id_6b1b2476-d5c8-4179-ab7e-4d025d6af87b">
               <id root="af8f980a-e0fa-4017-b1c2-70d316420664"/>
               <code code="55106-9" codeSystem="2.16.840.1.113883.6.1" displayName="OTC - ACTIVE INGREDIENT SECTION"/>
               <title>Active ingredient (in each 5 mL)</title>
               <text>
                  <paragraph>Ibuprofen 100 mg (NSAID)*</paragraph>
                  <paragraph>*nonsteroidal anti-inflammatory drug</paragraph>
               </text>
               <effectiveTime value="20171130"/>
            </section>
         </component>
         <component>
            <section ID="i4i_OTC_Purpose_id_b38e0275-f960-4230-9f03-09b9434559b3">
               <id root="9bffab6a-480d-449d-bb86-bb04d7de533a"/>
               <code code="55105-1" codeSystem="2.16.840.1.113883.6.1" displayName="OTC - PURPOSE SECTION"/>
               <title>Purposes</title>
               <text>
                  <paragraph>Pain reliever/fever reducer</paragraph>
               </text>
               <effectiveTime value="20150909"/>
            </section>
         </component>
         <component>
            <section ID="i4i_indications_id_78fa9a3b-9be0-401d-ac45-218085935ec2">
               <id root="6d867c8e-584c-44bd-b520-199d3c7a2ad0"/>
               <code code="34067-9" codeSystem="2.16.840.1.113883.6.1" displayName="INDICATIONS &amp; USAGE SECTION"/>
               <title>Uses</title>
               <text>
                  <paragraph>temporarily:</paragraph>
                  <list listType="unordered">
                     <item>
                        <caption>•</caption>relieves minor aches and pains due to the common cold, flu, sore throat, headache and toothache</item>
                     <item>
                        <caption>•</caption>reduces fever</item>
                  </list>
               </text>
               <effectiveTime value="20150909"/>
            </section>
         </component>
         <component>
            <section ID="i4i_warnings_id_a3572c6e-53be-430f-84bb-2e1937c17eb1">
               <id root="1559ea17-9808-49cb-a1c9-19fd96bcd909"/>
               <code code="34071-1" codeSystem="2.16.840.1.113883.6.1" displayName="WARNINGS SECTION"/>
               <title>Warnings</title>
               <text>
                  <paragraph>Allergy alert: Ibuprofen may cause a severe allergic reaction, especially in people allergic to aspirin. Symptoms may include:</paragraph>
                  <list listType="unordered">
                     <item>
                        <caption>•</caption>hives</item>
                     <item>
                        <caption>•</caption>facial swelling</item>
                     <item>
                        <caption>•</caption>asthma (wheezing)</item>
                     <item>
                        <caption>•</caption>shock</item>
                     <item>
                        <caption>•</caption>skin reddening</item>
                     <item>
                        <caption>•</caption>rash</item>
                     <item>
                        <caption>•</caption>blisters</item>
                  </list>
                  <paragraph>If an allergic reaction occurs, stop use and seek medical help right away.</paragraph>
                  <paragraph>Stomach bleeding warning: This product contains an NSAID, which may cause severe stomach bleeding. The chance is higher if your child:</paragraph>
                  <list listType="unordered">
                     <item>
                        <caption>•</caption>has had stomach ulcers or bleeding problems</item>
                     <item>
                        <caption>•</caption>takes a blood thinning (anticoagulant) or steroid drug</item>
                     <item>
                        <caption>•</caption>takes other drugs containing prescription or nonprescription NSAIDs (aspirin, ibuprofen, naproxen, or others)</item>
                     <item>
                        <caption>•</caption>takes more or for a longer time than directed</item>
                  </list>
                  <paragraph>Heart attack and stroke warning: NSAIDs, except aspirin, increase the risk of heart attack, heart failure, and stroke. These can be fatal. The risk is higher if you use more than directed or for longer than directed.</paragraph>
                  <paragraph>Sore throat warning: Severe or persistent sore throat or sore throat accompanied by high fever, headache, nausea, and vomiting may be serious.  Consult doctor promptly.  Do not use more than 2 days or administer to children under 3 years of age unless directed by doctor.</paragraph>
               </text>
               <effectiveTime value="20171130"/>
               <component>
                  <section ID="i4i_OTC_Do_not_use_id_b85df382-cc8d-4e8a-aa19-76c448742f63">
                     <id root="784e88f2-e0d8-4c03-ba34-76d3f612a022"/>
                     <code code="50570-1" codeSystem="2.16.840.1.113883.6.1" displayName="OTC - DO NOT USE SECTION"/>
                     <title>Do not use </title>
                     <text>
                        <list listType="unordered">
                           <item>
                              <caption>•</caption>if the child has ever had an allergic reaction to ibuprofen or any other pain reliever/fever reducer</item>
                           <item>
                              <caption>•</caption>right before or after heart surgery</item>
                        </list>
                     </text>
                     <effectiveTime value="20171130"/>
                  </section>
               </component>
               <component>
                  <section ID="i4i_OTC_Ask_Doctor_id_01189930-a3d7-40a8-84bd-668e29b299e2">
                     <id root="07c28014-053f-495b-9793-0c29d9a3e2c0"/>
                     <code code="50569-3" codeSystem="2.16.840.1.113883.6.1" displayName="OTC - ASK DOCTOR SECTION"/>
                     <title>Ask a doctor before use if</title>
                     <text>
                        <list listType="unordered">
                           <item>
                              <caption>•</caption>stomach bleeding warning applies to your child</item>
                           <item>
                              <caption>•</caption>child has a history of stomach problems, such as heartburn </item>
                           <item>
                              <caption>•</caption>child has problems or serious side effects from taking pain relievers or fever reducers</item>
                           <item>
                              <caption>•</caption>child has not been drinking fluids</item>
                           <item>
                              <caption>•</caption>child has lost a lot of fluid due to vomiting or diarrhea</item>
                           <item>
                              <caption>•</caption>child has high blood pressure, heart disease, liver cirrhosis, kidney disease, or had a stroke</item>
                           <item>
                              <caption>•</caption>child has asthma</item>
                           <item>
                              <caption>•</caption>child is taking a diuretic</item>
                        </list>
                     </text>
                     <effectiveTime value="20171130"/>
                  </section>
               </component>
               <component>
                  <section ID="i4i_OTC_Ask_Doctor_Pharmacist_id_dac62188-a5cd-4dae-9b10-74db328d2504">
                     <id root="596fbc29-7a63-4077-a537-52f4776583b7"/>
                     <code code="50568-5" codeSystem="2.16.840.1.113883.6.1" displayName="OTC - ASK DOCTOR/PHARMACIST SECTION"/>
                     <title>Ask a doctor or pharmacist before use if the child is</title>
                     <text>
                        <list listType="unordered">
                           <item>
                              <caption>•</caption>under a doctor’s care for any serious condition</item>
                           <item>
                              <caption>•</caption>taking any other drug</item>
                        </list>
                     </text>
                     <effectiveTime value="20150909"/>
                  </section>
               </component>
               <component>
                  <section ID="i4i_OTC_When_Using_id_6012783e-afc2-46bc-964c-bf15ab1e06cf">
                     <id root="cdbd514c-5c4b-41d2-8fb2-0dd6f6031b87"/>
                     <code code="50567-7" codeSystem="2.16.840.1.113883.6.1" displayName="OTC - WHEN USING SECTION"/>
                     <title>When using this product</title>
                     <text>
                        <list listType="unordered">
                           <item>
                              <caption>•</caption>give with food or milk if stomach upset occurs</item>
                        </list>
                     </text>
                     <effectiveTime value="20171130"/>
                  </section>
               </component>
               <component>
                  <section ID="i4i_OTC_Stop_Use_id_a24c6466-4816-4bb2-a45d-3d5b99b5358f">
                     <id root="0804137b-a57d-4daf-8570-a4f7a1264e83"/>
                     <code code="50566-9" codeSystem="2.16.840.1.113883.6.1" displayName="OTC - STOP USE SECTION"/>
                     <title>Stop use and ask a doctor if</title>
                     <text>
                        <list listType="unordered">
                           <item>
                              <caption>•</caption>child experiences any of the following signs of stomach bleeding:</item>
                           <item>
                              <caption>•</caption>feels faint</item>
                           <item>
                              <caption>•</caption>vomits blood</item>
                           <item>
                              <caption>•</caption>has bloody or black stools</item>
                           <item>
                              <caption>•</caption>has stomach pain that does not get better</item>
                           <item>
                              <caption>•</caption>child has symptoms of heart problems or stroke:</item>
                           <item>
                              <caption>•</caption>chest pain</item>
                           <item>
                              <caption>•</caption>trouble breathing</item>
                           <item>
                              <caption>•</caption>weakness in one part or side of body</item>
                           <item>
                              <caption>•</caption>slurred speech</item>
                           <item>
                              <caption>•</caption>leg swelling</item>
                           <item>
                              <caption>•</caption>the child does not get any relief within first day (24 hours) of treatment</item>
                           <item>
                              <caption>•</caption>fever or pain gets worse or lasts more than 3 days</item>
                           <item>
                              <caption>•</caption>redness or swelling is present in the painful area</item>
                           <item>
                              <caption>•</caption>any new symptoms appear</item>
                        </list>
                     </text>
                     <effectiveTime value="20171130"/>
                  </section>
               </component>
               <component>
                  <section ID="i4i_OTC_Keep_Away_Children_id_45ed52d1-438e-4211-8cf9-efb5ff55a841">
                     <id root="dace41d2-0ca3-4144-9847-9649df89b56d"/>
                     <code code="50565-1" codeSystem="2.16.840.1.113883.6.1" displayName="OTC - KEEP OUT OF REACH OF CHILDREN SECTION"/>
                     <title>Keep out of reach of children.</title>
                     <text>
                        <paragraph>In case of overdose, get medical help or contact a Poison Control Center right away. (1-800-222-1222)</paragraph>
                     </text>
                     <effectiveTime value="20150909"/>
                  </section>
               </component>
            </section>
         </component>
         <component>
            <section ID="i4i_dosage_admin_id_fe9b7832-f65c-46fa-9470-1f95663d031e">
               <id root="c7c60204-e26b-4c26-8268-1aec988d0f8d"/>
               <code code="34068-7" codeSystem="2.16.840.1.113883.6.1" displayName="DOSAGE &amp; ADMINISTRATION SECTION"/>
               <title>Directions</title>
               <text>
                  <list listType="unordered">
                     <item>
                        <caption>•</caption>this product does not contain directions or complete warnings for adult use</item>
                     <item>
                        <caption>•</caption>do not give more than directed</item>
                     <item>
                        <caption>•</caption>shake well before using</item>
                     <item>
                        <caption>•</caption>mL = milliliter</item>
                     <item>
                        <caption>•</caption>find right dose on chart. If possible, use weight to dose; otherwise use age.</item>
                     <item>
                        <caption>•</caption>use only enclosed dosing cup. Do not use any other dosing device.</item>
                     <item>
                        <caption>•</caption>if needed, repeat dose every 6-8 hours</item>
                     <item>
                        <caption>•</caption>do not use more than 4 times a day</item>
                     <item>
                        <caption>•</caption>replace original bottle cap to maintain child resistance</item>
                     <item>
                        <caption>•</caption>wash dosage cup after each use</item>
                     <item>
                        <caption> </caption>Dosing Chart</item>
                  </list>
                  <table width="100%">
                     <col width="21%"/>
                     <col width="21%"/>
                     <col width="27%"/>
                     <tbody>
                        <tr>
                           <td align="center" styleCode="Rrule Botrule Lrule Toprule " valign="top">
                              <paragraph>Weight (lb)</paragraph>
                           </td>
                           <td align="center" styleCode="Rrule Botrule Lrule Toprule " valign="top">
                              <paragraph>Age (yr)</paragraph>
                           </td>
                           <td align="center" styleCode="Rrule Botrule Lrule Toprule " valign="top">
                              <paragraph>Dose (mL)**</paragraph>
                           </td>
                        </tr>
                        <tr>
                           <td align="center" styleCode="Rrule Lrule Botrule " valign="top">
                              <paragraph>under 24 lbs</paragraph>
                           </td>
                           <td align="center" styleCode="Rrule Lrule Toprule Botrule " valign="top">
                              <paragraph>under 2 years</paragraph>
                           </td>
                           <td align="center" styleCode="Rrule Lrule Toprule Botrule " valign="top">
                              <paragraph>ask a doctor</paragraph>
                           </td>
                        </tr>
                        <tr>
                           <td align="center" styleCode="Rrule Lrule Botrule " valign="top">
                              <paragraph>24-35 lbs</paragraph>
                           </td>
                           <td align="center" styleCode="Rrule Lrule Toprule Botrule " valign="top">
                              <paragraph>2-3 years</paragraph>
                           </td>
                           <td align="center" styleCode="Rrule Lrule Toprule Botrule " valign="top">
                              <paragraph>5 mL</paragraph>
                           </td>
                        </tr>
                        <tr>
                           <td align="center" styleCode="Rrule Lrule Botrule " valign="top">
                              <paragraph>36-47 lbs</paragraph>
                           </td>
                           <td align="center" styleCode="Rrule Lrule Toprule Botrule " valign="top">
                              <paragraph>4-5 years</paragraph>
                           </td>
                           <td align="center" styleCode="Rrule Lrule Toprule Botrule " valign="top">
                              <paragraph>7.5 mL</paragraph>
                           </td>
                        </tr>
                        <tr>
                           <td align="center" styleCode="Rrule Lrule Botrule " valign="top">
                              <paragraph>48-59 lbs</paragraph>
                           </td>
                           <td align="center" styleCode="Rrule Lrule Toprule Botrule " valign="top">
                              <paragraph>6-8 years</paragraph>
                           </td>
                           <td align="center" styleCode="Rrule Lrule Toprule Botrule " valign="top">
                              <paragraph>10 mL</paragraph>
                           </td>
                        </tr>
                        <tr>
                           <td align="center" styleCode="Rrule Lrule Botrule " valign="top">
                              <paragraph>60-71 lbs</paragraph>
                           </td>
                           <td align="center" styleCode="Rrule Lrule Toprule Botrule " valign="top">
                              <paragraph>9-10 years</paragraph>
                           </td>
                           <td align="center" styleCode="Rrule Lrule Toprule Botrule " valign="top">
                              <paragraph>12.5 mL</paragraph>
                           </td>
                        </tr>
                        <tr>
                           <td align="center" styleCode="Rrule Botrule Lrule Toprule " valign="top">
                              <paragraph>72-95 lbs</paragraph>
                           </td>
                           <td align="center" styleCode="Rrule Botrule Lrule Toprule " valign="top">
                              <paragraph>11 years</paragraph>
                           </td>
                           <td align="center" styleCode="Rrule Botrule Lrule Toprule " valign="top">
                              <paragraph>15 mL</paragraph>
                           </td>
                        </tr>
                     </tbody>
                  </table>
                  <list listType="unordered">
                     <item>
                        <caption> </caption>                **or as directed by a doctor</item>
                  </list>
               </text>
               <effectiveTime value="20171130"/>
            </section>
         </component>
         <component>
            <section ID="i4i_storage_id_dbe8bd41-7caa-423d-8a1c-b4efc04d4171">
               <id root="a30777ee-b956-4fda-88b7-c6c05afb69a1"/>
               <code code="44425-7" codeSystem="2.16.840.1.113883.6.1" displayName="STORAGE AND HANDLING SECTION"/>
               <title>Other information</title>
               <text>
                  <list listType="unordered">
                     <item>
                        <caption>•</caption>each 5 mL contains: sodium 2 mg</item>
                     <item>
                        <caption>•</caption>do not use if printed neckband is broken or missing</item>
                     <item>
                        <caption>•</caption>store at 20-25°C (68-77°F)</item>
                     <item>
                        <caption>•</caption>do not freeze</item>
                  </list>
               </text>
               <effectiveTime value="20171130"/>
            </section>
         </component>
         <component>
            <section ID="i4i_inactive_ingredients_id_169af9f2-6cab-4299-991c-8e0007fe4d5c">
               <id root="1889e90e-9c68-4651-acb7-ce07d163a396"/>
               <code code="51727-6" codeSystem="2.16.840.1.113883.6.1" displayName="INACTIVE INGREDIENT SECTION"/>
               <title>Inactive ingredients</title>
               <text>
                  <paragraph>anhydrous citric acid, FD&amp;C red #40, glycerin, high fructose corn syrup, hypromellose, natural and artificial bubblegum flavors, polysorbate 80, purified water, sodium benzoate, sorbitol solution, xanthan gum</paragraph>
               </text>
               <effectiveTime value="20150909"/>
            </section>
         </component>
         <component>
            <section ID="i4i_OTC_Questions_id_9d7102ff-e955-4270-b6fe-68d2b8f23419">
               <id root="ce99ab36-2bb2-48ff-8423-6f422fbfeb96"/>
               <code code="53413-1" codeSystem="2.16.840.1.113883.6.1" displayName="OTC - QUESTIONS SECTION"/>
               <title>Questions or comments?</title>
               <text>
                  <paragraph>1-888-723-3929</paragraph>
               </text>
               <effectiveTime value="20150909"/>
            </section>
         </component>
         <component>
            <section ID="i4i_Principal_display_panel_id_2dd7f4e8-79d8-42cd-b4b1-1c383eb35080">
               <id root="9e9347ed-67a7-4846-a4ab-e011a93d6a31"/>
               <code code="51945-4" codeSystem="2.16.840.1.113883.6.1" displayName="PACKAGE LABEL.PRINCIPAL DISPLAY PANEL"/>
               <title>Principal Display Panel</title>
               <text>
                  <paragraph>Compare to Children’s Motrin® Bubble Gum Flavor active ingredient</paragraph>
                  <paragraph>Quality Guaranteed</paragraph>
                  <paragraph>FOR AGES 2 TO 11 YEARS</paragraph>
                  <paragraph>Children’s</paragraph>
                  <paragraph>Ibuprofen</paragraph>
                  <paragraph>ORAL SUSPENSION</paragraph>
                  <paragraph>100 mg PER 5 mL</paragraph>
                  <paragraph>Pain Reliever/Fever Reducer (NSAID)</paragraph>
                  <paragraph>BUBBLE GUM FLAVOR</paragraph>
                  <paragraph>Lasts up to 8 hours</paragraph>
                  <paragraph>Alcohol free</paragraph>
                  <paragraph>GLUTEN FREE</paragraph>
                  <paragraph>4 FL OZ (118 mL)</paragraph>
                  <paragraph>SEE NEW WARNINGS</paragraph>
                  <renderMultiMedia ID="id337979461" referencedObject="F99BC5BC-CBB6-4AC0-A8F4-16B26FAA44EB"/>
               </text>
               <effectiveTime value="20171130"/>
               <component>
                  <observationMedia ID="F99BC5BC-CBB6-4AC0-A8F4-16B26FAA44EB">
                     <text>166LJ-childrens-ibuprofen.jpg</text>
                     <value mediaType="image/jpeg" xsi:type="ED">
                        <reference value="166LJ-childrens-ibuprofen.jpg"/>
                     </value>
                  </observationMedia>
               </component>
            </section>
         </component>
      </structuredBody>
   </component>
</document>