<?xml version="1.0" encoding="UTF-8"?>
<?xml-stylesheet href="http://www.fda.gov/oc/datacouncil/stylesheets/spl/spl.xsl" type="text/xsl"?>
<document xmlns="urn:hl7-org:v3" xmlns:xsi="http://www.w3.org/2001/XMLSchema-instance" xsi:schemaLocation="urn:hl7-org:v3 http://www.fda.gov/oc/datacouncil/schemas/spl/spl.xsd">
<id root="40B89FD8-6514-7627-58CA-2A258B6B34A2" />
<code code="34391-3" codeSystem="2.16.840.1.113883.6.1" displayName="Human Prescription Drug Label" />
<title mediaType="text/x-hl7-title+xml">Diclofenac Sodium<br />Ophthalmic Solution, 0.1%</title>
<effectiveTime value="20060703" />
<setId root="11bf60e0-d81d-4bd3-ac1b-376151d2754d" />
<versionNumber value="1" />
<author>
<time />
<assignedEntity>
<representedOrganization>
<name>FALCON Pharmaceuticals, Ltd.</name>
</representedOrganization>
</assignedEntity>
</author>
<component>
<structuredBody>
<component>
<section>
<id root="953BF0DD-1220-301C-4DC5-219D4BE39392" />
<effectiveTime value="20060703" />
<subject>
<manufacturedProduct>
<manufacturedMedicine>
<code code="61314-231" codeSystem="2.16.840.1.113883.6.69" />
<name>Diclofenac Sodium</name>
<formCode code="C42986" codeSystem="2.16.840.1.113883.3.26.1.1" displayName="SOLUTION" />
<activeIngredient>
<quantity>
<numerator unit="mg" value="1">
<translation code="C28253" codeSystem="2.16.840.1.113883.3.26.1.1" displayName="MILLIGRAM" value="1" />
</numerator>
<denominator unit="mL" value="1">
<translation code="C28254" codeSystem="2.16.840.1.113883.3.26.1.1" displayName="MILLILITER" value="1" />
</denominator>
</quantity>
<activeIngredientSubstance>
<code code="QTG126297Q" codeSystem="2.16.840.1.113883.4.9" displayName="DICLOFENAC SODIUM" />
<name>diclofenac sodium</name>
<activeMoiety>
<activeMoiety>
<code code="144O8QL0L1" codeSystem="2.16.840.1.113883.4.9" displayName="DICLOFENAC" />
<name>diclofenac</name>
</activeMoiety>
</activeMoiety>
</activeIngredientSubstance>
</activeIngredient>
<asEntityWithGeneric>
<genericMedicine>
<name>diclofenac sodium</name>
</genericMedicine>
</asEntityWithGeneric>
<inactiveIngredient>
<quantity>
<numerator unit="mg" value="0.05">
<translation code="C28253" codeSystem="2.16.840.1.113883.3.26.1.1" displayName="MILLIGRAM" value="0.05" />
</numerator>
<denominator unit="mL" value="1">
<translation code="C28254" codeSystem="2.16.840.1.113883.3.26.1.1" displayName="MILLILITER" value="1" />
</denominator>
</quantity>
<inactiveIngredientSubstance>
<name>POLYQUAD polyquaternium-1</name>
</inactiveIngredientSubstance>
</inactiveIngredient>
<inactiveIngredient>
<inactiveIngredientSubstance>
<name>tocophersolan</name>
</inactiveIngredientSubstance>
</inactiveIngredient>
<inactiveIngredient>
<inactiveIngredientSubstance>
<code code="R57ZHV85D4" codeSystem="2.16.840.1.113883.4.9" />
<name>boric acid</name>
</inactiveIngredientSubstance>
</inactiveIngredient>
<inactiveIngredient>
<inactiveIngredientSubstance>
<code code="3OWL53L36A" codeSystem="2.16.840.1.113883.4.9" />
<name>mannitol</name>
</inactiveIngredientSubstance>
</inactiveIngredient>
<inactiveIngredient>
<inactiveIngredientSubstance>
<code code="QTT17582CB" codeSystem="2.16.840.1.113883.4.9" />
<name>hydrochloric acid</name>
</inactiveIngredientSubstance>
</inactiveIngredient>
<inactiveIngredient>
<inactiveIngredientSubstance>
<code code="55X04QC32I" codeSystem="2.16.840.1.113883.4.9" />
<name>sodium hydroxide</name>
</inactiveIngredientSubstance>
</inactiveIngredient>
<inactiveIngredient>
<inactiveIngredientSubstance>
<code code="059QF0KO0R" codeSystem="2.16.840.1.113883.4.9" />
<name>water</name>
</inactiveIngredientSubstance>
</inactiveIngredient>
<asContent>
<quantity>
<numerator unit="mL" value="2.5">
<translation code="C28254" codeSystem="2.16.840.1.113883.3.26.1.1" displayName="MILLILITER" value="2.5" />
</numerator>
<denominator value="1">
<translation value="1" />
</denominator>
</quantity>
<containerPackagedMedicine>
<code code="61314-231-25" codeSystem="2.16.840.1.113883.6.69" />
<formCode code="C43173" codeSystem="2.16.840.1.113883.3.26.1.1" displayName="BOTTLE, PLASTIC" />
</containerPackagedMedicine>
</asContent>
<asContent>
<quantity>
<numerator unit="mL" value="2.5">
<translation code="C28254" codeSystem="2.16.840.1.113883.3.26.1.1" displayName="MILLILITER" value="2.5" />
</numerator>
<denominator value="1">
<translation value="1" />
</denominator>
</quantity>
<containerPackagedMedicine>
<code code="61314-231-26" codeSystem="2.16.840.1.113883.6.69" />
<formCode code="C43173" codeSystem="2.16.840.1.113883.3.26.1.1" displayName="BOTTLE, PLASTIC" />
</containerPackagedMedicine>
</asContent>
<asContent>
<quantity>
<numerator unit="mL" value="5">
<translation code="C28254" codeSystem="2.16.840.1.113883.3.26.1.1" displayName="MILLILITER" value="5" />
</numerator>
<denominator value="1">
<translation value="1" />
</denominator>
</quantity>
<containerPackagedMedicine>
<code code="61314-231-05" codeSystem="2.16.840.1.113883.6.69" />
<formCode code="C43173" codeSystem="2.16.840.1.113883.3.26.1.1" displayName="BOTTLE, PLASTIC" />
</containerPackagedMedicine>
</asContent>
</manufacturedMedicine>
<consumedIn>
<substanceAdministration>
<routeCode code="C38287" codeSystem="2.16.840.1.113883.3.26.1.1" displayName="OPHTHALMIC" />
</substanceAdministration>
</consumedIn>
</manufacturedProduct>
</subject>
</section>
</component>
<component>
<section>
<id root="652AA8DC-4F34-64AE-2402-198D1ED359F1" />
<code code="34089-3" codeSystem="2.16.840.1.113883.6.1" displayName="DESCRIPTION section" />
<title mediaType="text/x-hl7-title+xml"> DESCRIPTION</title>
<text><paragraph>Diclofenac Sodium Ophthalmic Solution, 0.1% is a sterile, topical, nonsteroidal, anti-inflammatory product for ophthalmic use. Diclofenac sodium is designated chemically as 2-[(2,6-dichlorophenyl)amino] benzeneacetic acid, monosodium salt, with an empirical formula of C<sub>14</sub>H<sub>10</sub>Cl<sub>2</sub>NO<sub>2</sub>Na. The structural formula of diclofenac sodium is:</paragraph><paragraph><renderMultiMedia referencedObject="L954bd3b9-38e3-403d-afd8-e0e8499a6751" /></paragraph><paragraph>Diclofenac Sodium Ophthalmic Solution, 0.1% is available as a sterile solution which contains diclofenac sodium 0.1% (1 mg/mL).</paragraph><paragraph><content styleCode="bold">Inactive Ingredients: </content>POLYQUAD&#174; polyquaternium-1, 0.05 mg/mL, as preservative, tocophersolan, boric acid, mannitol, hydrochloric acid and/or sodium hydroxide (to adjust pH to 6.7) and purified water. DM-00</paragraph><paragraph>Diclofenac sodium is a faintly yellow-white to light-beige, slightly hygroscopic crystalline powder. It is freely soluble in methanol, sparingly soluble in water, very slightly soluble in acetonitrile, and insoluble in chloroform and in 0.1N hydrochloric acid. Its molecular weight is 318.14. Diclofenac Sodium Ophthalmic Solution, 0.1% is an iso-osmotic solution with an osmolality of about 300 mOsmol/1000g.</paragraph></text>
<effectiveTime value="20060703" />
<component>
<observationMedia ID="L954bd3b9-38e3-403d-afd8-e0e8499a6751">
<value mediaType="image/jpeg" xsi:type="ED"><reference value="diclofenacsodiumophthalmicsolution-01.jpg" /></value>
</observationMedia>
</component>
</section>
</component>
<component>
<section>
<id root="E4363BCB-3B7E-71B7-63AC-F978896FAFFB" />
<code code="34090-1" codeSystem="2.16.840.1.113883.6.1" displayName="CLINICAL PHARMACOLOGY section" />
<title mediaType="text/x-hl7-title+xml"> CLINICAL PHARMACOLOGY</title>
<text />
<effectiveTime value="20060703" />
<component>
<section>
<id root="EE1AB665-59C6-2134-C784-5708BF068169" />
<title mediaType="text/x-hl7-title+xml"> Animal Studies</title>
<text><paragraph>Prostaglandins have been shown in many animal models to be mediators of certain kinds of intraocular inflammation. In studies performed in animal eyes, prostaglandins have been shown to produce disruption of the blood-aqueous humor barrier, vasodilation, increased vascular permeability, leukocytosis, and increased intraocular pressure.</paragraph></text>
<effectiveTime value="20060703" />
</section>
</component>
<component>
<section>
<id root="C9CAF0F7-EBDD-4D23-042D-3EFD1971CE92" />
<title mediaType="text/x-hl7-title+xml"> Pharmacodynamics</title>
<text><paragraph>Diclofenac sodium is one of a series of phenylacetic acids that have demonstrated anti-inflammatory and analgesic properties in pharmacological studies. It is thought to inhibit the enzyme cyclooxygenase, which is essential in the biosynthesis of prostaglandins.</paragraph></text>
<effectiveTime value="20060703" />
</section>
</component>
<component>
<section>
<id root="D1991A3B-8CB9-1A50-DFDC-7186660609E7" />
<title mediaType="text/x-hl7-title+xml"> Pharmacokinetics</title>
<text><paragraph>Results from a bioavailability study of another formulation of diclofenac sodium ophthalmic solution established that plasma levels of diclofenac following ocular instillation of two drops of diclofenac sodium ophthalmic solution, 0.1% to each eye were below the limit of quantitation (10 ng/mL) over a 4-hour period. This study suggests that limited, if any, systemic absorption occurs with diclofenac sodium ophthalmic solution, 0.1%.</paragraph></text>
<effectiveTime value="20060703" />
</section>
</component>
<component>
<section>
<id root="03B7B811-9F31-A318-43AE-93024871813B" />
<title mediaType="text/x-hl7-title+xml"> Clinical Trials</title>
<text><paragraph /></text>
<effectiveTime value="20060703" />
<component>
<section>
<id root="8A06E55A-30FA-0758-C52E-95B4C1B7D21E" />
<title mediaType="text/x-hl7-title+xml"> Postoperative Anti-Inflammatory Effects</title>
<text><paragraph>In a clinical therapeutic equivalence study, Diclofenac Sodium Ophthalmic Solution, 0.1%, was found to be therapeutically equivalent to VOLTAREN OPHTHALMIC&#174; (diclofenac sodium ophthalmic solution) [CIBA VISION OPHTHALMICS&#174;] in the treatment of signs and symptoms of inflammation resulting from cataract surgery.</paragraph></text>
<effectiveTime value="20060703" />
</section>
</component>
</section>
</component>
</section>
</component>
<component>
<section>
<id root="BBC6AC4F-7CE1-3F40-D1D1-D3DB3BFECF01" />
<code code="34067-9" codeSystem="2.16.840.1.113883.6.1" displayName="INDICATIONS AND USAGE section" />
<title mediaType="text/x-hl7-title+xml"> INDICATIONS AND USAGE</title>
<text><paragraph>Diclofenac Sodium Ophthalmic Solution, 0.1% is indicated for the treatment of postoperative inflammation in patients who have undergone cataract extraction.</paragraph></text>
<effectiveTime value="20060703" />
</section>
</component>
<component>
<section>
<id root="13B5490C-38F0-6919-1954-253A3BD51D50" />
<code code="34070-3" codeSystem="2.16.840.1.113883.6.1" displayName="CONTRAINDICATIONS section" />
<title mediaType="text/x-hl7-title+xml"> CONTRAINDICATIONS</title>
<text><paragraph>Diclofenac Sodium Ophthalmic Solution, 0.1% is contraindicated in patients who are hypersensitive to any component of the medication.</paragraph></text>
<effectiveTime value="20060703" />
</section>
</component>
<component>
<section>
<id root="D6EB2148-46BC-E005-EF39-FB648156A02A" />
<code code="34071-1" codeSystem="2.16.840.1.113883.6.1" displayName="WARNINGS section" />
<title mediaType="text/x-hl7-title+xml"> WARNINGS</title>
<text><paragraph>With some nonsteroidal anti-inflammatory drugs, there exists the potential for increased bleeding time due to interference with thrombocyte aggregation. There have been reports that ocularly applied nonsteroidal anti-inflammatory drugs may cause increased bleeding of ocular tissues (including hyphemas) in conjunction with ocular surgery.</paragraph><paragraph>There is the potential for cross-sensitivity to acetylsalicylic acid, phenylacetic acid derivatives, and other non-steroidal anti-inflammatory agents. Therefore, caution should be used when treating individuals who have previously exhibited sensitivities to these drugs.</paragraph></text>
<effectiveTime value="20060703" />
</section>
</component>
<component>
<section>
<id root="0EE329A3-9906-DFD0-A4DA-3EF8EDD1E1F3" />
<code code="42232-9" codeSystem="2.16.840.1.113883.6.1" displayName="PRECAUTIONS section" />
<title mediaType="text/x-hl7-title+xml"> PRECAUTIONS</title>
<text />
<effectiveTime value="20060703" />
<component>
<section>
<id root="7E1D8031-29E4-7ED1-AAEB-DDC7928CFAA9" />
<code code="34072-9" codeSystem="2.16.840.1.113883.6.1" displayName="General section" />
<title mediaType="text/x-hl7-title+xml"> General</title>
<text><paragraph>It is recommended that Diclofenac Sodium Ophthalmic Solution, 0.1%, like other NSAIDs, be used with caution in surgical patients with known bleeding tendencies or who are receiving other medications that may prolong bleeding time.</paragraph><paragraph>Diclofenac Sodium Ophthalmic Solution, 0.1% may slow or delay healing.</paragraph><paragraph>Results from clinical studies indicate that Diclofenac Sodium Ophthalmic Solution, 0.1% has no significant effect upon intraocular pressure, however, elevations in intraocular pressure may occur following cataract surgery.</paragraph></text>
<effectiveTime value="20060703" />
</section>
</component>
<component>
<section>
<id root="4A87AA15-8EC4-E397-67DB-73F8198EE815" />
<code code="34083-6" codeSystem="2.16.840.1.113883.6.1" displayName="Carcinogenesis, Mutagenesis, Impairment of Fertility section" />
<title mediaType="text/x-hl7-title+xml"> Carcinogenesis, Mutagenesis, Impairment of Fertility</title>
<text><paragraph>Long term carcinogenicity studies in rats given oral diclofenac sodium up to 2 mg/kg/day (approximately the human oral dose) have revealed no significant increases in tumor incidence. There was a slight increase in benign rat mammary fibroadenomas in mid-dose females (high dose females had excessive mortality) but the increase was not significant for this common rat tumor. A 2-year carcinogenicity study conducted in mice employing oral diclofenac sodium up to 2 mg/kg/day did not reveal any oncogenic potential. Diclofenac sodium did not show mutagenic potential in various mutagenicity studies including the Ames test. Diclofenac sodium administered to male and female rats at 4 mg/kg/day did not affect fertility.</paragraph></text>
<effectiveTime value="20060703" />
</section>
</component>
<component>
<section>
<id root="2C3D85B0-603D-8664-B914-57F6DB66BC91" />
<code code="42228-7" codeSystem="2.16.840.1.113883.6.1" displayName="Pregnancy section" />
<title mediaType="text/x-hl7-title+xml"> Pregnancy</title>
<text><paragraph /></text>
<effectiveTime value="20060703" />
<component>
<section>
<id root="0A2BD4C4-7B7E-42BA-31D1-13ADC59E252C" />
<code code="34077-8" codeSystem="2.16.840.1.113883.6.1" displayName="Teratogenic Effects section" />
<title mediaType="text/x-hl7-title+xml"> Teratogenic Effects</title>
<text><paragraph>Pregnancy Category C. Reproduction studies performed in mice at oral doses up to 5000 times (20 mg/kg/day) and in rats and rabbits at oral doses up to 2500 times (10 mg/kg/day) the human topical dose have revealed no evidence of teratogenicity due to diclofenac sodium, despite the induction of maternal toxicity and fetal toxicity. In rats, maternally toxic doses were associated with dystocia, prolonged gestation, reduced fetal weights and growth, and reduced fetal survival. Diclofenac sodium has been shown to cross the placental barrier in mice and rats.</paragraph><paragraph>There are however, no adequate and well-controlled studies in pregnant women. Because animal reproduction studies are not always predictive of human response, this drug should be used during pregnancy only if clearly needed.</paragraph></text>
<effectiveTime value="20060703" />
</section>
</component>
<component>
<section>
<id root="37C3BF95-33C7-D9E9-8B9D-01E5C284EEB2" />
<code code="34078-6" codeSystem="2.16.840.1.113883.6.1" displayName="Nonteratogenic effects section" />
<title mediaType="text/x-hl7-title+xml"> Nonteratogenic effects</title>
<text><paragraph>Because of the known effects of prostaglandin biosynthesis-inhibiting drugs on the fetal cardiovascular system (closure of the ductus arteriosus), the use of Diclofenac Sodium Ophthalmic Solution, 0.1% during late pregnancy should be avoided.</paragraph></text>
<effectiveTime value="20060703" />
</section>
</component>
</section>
</component>
<component>
<section>
<id root="ACD6A8C2-BC89-9996-85FA-F7E648485B1B" />
<code code="34081-0" codeSystem="2.16.840.1.113883.6.1" displayName="Pediatric Use section" />
<title mediaType="text/x-hl7-title+xml"> Pediatric Use</title>
<text><paragraph>Safety and effectiveness in pediatric patients have not been established.</paragraph></text>
<effectiveTime value="20060703" />
</section>
</component>
</section>
</component>
<component>
<section>
<id root="7B38D2D6-AD48-5157-F7E0-F89F7B599DB8" />
<code code="34084-4" codeSystem="2.16.840.1.113883.6.1" displayName="ADVERSE REACTIONS section" />
<title mediaType="text/x-hl7-title+xml"> ADVERSE REACTIONS</title>
<text />
<effectiveTime value="20060703" />
<component>
<section>
<id root="FA91E586-41EA-9592-6062-038077371E6A" />
<title mediaType="text/x-hl7-title+xml"> Ocular</title>
<text><paragraph>Transient burning and stinging was reported in 15% of patients with the use of topical diclofenac sodium ophthalmic solution, 0.1%. In cataract studies, keratitis occurred in 28% of patients receiving diclofenac sodium ophthalmic solution, 0.1%; however, most of the cases of keratitis occurred prior to drug therapy. Elevated intraocular pressure was reported in 15% of patients receiving diclofenac sodium ophthalmic solution, 0.1%. The following adverse reactions were reported in approximately 5% or less of the patients: abnormal vision, anterior chamber reaction, blurred vision, conjunctivitis, corneal deposits, corneal edema, corneal lesions, corneal opacity, discharge, injection, iritis, irritation, itching and ocular allergy.</paragraph></text>
<effectiveTime value="20060703" />
</section>
</component>
<component>
<section>
<id root="CCD6CEC1-222C-8B0E-93E7-F58809B09A43" />
<title mediaType="text/x-hl7-title+xml"> Systemic</title>
<text><paragraph>The following adverse reactions were reported in 3% or less of the patients: abdominal pain, asthenia, chills, dizziness, facial edema, fever, headache, insomnia, nausea, pain, rhinitis, viral infection, and vomiting.</paragraph></text>
<effectiveTime value="20060703" />
</section>
</component>
</section>
</component>
<component>
<section>
<id root="37B13C8D-C6EF-2AED-C190-BB54C3ECDBD2" />
<code code="34088-5" codeSystem="2.16.840.1.113883.6.1" displayName="OVERDOSAGE section" />
<title mediaType="text/x-hl7-title+xml"> OVERDOSAGE</title>
<text><paragraph>Overdosage will not ordinarily cause acute problems. If accidentally ingested, fluids should be taken to dilute the medication.</paragraph></text>
<effectiveTime value="20060703" />
</section>
</component>
<component>
<section>
<id root="9C2C03BE-2671-D9FC-050E-19719888333A" />
<code code="34068-7" codeSystem="2.16.840.1.113883.6.1" displayName="DOSAGE AND ADMINISTRATION section" />
<title mediaType="text/x-hl7-title+xml"> DOSAGE AND ADMINISTRATION</title>
<text><paragraph>One drop of Diclofenac Sodium Ophthalmic Solution, 0.1% should be applied to the affected eye four times daily beginning 24 hours after cataract surgery and continuing throughout the first 2 weeks of the postoperative period.</paragraph></text>
<effectiveTime value="20060703" />
</section>
</component>
<component>
<section>
<id root="FD4B261E-4D05-F80A-04E5-EAED7614CC17" />
<code code="34069-5" codeSystem="2.16.840.1.113883.6.1" displayName="How Supplied section" />
<title mediaType="text/x-hl7-title+xml"> How Supplied</title>
<text><paragraph>Diclofenac Sodium Ophthalmic Solution, 0.1% is supplied in opaque, plastic DROP-TAINER&#174; dispenser in the following sizes:</paragraph><paragraph>2.5 mL: NDC 61314-231-26</paragraph><paragraph>5.0 mL: NDC 61314-231-05</paragraph><paragraph>Store between 59&#176; -86&#176; F (15&#176; -30&#176; C). Protect from light. <content styleCode="italics">Dispense in original, unopened container only.</content></paragraph><paragraph><content styleCode="bold">Rx Only</content></paragraph><paragraph> U.S. Patent Nos. 5,603,929 and 5,653,972</paragraph><paragraph>Distributed by:<br /><content styleCode="bold">FALCON Pharmaceuticals, Ltd.</content><br />Fort Worth,  Texas  76134  USA</paragraph><paragraph>Manufactured by:<br />ALCON LABORATORIES, INC.<br />Fort Worth,  Texas  76134  USA</paragraph><paragraph>February 1999</paragraph><paragraph><content styleCode="bold">342458-0299</content></paragraph></text>
<effectiveTime value="20060703" />
</section>
</component>
</structuredBody>
</component>
</document>
