<?xml version="1.0" encoding="UTF-8"?><?xml-stylesheet href="https://www.accessdata.fda.gov/spl/stylesheet/spl.xsl" type="text/xsl"?>
<document xmlns="urn:hl7-org:v3" xmlns:xsi="http://www.w3.org/2001/XMLSchema-instance" xsi:schemaLocation="urn:hl7-org:v3 https://www.accessdata.fda.gov/spl/schema/spl.xsd">
   <id root="12c5c691-21ac-496d-9b4f-85ea88174c44"/>
   <code code="34390-5" codeSystem="2.16.840.1.113883.6.1" displayName="HUMAN OTC DRUG LABEL"/>
   <title>Topco Associates LLC. Ibuprofen Tablets 200 mg Drug Facts</title>
   <effectiveTime value="20191230"/>
   <setId root="8be375b0-c729-49de-abc5-2e7d37144b89"/>
   <versionNumber value="5"/>
   <author>
      <time/>
      <assignedEntity>
         <representedOrganization>
            <id extension="006935977" root="1.3.6.1.4.1.519.1"/>
            <name>Topco Associates LLC</name>
         </representedOrganization>
      </assignedEntity>
   </author>
   <component>
      <structuredBody>
         <component>
            <section>
               <id root="58dfcfd9-c278-42e6-b489-7e9b7e335e9a"/>
               <code code="48780-1" codeSystem="2.16.840.1.113883.6.1" displayName="SPL product data elements section"/>
               <effectiveTime value="20191230"/>
               <subject>
                  <manufacturedProduct>
                     <manufacturedProduct>
                        <code code="36800-647" codeSystem="2.16.840.1.113883.6.69"/>
                        <name>Topcare Ibuprofen</name>
                        <formCode code="C42931" codeSystem="2.16.840.1.113883.3.26.1.1" displayName="TABLET, FILM COATED"/>
                        <asEntityWithGeneric>
                           <genericMedicine>
                              <name>Ibuprofen</name>
                           </genericMedicine>
                        </asEntityWithGeneric>
                        <ingredient classCode="ACTIB">
                           <quantity>
                              <numerator unit="mg" value="200"/>
                              <denominator unit="1" value="1"/>
                           </quantity>
                           <ingredientSubstance>
                              <code code="WK2XYI10QM" codeSystem="2.16.840.1.113883.4.9"/>
                              <name>IBUPROFEN</name>
                              <activeMoiety>
                                 <activeMoiety>
                                    <code code="WK2XYI10QM" codeSystem="2.16.840.1.113883.4.9"/>
                                    <name>IBUPROFEN</name>
                                 </activeMoiety>
                              </activeMoiety>
                           </ingredientSubstance>
                        </ingredient>
                        <ingredient classCode="IACT">
                           <ingredientSubstance>
                              <code code="ETJ7Z6XBU4" codeSystem="2.16.840.1.113883.4.9"/>
                              <name>SILICON DIOXIDE</name>
                           </ingredientSubstance>
                        </ingredient>
                        <ingredient classCode="IACT">
                           <ingredientSubstance>
                              <code code="O8232NY3SJ" codeSystem="2.16.840.1.113883.4.9"/>
                              <name>STARCH, CORN</name>
                           </ingredientSubstance>
                        </ingredient>
                        <ingredient classCode="IACT">
                           <ingredientSubstance>
                              <code code="M28OL1HH48" codeSystem="2.16.840.1.113883.4.9"/>
                              <name>CROSCARMELLOSE SODIUM</name>
                           </ingredientSubstance>
                        </ingredient>
                        <ingredient classCode="IACT">
                           <ingredientSubstance>
                              <code code="3NXW29V3WO" codeSystem="2.16.840.1.113883.4.9"/>
                              <name>HYPROMELLOSE, UNSPECIFIED</name>
                           </ingredientSubstance>
                        </ingredient>
                        <ingredient classCode="IACT">
                           <ingredientSubstance>
                              <code code="1K09F3G675" codeSystem="2.16.840.1.113883.4.9"/>
                              <name>FERRIC OXIDE RED</name>
                           </ingredientSubstance>
                        </ingredient>
                        <ingredient classCode="IACT">
                           <ingredientSubstance>
                              <code code="EX438O2MRT" codeSystem="2.16.840.1.113883.4.9"/>
                              <name>FERRIC OXIDE YELLOW</name>
                           </ingredientSubstance>
                        </ingredient>
                        <ingredient classCode="IACT">
                           <ingredientSubstance>
                              <code code="OP1R32D61U" codeSystem="2.16.840.1.113883.4.9"/>
                              <name>MICROCRYSTALLINE CELLULOSE</name>
                           </ingredientSubstance>
                        </ingredient>
                        <ingredient classCode="IACT">
                           <ingredientSubstance>
                              <code code="4ELV7Z65AP" codeSystem="2.16.840.1.113883.4.9"/>
                              <name>STEARIC ACID</name>
                           </ingredientSubstance>
                        </ingredient>
                        <ingredient classCode="IACT">
                           <ingredientSubstance>
                              <code code="15FIX9V2JP" codeSystem="2.16.840.1.113883.4.9"/>
                              <name>TITANIUM DIOXIDE</name>
                           </ingredientSubstance>
                        </ingredient>
                        <ingredient classCode="IACT">
                           <ingredientSubstance>
                              <code code="3WJQ0SDW1A" codeSystem="2.16.840.1.113883.4.9"/>
                              <name>POLYETHYLENE GLYCOL, UNSPECIFIED</name>
                           </ingredientSubstance>
                        </ingredient>
                        <ingredient classCode="IACT">
                           <ingredientSubstance>
                              <code code="6OZP39ZG8H" codeSystem="2.16.840.1.113883.4.9"/>
                              <name>POLYSORBATE 80</name>
                           </ingredientSubstance>
                        </ingredient>
                        <asContent>
                           <quantity>
                              <numerator unit="1" value="24"/>
                              <denominator value="1"/>
                           </quantity>
                           <containerPackagedProduct>
                              <code/>
                              <formCode code="C43169" codeSystem="2.16.840.1.113883.3.26.1.1" displayName="BOTTLE"/>
                              <asContent>
                                 <quantity>
                                    <numerator unit="1" value="1"/>
                                    <denominator value="1"/>
                                 </quantity>
                                 <containerPackagedProduct>
                                    <code code="36800-647-62" codeSystem="2.16.840.1.113883.6.69"/>
                                    <formCode code="C43182" codeSystem="2.16.840.1.113883.3.26.1.1" displayName="CARTON"/>
                                 </containerPackagedProduct>
                                 <subjectOf>
                                    <marketingAct>
                                       <code code="C53292" codeSystem="2.16.840.1.113883.3.26.1.1"/>
                                       <statusCode code="active"/>
                                       <effectiveTime>
                                          <low value="20060428"/>
                                       </effectiveTime>
                                    </marketingAct>
                                 </subjectOf>
                              </asContent>
                           </containerPackagedProduct>
                           <subjectOf>
                              <characteristic classCode="OBS">
                                 <code code="SPLCMBPRDTP" codeSystem="2.16.840.1.113883.1.11.19255"/>
                                 <value code="C112160" codeSystem="2.16.840.1.113883.3.26.1.1" displayName="Type 0: Not a Combination Product" xsi:type="CE"/>
                              </characteristic>
                           </subjectOf>
                        </asContent>
                        <asContent>
                           <quantity>
                              <numerator unit="1" value="50"/>
                              <denominator value="1"/>
                           </quantity>
                           <containerPackagedProduct>
                              <code/>
                              <formCode code="C43169" codeSystem="2.16.840.1.113883.3.26.1.1" displayName="BOTTLE"/>
                              <asContent>
                                 <quantity>
                                    <numerator unit="1" value="1"/>
                                    <denominator value="1"/>
                                 </quantity>
                                 <containerPackagedProduct>
                                    <code code="36800-647-71" codeSystem="2.16.840.1.113883.6.69"/>
                                    <formCode code="C43182" codeSystem="2.16.840.1.113883.3.26.1.1" displayName="CARTON"/>
                                 </containerPackagedProduct>
                                 <subjectOf>
                                    <marketingAct>
                                       <code code="C53292" codeSystem="2.16.840.1.113883.3.26.1.1"/>
                                       <statusCode code="active"/>
                                       <effectiveTime>
                                          <low value="19881115"/>
                                       </effectiveTime>
                                    </marketingAct>
                                 </subjectOf>
                              </asContent>
                           </containerPackagedProduct>
                           <subjectOf>
                              <characteristic classCode="OBS">
                                 <code code="SPLCMBPRDTP" codeSystem="2.16.840.1.113883.1.11.19255"/>
                                 <value code="C112160" codeSystem="2.16.840.1.113883.3.26.1.1" displayName="Type 0: Not a Combination Product" xsi:type="CE"/>
                              </characteristic>
                           </subjectOf>
                        </asContent>
                        <asContent>
                           <quantity>
                              <numerator unit="1" value="100"/>
                              <denominator value="1"/>
                           </quantity>
                           <containerPackagedProduct>
                              <code/>
                              <formCode code="C43169" codeSystem="2.16.840.1.113883.3.26.1.1" displayName="BOTTLE"/>
                              <asContent>
                                 <quantity>
                                    <numerator unit="1" value="1"/>
                                    <denominator value="1"/>
                                 </quantity>
                                 <containerPackagedProduct>
                                    <code code="36800-647-78" codeSystem="2.16.840.1.113883.6.69"/>
                                    <formCode code="C43182" codeSystem="2.16.840.1.113883.3.26.1.1" displayName="CARTON"/>
                                 </containerPackagedProduct>
                                 <subjectOf>
                                    <marketingAct>
                                       <code code="C53292" codeSystem="2.16.840.1.113883.3.26.1.1"/>
                                       <statusCode code="active"/>
                                       <effectiveTime>
                                          <low value="19911002"/>
                                       </effectiveTime>
                                    </marketingAct>
                                 </subjectOf>
                              </asContent>
                           </containerPackagedProduct>
                           <subjectOf>
                              <characteristic classCode="OBS">
                                 <code code="SPLCMBPRDTP" codeSystem="2.16.840.1.113883.1.11.19255"/>
                                 <value code="C112160" codeSystem="2.16.840.1.113883.3.26.1.1" displayName="Type 0: Not a Combination Product" xsi:type="CE"/>
                              </characteristic>
                           </subjectOf>
                        </asContent>
                        <asContent>
                           <quantity>
                              <numerator unit="1" value="500"/>
                              <denominator value="1"/>
                           </quantity>
                           <containerPackagedProduct>
                              <code code="36800-647-90" codeSystem="2.16.840.1.113883.6.69"/>
                              <formCode code="C43169" codeSystem="2.16.840.1.113883.3.26.1.1" displayName="BOTTLE"/>
                           </containerPackagedProduct>
                           <subjectOf>
                              <marketingAct>
                                 <code code="C53292" codeSystem="2.16.840.1.113883.3.26.1.1"/>
                                 <statusCode code="active"/>
                                 <effectiveTime>
                                    <low value="20031120"/>
                                 </effectiveTime>
                              </marketingAct>
                           </subjectOf>
                           <subjectOf>
                              <characteristic classCode="OBS">
                                 <code code="SPLCMBPRDTP" codeSystem="2.16.840.1.113883.1.11.19255"/>
                                 <value code="C112160" codeSystem="2.16.840.1.113883.3.26.1.1" displayName="Type 0: Not a Combination Product" xsi:type="CE"/>
                              </characteristic>
                           </subjectOf>
                        </asContent>
                        <asContent>
                           <quantity>
                              <numerator unit="1" value="120"/>
                              <denominator value="1"/>
                           </quantity>
                           <containerPackagedProduct>
                              <code/>
                              <formCode code="C43169" codeSystem="2.16.840.1.113883.3.26.1.1" displayName="BOTTLE"/>
                              <asContent>
                                 <quantity>
                                    <numerator unit="1" value="1"/>
                                    <denominator value="1"/>
                                 </quantity>
                                 <containerPackagedProduct>
                                    <code code="36800-647-76" codeSystem="2.16.840.1.113883.6.69"/>
                                    <formCode code="C43182" codeSystem="2.16.840.1.113883.3.26.1.1" displayName="CARTON"/>
                                 </containerPackagedProduct>
                                 <subjectOf>
                                    <marketingAct>
                                       <code code="C53292" codeSystem="2.16.840.1.113883.3.26.1.1"/>
                                       <statusCode code="active"/>
                                       <effectiveTime>
                                          <low value="19930927"/>
                                       </effectiveTime>
                                    </marketingAct>
                                 </subjectOf>
                              </asContent>
                           </containerPackagedProduct>
                           <subjectOf>
                              <characteristic classCode="OBS">
                                 <code code="SPLCMBPRDTP" codeSystem="2.16.840.1.113883.1.11.19255"/>
                                 <value code="C112160" codeSystem="2.16.840.1.113883.3.26.1.1" displayName="Type 0: Not a Combination Product" xsi:type="CE"/>
                              </characteristic>
                           </subjectOf>
                        </asContent>
                     </manufacturedProduct>
                     <subjectOf>
                        <approval>
                           <id extension="ANDA072096" root="2.16.840.1.113883.3.150"/>
                           <code code="C73584" codeSystem="2.16.840.1.113883.3.26.1.1" displayName="ANDA"/>
                           <author>
                              <territorialAuthority>
                                 <territory>
                                    <code code="USA" codeSystem="2.16.840.1.113883.5.28"/>
                                 </territory>
                              </territorialAuthority>
                           </author>
                        </approval>
                     </subjectOf>
                     <subjectOf>
                        <marketingAct>
                           <code code="C53292" codeSystem="2.16.840.1.113883.3.26.1.1"/>
                           <statusCode code="active"/>
                           <effectiveTime>
                              <low value="19881115"/>
                           </effectiveTime>
                        </marketingAct>
                     </subjectOf>
                     <subjectOf>
                        <characteristic classCode="OBS">
                           <code code="SPLCOLOR" codeSystem="2.16.840.1.113883.1.11.19255"/>
                           <value code="C48332" codeSystem="2.16.840.1.113883.3.26.1.1" displayName="BROWN" xsi:type="CE"/>
                        </characteristic>
                     </subjectOf>
                     <subjectOf>
                        <characteristic classCode="OBS">
                           <code code="SPLSIZE" codeSystem="2.16.840.1.113883.1.11.19255"/>
                           <value unit="mm" value="15" xsi:type="PQ"/>
                        </characteristic>
                     </subjectOf>
                     <subjectOf>
                        <characteristic classCode="OBS">
                           <code code="SPLSHAPE" codeSystem="2.16.840.1.113883.1.11.19255"/>
                           <value code="C48345" codeSystem="2.16.840.1.113883.3.26.1.1" displayName="OVAL" xsi:type="CE"/>
                        </characteristic>
                     </subjectOf>
                     <subjectOf>
                        <characteristic classCode="OBS">
                           <code code="SPLSCORE" codeSystem="2.16.840.1.113883.1.11.19255"/>
                           <value value="1" xsi:type="INT"/>
                        </characteristic>
                     </subjectOf>
                     <subjectOf>
                        <characteristic classCode="OBS">
                           <code code="SPLIMPRINT" codeSystem="2.16.840.1.113883.1.11.19255"/>
                           <value xsi:type="ST">I2</value>
                        </characteristic>
                     </subjectOf>
                     <consumedIn>
                        <substanceAdministration>
                           <routeCode code="C38288" codeSystem="2.16.840.1.113883.3.26.1.1" displayName="ORAL"/>
                        </substanceAdministration>
                     </consumedIn>
                  </manufacturedProduct>
               </subject>
            </section>
         </component>
         <component>
            <section ID="i4i_OTC_Active_Ingredient_id_56122134-5f5c-4d03-8ae1-c13d6ebf7f7b">
               <id root="1c0e7251-4ff2-46e7-952f-35e1bc98dcf8"/>
               <code code="55106-9" codeSystem="2.16.840.1.113883.6.1" displayName="OTC - ACTIVE INGREDIENT SECTION"/>
               <title>Active ingredient (in each caplet)</title>
               <text>
                  <paragraph>Ibuprofen 200 mg (NSAID)*</paragraph>
                  <paragraph>*nonsteroidal anti-inflammatory drug</paragraph>
               </text>
               <effectiveTime value="20130926"/>
            </section>
         </component>
         <component>
            <section ID="i4i_OTC_Purpose_id_3e43eb78-f4f5-460e-b26e-b515aa101fd0">
               <id root="831b5b1f-04d6-44c5-9d13-c5649ce47653"/>
               <code code="55105-1" codeSystem="2.16.840.1.113883.6.1" displayName="OTC - PURPOSE SECTION"/>
               <title>Purposes</title>
               <text>
                  <paragraph>Pain reliever/fever reducer</paragraph>
               </text>
               <effectiveTime value="20130926"/>
            </section>
         </component>
         <component>
            <section ID="i4i_indications_id_8dab9f73-3185-450f-a467-7964910b87fc">
               <id root="7863dc94-1823-4193-9eff-49af4da29744"/>
               <code code="34067-9" codeSystem="2.16.840.1.113883.6.1" displayName="INDICATIONS &amp; USAGE SECTION"/>
               <title>Uses</title>
               <text>
                  <list listType="unordered">
                     <item>
                        <caption>•</caption>temporarily relieves minor aches and pains due to:</item>
                     <item>
                        <caption>•</caption>headache</item>
                     <item>
                        <caption>•</caption>muscular aches</item>
                     <item>
                        <caption>•</caption>minor pain of arthritis</item>
                     <item>
                        <caption>•</caption>toothache</item>
                     <item>
                        <caption>•</caption>backache</item>
                     <item>
                        <caption>•</caption>the common cold</item>
                     <item>
                        <caption>•</caption>menstrual cramps</item>
                     <item>
                        <caption>•</caption>temporarily reduces fever</item>
                  </list>
               </text>
               <effectiveTime value="20130926"/>
            </section>
         </component>
         <component>
            <section ID="i4i_warnings_id_4435c060-d4d0-41a1-8cd5-41bb5d953448">
               <id root="9e39fdaa-3863-446c-8b64-276988bfd465"/>
               <code code="34071-1" codeSystem="2.16.840.1.113883.6.1" displayName="WARNINGS SECTION"/>
               <title>Warnings</title>
               <text>
                  <paragraph>
                     <content styleCode="bold">Allergy alert:</content> Ibuprofen may cause a severe allergic reaction, especially in people allergic to aspirin.  Symptoms may include:</paragraph>
                  <list listType="unordered">
                     <item>
                        <caption>•</caption>hives</item>
                     <item>
                        <caption>•</caption>facial swelling</item>
                     <item>
                        <caption>•</caption>asthma (wheezing)</item>
                     <item>
                        <caption>•</caption>shock</item>
                     <item>
                        <caption>•</caption>skin reddening</item>
                     <item>
                        <caption>•</caption>rash</item>
                     <item>
                        <caption>•</caption>blisters</item>
                  </list>
                  <paragraph>If an allergic reaction occurs, stop use and seek medical help right away.</paragraph>
                  <paragraph>
                     <content styleCode="bold">Stomach bleeding warning:</content> This product contains an NSAID, which may cause severe stomach bleeding. The chances are higher if you</paragraph>
                  <list listType="unordered">
                     <item>
                        <caption>•</caption>are age 60 or older</item>
                     <item>
                        <caption>•</caption>have had stomach ulcers or bleeding problems</item>
                     <item>
                        <caption>•</caption>take a blood thinning (anticoagulant) or steroid drug</item>
                     <item>
                        <caption>•</caption>take other drugs containing prescription or nonprescription NSAIDs [aspirin, ibuprofen, naproxen, or others]</item>
                     <item>
                        <caption>•</caption>have 3 or more alcoholic drinks every day while using this product</item>
                     <item>
                        <caption>•</caption>take more or for a longer time than directed</item>
                     <item>
                        <caption> </caption>
                        <content styleCode="bold">Heart attack and stroke warning:</content> NSAIDs, except aspirin, increase the risk of heart attack, heart failure, and stroke. These can be fatal. The risk is higher if you use more than directed or for longer than directed.</item>
                  </list>
               </text>
               <effectiveTime value="20191230"/>
               <component>
                  <section ID="i4i_OTC_Do_not_use_id_865faa3b-1885-4708-9d9e-70e5c16e7909">
                     <id root="1896ebc2-3ba7-4512-a0f4-769811d8315d"/>
                     <code code="50570-1" codeSystem="2.16.840.1.113883.6.1" displayName="OTC - DO NOT USE SECTION"/>
                     <title>Do not use</title>
                     <text>
                        <list listType="unordered">
                           <item>
                              <caption>•</caption>if you have ever had an allergic reaction to any other pain reliever/fever reducer</item>
                           <item>
                              <caption>•</caption>right before or after heart surgery</item>
                        </list>
                     </text>
                     <effectiveTime value="20130926"/>
                  </section>
               </component>
               <component>
                  <section ID="i4i_OTC_Ask_Doctor_id_138025d3-097e-41f6-be2d-70a5c4c78c32">
                     <id root="17f4233e-3a3b-40a6-975a-a4a5189689c7"/>
                     <code code="50569-3" codeSystem="2.16.840.1.113883.6.1" displayName="OTC - ASK DOCTOR SECTION"/>
                     <title>Ask a doctor before use if</title>
                     <text>
                        <list listType="unordered">
                           <item>
                              <caption>•</caption>you have problems or serious side effects from taking pain relievers or fever reducers</item>
                           <item>
                              <caption>•</caption>the stomach bleeding warning applies to you</item>
                           <item>
                              <caption>•</caption>you have a history of stomach problems, such as heartburn</item>
                           <item>
                              <caption>•</caption>you have high blood pressure, heart disease, liver cirrhosis, kidney disease, asthma, or had a stroke</item>
                           <item>
                              <caption>•</caption>you are taking a diuretic</item>
                        </list>
                     </text>
                     <effectiveTime value="20180509"/>
                  </section>
               </component>
               <component>
                  <section ID="i4i_OTC_Ask_Doctor_Pharmacist_id_5826b33a-a4d1-4ce6-baa8-cb734d02e9bb">
                     <id root="40224bd4-1e46-478b-a0b0-23da4dc3e93e"/>
                     <code code="50568-5" codeSystem="2.16.840.1.113883.6.1" displayName="OTC - ASK DOCTOR/PHARMACIST SECTION"/>
                     <title>Ask a doctor or pharmacist before use if you are</title>
                     <text>
                        <list listType="unordered">
                           <item>
                              <caption>•</caption>taking aspirin for heart attack or stroke, because ibuprofen may decrease this benefit of aspirin</item>
                           <item>
                              <caption>•</caption>under a doctor’s care for any serious condition</item>
                           <item>
                              <caption>•</caption>taking any other drug</item>
                        </list>
                     </text>
                     <effectiveTime value="20180509"/>
                  </section>
               </component>
               <component>
                  <section ID="i4i_OTC_When_Using_id_d7215bf5-752f-4a7c-89d1-b4333ed6a394">
                     <id root="c1378256-6574-4ef5-b608-8994a8188ef5"/>
                     <code code="50567-7" codeSystem="2.16.840.1.113883.6.1" displayName="OTC - WHEN USING SECTION"/>
                     <title>When using this product</title>
                     <text>
                        <list listType="unordered">
                           <item>
                              <caption>•</caption>take with food or milk if stomach upset occurs</item>
                        </list>
                     </text>
                     <effectiveTime value="20180509"/>
                  </section>
               </component>
               <component>
                  <section ID="i4i_OTC_Stop_Use_id_b849deee-8091-456c-9207-381d22a82f5d">
                     <id root="0fd4e620-98c2-4461-9ba7-be0bb3b36042"/>
                     <code code="50566-9" codeSystem="2.16.840.1.113883.6.1" displayName="OTC - STOP USE SECTION"/>
                     <title>Stop use and ask a doctor if</title>
                     <text>
                        <list listType="unordered">
                           <item>
                              <caption>•</caption>you experience any of the following signs of stomach bleeding:</item>
                           <item>
                              <caption>•</caption>feel faint</item>
                           <item>
                              <caption>•</caption>vomit blood</item>
                           <item>
                              <caption>•</caption>have bloody or black stools</item>
                           <item>
                              <caption>•</caption>have stomach pain that does not get better</item>
                           <item>
                              <caption>•</caption>you have symptoms of heart problems or stroke:</item>
                           <item>
                              <caption>•</caption>chest pain </item>
                           <item>
                              <caption>•</caption>trouble breathing</item>
                           <item>
                              <caption>•</caption>weakness in one part or side of body</item>
                           <item>
                              <caption>•</caption>slurred speech</item>
                           <item>
                              <caption>•</caption>leg swelling</item>
                           <item>
                              <caption>•</caption>pain gets worse or lasts more than 10 days</item>
                           <item>
                              <caption>•</caption>fever gets worse or lasts more than 3 days</item>
                           <item>
                              <caption>•</caption>redness or swelling is present in the painful area</item>
                           <item>
                              <caption>•</caption>any new symptoms appear</item>
                        </list>
                     </text>
                     <effectiveTime value="20180509"/>
                  </section>
               </component>
               <component>
                  <section ID="i4i_OTC_Pregancy_Breastfeeding_id_1c8cbc13-3c38-4ac2-a847-bf3b0c7cb516">
                     <id root="41394e85-4e72-46d3-84a6-7bfb9cf731b5"/>
                     <code code="53414-9" codeSystem="2.16.840.1.113883.6.1" displayName="OTC - PREGNANCY OR BREAST FEEDING SECTION"/>
                     <title>If pregnant or breast-feeding,</title>
                     <text>
                        <paragraph>ask a health professional before use. It is especially important not to use ibuprofen during the last 3 months of pregnancy unless definitely directed to do so by a doctor because it may cause problems in the unborn child or complications during delivery.</paragraph>
                     </text>
                     <effectiveTime value="20090602"/>
                  </section>
               </component>
               <component>
                  <section ID="i4i_OTC_Keep_Away_Children_id_28f9f914-461c-4efd-939d-10ff4d3b688c">
                     <id root="93a7dec3-8b47-4004-a68a-029acb1d35df"/>
                     <code code="50565-1" codeSystem="2.16.840.1.113883.6.1" displayName="OTC - KEEP OUT OF REACH OF CHILDREN SECTION"/>
                     <title>Keep out of reach of children.</title>
                     <text>
                        <paragraph>In case of overdose, get medical help or contact a Poison Control Center right away (1-800-222-1222).</paragraph>
                     </text>
                     <effectiveTime value="20180509"/>
                  </section>
               </component>
            </section>
         </component>
         <component>
            <section ID="i4i_dosage_admin_id_bda4c03c-299e-40b1-85d9-7daaa91ab3a5">
               <id root="b92ecba4-8bb4-4202-b4ab-2c5d6cebfc8e"/>
               <code code="34068-7" codeSystem="2.16.840.1.113883.6.1" displayName="DOSAGE &amp; ADMINISTRATION SECTION"/>
               <title>Directions</title>
               <text>
                  <list listType="unordered">
                     <item>
                        <caption>•</caption>
                        <content styleCode="bold">do not take more than directed</content>
                     </item>
                     <item>
                        <caption>•</caption>
                        <content styleCode="bold">the smallest effective dose should be used</content>
                     </item>
                  </list>
                  <paragraph>Adults and children 12 years and older:</paragraph>
                  <list listType="unordered">
                     <item>
                        <caption>•</caption>take 1 caplet every 4 to 6 hours while symptoms persist</item>
                     <item>
                        <caption>•</caption>if pain or fever does not respond to 1 caplet, 2 caplets may be used</item>
                     <item>
                        <caption>•</caption>do not exceed 6 caplets in 24 hours, unless directed by a doctor</item>
                  </list>
                  <paragraph>Children under 12 years: ask a doctor</paragraph>
               </text>
               <effectiveTime value="20191230"/>
            </section>
         </component>
         <component>
            <section ID="i4i_storage_id_b1a804a7-dbd0-4003-8973-4b89621c5985">
               <id root="682e8c05-2434-4ac7-b99d-af8cc629af15"/>
               <code code="44425-7" codeSystem="2.16.840.1.113883.6.1" displayName="STORAGE AND HANDLING SECTION"/>
               <title>Other information</title>
               <text>
                  <list listType="unordered">
                     <item>
                        <caption>•</caption>read all warnings and directions before use</item>
                     <item>
                        <caption>•</caption>store at 20-25°C (68-77°F)</item>
                     <item>
                        <caption>•</caption>avoid high humidity and excessive heat above 40°C (104°F)</item>
                  </list>
               </text>
               <effectiveTime value="20180509"/>
            </section>
         </component>
         <component>
            <section ID="i4i_inactive_ingredients_id_17b456df-b054-4f19-b0e2-58976e702af8">
               <id root="f72854c2-9005-4308-a78e-e70fa9be5d93"/>
               <code code="51727-6" codeSystem="2.16.840.1.113883.6.1" displayName="INACTIVE INGREDIENT SECTION"/>
               <title>Inactive ingredients</title>
               <text>
                  <paragraph>colloidal silicon dioxide, corn starch, croscarmellose sodium, hypromellose, iron oxide red, iron oxide yellow, microcrystalline cellulose, polyethylene glycol, polysorbate 80, stearic acid, titanium dioxide</paragraph>
               </text>
               <effectiveTime value="20130926"/>
            </section>
         </component>
         <component>
            <section ID="i4i_OTC_Questions_id_12dd0ea8-be72-47cf-8f89-cfcd5d9f14d1">
               <id root="b94fbe69-1c9c-43ba-a5bb-4f3cc8fa83ac"/>
               <code code="53413-1" codeSystem="2.16.840.1.113883.6.1" displayName="OTC - QUESTIONS SECTION"/>
               <title>Questions or comments?</title>
               <text>
                  <paragraph>
                     <content styleCode="bold">1-888-423-0139</content>
                  </paragraph>
               </text>
               <effectiveTime value="20191230"/>
            </section>
         </component>
         <component>
            <section ID="i4i_Principal_display_panel_id_61464973-6664-4414-9060-0578883bad7b">
               <id root="3f6859ea-9856-423a-888e-8b5658a1afb6"/>
               <code code="51945-4" codeSystem="2.16.840.1.113883.6.1" displayName="PACKAGE LABEL.PRINCIPAL DISPLAY PANEL"/>
               <title>Principal Display Panel</title>
               <text>
                  <paragraph>COMPARE TO ADVIL<sup>®</sup> ACTIVE INGREDIENT</paragraph>
                  <paragraph>SEE NEW WARNINGS</paragraph>
                  <paragraph>Ibuprofen Tablets, 200 mg</paragraph>
                  <paragraph>OUR PHARMACISTS RECOMMEND</paragraph>
                  <paragraph>PAIN RELIEVER - FEVER REDUCER (NSAID)</paragraph>
                  <paragraph>24 CAPLETS†</paragraph>
                  <paragraph>†CAPSULE-SHAPED TABLETS</paragraph>
                  <paragraph>actual size</paragraph>
                  <renderMultiMedia ID="id-1801298860" referencedObject="ID_94234336-568e-4080-b921-c585bf1a2011"/>
               </text>
               <effectiveTime value="20191230"/>
               <component>
                  <observationMedia ID="ID_94234336-568e-4080-b921-c585bf1a2011">
                     <text>ibuprofen image</text>
                     <value mediaType="image/jpeg" xsi:type="ED">
                        <reference value="647 88 ibuprofen image.jpg"/>
                     </value>
                  </observationMedia>
               </component>
            </section>
         </component>
      </structuredBody>
   </component>
</document>