<?xml version="1.0" encoding="UTF-8"?><?xml-stylesheet href="http://www.accessdata.fda.gov/spl/stylesheet/spl.xsl" type="text/xsl"?>
<document xmlns="urn:hl7-org:v3" xmlns:xsi="http://www.w3.org/2001/XMLSchema-instance" xsi:schemaLocation="urn:hl7-org:v3 http://www.accessdata.fda.gov/spl/schema/spl.xsd">
   <id root="15821573-03c8-490f-9295-74430aa07dfe"/>
   <code code="34390-5" codeSystem="2.16.840.1.113883.6.1" displayName="HUMAN OTC DRUG LABEL"/>
   <title>DRUG FACTS</title>
   <effectiveTime value="20150501"/>
   <setId root="15821573-03c8-490f-9295-74430aa07dfe"/>
   <versionNumber value="1"/>
   <author>
      <time/>
      <assignedEntity>
         <representedOrganization>
            <id extension="025460908" root="1.3.6.1.4.1.519.1"/>
            <name>Medline industries, Inc.</name>
         </representedOrganization>
      </assignedEntity>
   </author>
   <component>
      <structuredBody>
         <component>
            <section>
               <id root="d178c0e7-2b6b-4dd0-94f7-98cca3057d83"/>
               <code code="48780-1" codeSystem="2.16.840.1.113883.6.1" displayName="SPL product data elements section"/>
               <effectiveTime value="20150501"/>
               <subject>
                  <manufacturedProduct>
                     <manufacturedProduct>
                        <code code="53329-677" codeSystem="2.16.840.1.113883.6.69"/>
                        <name>Ibuprofen</name>
                        <formCode code="C42998" codeSystem="2.16.840.1.113883.3.26.1.1" displayName="TABLET"/>
                        <asEntityWithGeneric>
                           <genericMedicine>
                              <name>Ibuprofen</name>
                           </genericMedicine>
                        </asEntityWithGeneric>
                        <ingredient classCode="ACTIB">
                           <quantity>
                              <numerator unit="mg" value="200"/>
                              <denominator unit="1" value="1"/>
                           </quantity>
                           <ingredientSubstance>
                              <code code="WK2XYI10QM" codeSystem="2.16.840.1.113883.4.9"/>
                              <name>IBUPROFEN</name>
                              <activeMoiety>
                                 <activeMoiety>
                                    <code code="WK2XYI10QM" codeSystem="2.16.840.1.113883.4.9"/>
                                    <name>IBUPROFEN</name>
                                 </activeMoiety>
                              </activeMoiety>
                           </ingredientSubstance>
                        </ingredient>
                        <ingredient classCode="IACT">
                           <ingredientSubstance>
                              <code code="R12CBM0EIZ" codeSystem="2.16.840.1.113883.4.9"/>
                              <name>CARNAUBA WAX</name>
                           </ingredientSubstance>
                        </ingredient>
                        <ingredient classCode="IACT">
                           <ingredientSubstance>
                              <code code="M28OL1HH48" codeSystem="2.16.840.1.113883.4.9"/>
                              <name>CROSCARMELLOSE SODIUM</name>
                           </ingredientSubstance>
                        </ingredient>
                        <ingredient classCode="IACT">
                           <ingredientSubstance>
                              <code code="3NXW29V3WO" codeSystem="2.16.840.1.113883.4.9"/>
                              <name>HYPROMELLOSES</name>
                           </ingredientSubstance>
                        </ingredient>
                        <ingredient classCode="IACT">
                           <ingredientSubstance>
                              <code code="OP1R32D61U" codeSystem="2.16.840.1.113883.4.9"/>
                              <name>CELLULOSE, MICROCRYSTALLINE</name>
                           </ingredientSubstance>
                        </ingredient>
                        <ingredient classCode="IACT">
                           <ingredientSubstance>
                              <code code="VH2XOU12IE" codeSystem="2.16.840.1.113883.4.9"/>
                              <name>POLYDEXTROSE</name>
                           </ingredientSubstance>
                        </ingredient>
                        <ingredient classCode="IACT">
                           <ingredientSubstance>
                              <code code="3WJQ0SDW1A" codeSystem="2.16.840.1.113883.4.9"/>
                              <name>POLYETHYLENE GLYCOLS</name>
                           </ingredientSubstance>
                        </ingredient>
                        <ingredient classCode="IACT">
                           <ingredientSubstance>
                              <code code="O8232NY3SJ" codeSystem="2.16.840.1.113883.4.9"/>
                              <name>STARCH, CORN</name>
                           </ingredientSubstance>
                        </ingredient>
                        <ingredient classCode="IACT">
                           <ingredientSubstance>
                              <code code="1K09F3G675" codeSystem="2.16.840.1.113883.4.9"/>
                              <name>FERRIC OXIDE RED</name>
                           </ingredientSubstance>
                        </ingredient>
                        <ingredient classCode="IACT">
                           <ingredientSubstance>
                              <code code="ETJ7Z6XBU4" codeSystem="2.16.840.1.113883.4.9"/>
                              <name>SILICON DIOXIDE</name>
                           </ingredientSubstance>
                        </ingredient>
                        <ingredient classCode="IACT">
                           <ingredientSubstance>
                              <code code="4ELV7Z65AP" codeSystem="2.16.840.1.113883.4.9"/>
                              <name>STEARIC ACID</name>
                           </ingredientSubstance>
                        </ingredient>
                        <ingredient classCode="IACT">
                           <ingredientSubstance>
                              <code code="15FIX9V2JP" codeSystem="2.16.840.1.113883.4.9"/>
                              <name>TITANIUM DIOXIDE</name>
                           </ingredientSubstance>
                        </ingredient>
                        <asContent>
                           <quantity>
                              <numerator unit="1" value="100"/>
                              <denominator value="1"/>
                           </quantity>
                           <containerPackagedProduct>
                              <code/>
                              <formCode code="C43169" codeSystem="2.16.840.1.113883.3.26.1.1" displayName="BOTTLE"/>
                              <asContent>
                                 <quantity>
                                    <numerator unit="1" value="1"/>
                                    <denominator value="1"/>
                                 </quantity>
                                 <containerPackagedProduct>
                                    <code code="53329-677-30" codeSystem="2.16.840.1.113883.6.69"/>
                                    <formCode code="C43182" codeSystem="2.16.840.1.113883.3.26.1.1" displayName="CARTON"/>
                                 </containerPackagedProduct>
                              </asContent>
                           </containerPackagedProduct>
                           <subjectOf>
                              <characteristic classCode="OBS">
                                 <code code="SPLCMBPRDTP" codeSystem="2.16.840.1.113883.1.11.19255"/>
                                 <value code="C112160" codeSystem="2.16.840.1.113883.3.26.1.1" displayName="Type 0: Not a Combination Product" xsi:type="CE"/>
                              </characteristic>
                           </subjectOf>
                        </asContent>
                     </manufacturedProduct>
                     <subjectOf>
                        <approval>
                           <id extension="ANDA076460" root="2.16.840.1.113883.3.150"/>
                           <code code="C73584" codeSystem="2.16.840.1.113883.3.26.1.1" displayName="ANDA"/>
                           <author>
                              <territorialAuthority>
                                 <territory>
                                    <code code="USA" codeSystem="2.16.840.1.113883.5.28"/>
                                 </territory>
                              </territorialAuthority>
                           </author>
                        </approval>
                     </subjectOf>
                     <subjectOf>
                        <marketingAct>
                           <code code="C53292" codeSystem="2.16.840.1.113883.3.26.1.1"/>
                           <statusCode code="active"/>
                           <effectiveTime>
                              <low value="20150421"/>
                           </effectiveTime>
                        </marketingAct>
                     </subjectOf>
                     <subjectOf>
                        <characteristic classCode="OBS">
                           <code code="SPLCOLOR" codeSystem="2.16.840.1.113883.1.11.19255"/>
                           <value code="C48332" codeSystem="2.16.840.1.113883.3.26.1.1" displayName="brown" xsi:type="CE"/>
                        </characteristic>
                     </subjectOf>
                     <subjectOf>
                        <characteristic classCode="OBS">
                           <code code="SPLSIZE" codeSystem="2.16.840.1.113883.1.11.19255"/>
                           <value unit="mm" value="10" xsi:type="PQ"/>
                        </characteristic>
                     </subjectOf>
                     <subjectOf>
                        <characteristic classCode="OBS">
                           <code code="SPLSHAPE" codeSystem="2.16.840.1.113883.1.11.19255"/>
                           <value code="C48348" codeSystem="2.16.840.1.113883.3.26.1.1" displayName="ROUND" xsi:type="CE"/>
                        </characteristic>
                     </subjectOf>
                     <subjectOf>
                        <characteristic classCode="OBS">
                           <code code="SPLSCORE" codeSystem="2.16.840.1.113883.1.11.19255"/>
                           <value value="1" xsi:type="INT"/>
                        </characteristic>
                     </subjectOf>
                     <subjectOf>
                        <characteristic classCode="OBS">
                           <code code="SPLIMPRINT" codeSystem="2.16.840.1.113883.1.11.19255"/>
                           <value xsi:type="ST">IBU200</value>
                        </characteristic>
                     </subjectOf>
                     <consumedIn>
                        <substanceAdministration>
                           <routeCode code="C38288" codeSystem="2.16.840.1.113883.3.26.1.1" displayName="ORAL"/>
                        </substanceAdministration>
                     </consumedIn>
                  </manufacturedProduct>
               </subject>
            </section>
         </component>
         <component>
            <section ID="ID_c865ec7c-6961-40d5-aaa6-fe73004fcfec">
               <id root="c865ec7c-6961-40d5-aaa6-fe73004fcfec"/>
               <code code="55106-9" codeSystem="2.16.840.1.113883.6.1" displayName="OTC - ACTIVE INGREDIENT SECTION"/>
               <title>Active ingredient</title>
               <text>
                  <paragraph>Ibuprofen USP,  200 mg (NSAID)* </paragraph>
                  <paragraph>----------------------------------------------------</paragraph>
                  <paragraph>*nonsteroidal anti-inflammatory drug</paragraph>
               </text>
               <effectiveTime value="20150501"/>
            </section>
         </component>
         <component>
            <section ID="ID_cc4de8b1-8afc-44c9-997d-407a0fabbc9e">
               <id root="cc4de8b1-8afc-44c9-997d-407a0fabbc9e"/>
               <code code="55105-1" codeSystem="2.16.840.1.113883.6.1" displayName="OTC - PURPOSE SECTION"/>
               <title>Purpose</title>
               <text>
                  <paragraph>Pain reliever/fever reducer</paragraph>
               </text>
               <effectiveTime value="20150501"/>
            </section>
         </component>
         <component>
            <section ID="ID_55fcc4d3-4645-4126-8dc7-4207c2ef1f90">
               <id root="55fcc4d3-4645-4126-8dc7-4207c2ef1f90"/>
               <code code="34067-9" codeSystem="2.16.840.1.113883.6.1" displayName="INDICATIONS &amp; USAGE SECTION"/>
               <title>Uses</title>
               <text>
                  <list listType="unordered">
                     <item>
                        <caption>•</caption>temporarily relieves minor aches and pains due to:<list listType="unordered">
                           <item>
                              <caption>•</caption>headache</item>
                           <item>
                              <caption>•</caption>minor pain of arthritis</item>
                           <item>
                              <caption>•</caption>backache</item>
                           <item>
                              <caption>•</caption>menstrual cramps</item>
                           <item>
                              <caption>•</caption>muscular aches</item>
                           <item>
                              <caption>•</caption>toothache</item>
                           <item>
                              <caption>•</caption>the common cold</item>
                        </list>
                     </item>
                     <item>
                        <caption>•</caption>temporarily reduces fever</item>
                  </list>
               </text>
               <effectiveTime value="20150501"/>
            </section>
         </component>
         <component>
            <section ID="ID_e3edff5e-dd44-4a2f-b6ba-065f8f48fb50">
               <id root="e3edff5e-dd44-4a2f-b6ba-065f8f48fb50"/>
               <code code="34071-1" codeSystem="2.16.840.1.113883.6.1" displayName="WARNINGS SECTION"/>
               <title>Warnings</title>
               <text>
                  <paragraph>
                     <content styleCode="bold">Allergy alert</content>
                  </paragraph>
                  <paragraph>Ibuprofen may cause a severe allergic reaction, especially in people allergic to aspirin. Symptoms may include:</paragraph>
                  <list listType="unordered">
                     <item>
                        <caption>•</caption>hives</item>
                     <item>
                        <caption>•</caption>facial swelling</item>
                     <item>
                        <caption>•</caption>asthma (wheezing)</item>
                     <item>
                        <caption>•</caption>shock</item>
                     <item>
                        <caption>•</caption>skin reddening</item>
                     <item>
                        <caption>•</caption>rash</item>
                     <item>
                        <caption>•</caption>blisters</item>
                  </list>
                  <paragraph>If an allergic reaction occurs, stop use and seek medical help right away.</paragraph>
                  <paragraph>Stomach bleeding warning</paragraph>
                  <paragraph>
                     <content styleCode="bold">This product contains an NSAID, which may cause severe stomach bleeding. The chance is higher if you</content>
                  </paragraph>
                  <list listType="unordered">
                     <item>
                        <caption>•</caption>are age 60 or older</item>
                     <item>
                        <caption>•</caption>have had stomach ulcers or bleeding problems</item>
                     <item>
                        <caption>•</caption>take a blood thinning (anticoagulant) or steroid drug</item>
                     <item>
                        <caption>•</caption>take other drugs containing prescription or nonprescription NSAIDs [aspirin, ibuprofen, naproxen, or others]</item>
                     <item>
                        <caption>•</caption>have 3 or more alcoholic drinks every day while using this product</item>
                     <item>
                        <caption>•</caption>take more or for a longer time than directed</item>
                  </list>
                  <paragraph>
                     <br/>
                     <content styleCode="bold">Do not use</content>
                  </paragraph>
                  <list listType="unordered">
                     <item>
                        <caption>•</caption>if you have ever had an allergic reaction to any other pain reliever/fever reducer</item>
                     <item>
                        <caption>•</caption>right before or after heart surgery</item>
                  </list>
               </text>
               <effectiveTime value="20150501"/>
            </section>
         </component>
         <component>
            <section ID="ID_5a4ac174-d7ae-495f-8a8c-05ac4f07abd5">
               <id root="5a4ac174-d7ae-495f-8a8c-05ac4f07abd5"/>
               <code code="50569-3" codeSystem="2.16.840.1.113883.6.1" displayName="OTC - ASK DOCTOR SECTION"/>
               <text>
                  <paragraph>
                     <content styleCode="bold">Ask a doctor before use if</content>
                  </paragraph>
                  <list listType="unordered">
                     <item>
                        <caption>•</caption>stomach bleeding warning applies to you</item>
                     <item>
                        <caption>•</caption>you have problems or serious side effects from taking pain relievers or fever reducers</item>
                     <item>
                        <caption>•</caption>you have a history of stomach problems, such as heartburn</item>
                     <item>
                        <caption>•</caption>you have high blood pressure, heart disease, liver cirrhosis, kidney disease</item>
                     <item>
                        <caption>•</caption>you have asthma</item>
                     <item>
                        <caption>•</caption>you are taking a diuretic</item>
                  </list>
                  <paragraph>
                     <content styleCode="bold">Ask a doctor or pharmacist before use if </content>
                  </paragraph>
                  <list listType="unordered">
                     <item>
                        <caption>•</caption>under a doctor's care for any serious condition</item>
                     <item>
                        <caption>•</caption>taking aspirin for heart attack or stroke, because ibuprofen may decrease this benefit of aspirin</item>
                     <item>
                        <caption>•</caption>taking any other drug</item>
                  </list>
                  <paragraph>
                     <content styleCode="bold">When using this product</content>
                  </paragraph>
                  <list listType="unordered">
                     <item>
                        <caption>•</caption>take with food or milk if stomach upset occurs</item>
                     <item>
                        <caption>•</caption>the risk of heart attack or stroke may increase if you use more than directed or for longer than directed</item>
                  </list>
               </text>
               <effectiveTime value="20150501"/>
            </section>
         </component>
         <component>
            <section ID="ID_64133543-427e-40e8-8839-70077c07ef95">
               <id root="64133543-427e-40e8-8839-70077c07ef95"/>
               <code code="50566-9" codeSystem="2.16.840.1.113883.6.1" displayName="OTC - STOP USE SECTION"/>
               <text>
                  <paragraph>
                     <content styleCode="bold">Stop use and ask a doctor if</content>
                  </paragraph>
                  <list listType="unordered">
                     <item>
                        <caption>•</caption>you experience any of the following signs of stomach bleeding:<list listType="unordered">
                           <item>
                              <caption>•</caption>feel faint</item>
                           <item>
                              <caption>•</caption>vomit blood</item>
                           <item>
                              <caption>•</caption>have bloody or black stools</item>
                           <item>
                              <caption>•</caption>have stomach pain that does not get better</item>
                        </list>
                     </item>
                     <item>
                        <caption>•</caption>pain gets worse or lasts more than 10 days</item>
                     <item>
                        <caption>•</caption>fever gets worse or lasts more than 3 days</item>
                     <item>
                        <caption>•</caption>redness or swelling is present in the painful area</item>
                     <item>
                        <caption>•</caption>any new symptoms appear</item>
                  </list>
               </text>
               <effectiveTime value="20150501"/>
            </section>
         </component>
         <component>
            <section ID="ID_01bf4e7a-5121-4a48-aaf9-9957cd071af3">
               <id root="01bf4e7a-5121-4a48-aaf9-9957cd071af3"/>
               <code code="53414-9" codeSystem="2.16.840.1.113883.6.1" displayName="OTC - PREGNANCY OR BREAST FEEDING SECTION"/>
               <text>
                  <paragraph>
                     <content styleCode="bold">If pregnant or breast-feeding,</content> ask a health professional before use. It is especially important not to use ibuprofen during the last 3 months of pregnancy unless definitely directed to do so by a doctor because it may cause problems in the unborn child or complications during delivery.</paragraph>
               </text>
               <effectiveTime value="20150501"/>
            </section>
         </component>
         <component>
            <section ID="ID_efebe7fb-6966-4dc0-9eb0-c2d2c74aca06">
               <id root="efebe7fb-6966-4dc0-9eb0-c2d2c74aca06"/>
               <code code="50565-1" codeSystem="2.16.840.1.113883.6.1" displayName="OTC - KEEP OUT OF REACH OF CHILDREN SECTION"/>
               <text>
                  <paragraph>
                     <content styleCode="bold">Keep out of reach of children.</content> In case of overdose, get medical help or contact a Poison Control Center right away (1-800-222-1222)</paragraph>
               </text>
               <effectiveTime value="20150501"/>
            </section>
         </component>
         <component>
            <section ID="ID_f409ee67-dc02-4fa9-8c98-6ddd38ef47cc">
               <id root="f409ee67-dc02-4fa9-8c98-6ddd38ef47cc"/>
               <code code="34068-7" codeSystem="2.16.840.1.113883.6.1" displayName="DOSAGE &amp; ADMINISTRATION SECTION"/>
               <text>
                  <paragraph>
                     <content styleCode="bold">Directions</content>
                  </paragraph>
                  <list listType="unordered">
                     <item>
                        <caption>•</caption>do not take more than directed</item>
                     <item>
                        <caption>•</caption>the smallest effective dose should be used</item>
                     <item>
                        <caption>•</caption>adults and children 12 years and over: take 1 tablet every 4 to 6 hours while symptoms persist</item>
                     <item>
                        <caption>•</caption>if pain or fever does not respond to 1 tablet, 2 tablets may be used</item>
                     <item>
                        <caption>•</caption>do not exceed 6 tablets in 24 hours, unless directed by a doctor</item>
                     <item>
                        <caption>•</caption>children under 12 years: ask a doctor</item>
                  </list>
               </text>
               <effectiveTime value="20150501"/>
            </section>
         </component>
         <component>
            <section ID="ID_a07139a3-5329-4b06-ae26-a326c2593c44">
               <id root="a07139a3-5329-4b06-ae26-a326c2593c44"/>
               <code code="44425-7" codeSystem="2.16.840.1.113883.6.1" displayName="STORAGE AND HANDLING SECTION"/>
               <title>Other Information</title>
               <text>
                  <list listType="unordered">
                     <item>
                        <caption>•</caption>store at 20-25°C (68-77°F)</item>
                  </list>
               </text>
               <effectiveTime value="20150501"/>
            </section>
         </component>
         <component>
            <section ID="ID_b0b6c488-fb05-4775-a2ac-3cddf6237dde">
               <id root="b0b6c488-fb05-4775-a2ac-3cddf6237dde"/>
               <code code="51727-6" codeSystem="2.16.840.1.113883.6.1" displayName="INACTIVE INGREDIENT SECTION"/>
               <text>
                  <paragraph>
                     <content styleCode="bold">Inactive Ingredients</content>  </paragraph>
                  <paragraph>Carnauba wax, croscarmellose sodium, hypromellose, microcrystalline cellulose, polydextrose, polyethylene glycol, pregelatinized starch, red iron oxide, silicon dioxide, stearic acid, titanium dioxide</paragraph>
               </text>
               <effectiveTime value="20150501"/>
            </section>
         </component>
         <component>
            <section ID="ID_4011b2c1-1ecb-40e6-b1ae-b94637960768">
               <id root="4011b2c1-1ecb-40e6-b1ae-b94637960768"/>
               <code code="53413-1" codeSystem="2.16.840.1.113883.6.1" displayName="OTC - QUESTIONS SECTION"/>
               <title>Questions</title>
               <text>
                  <paragraph>Questions or comments?</paragraph>
                  <paragraph>Call Toll Free 1-800-MEDLINE (633-5463) Monday-Friday 9am-5pm CST</paragraph>
               </text>
               <effectiveTime value="20150501"/>
            </section>
         </component>
         <component>
            <section ID="ID_db75e962-4965-4712-9890-f5fbd8f1e6c8">
               <id root="db75e962-4965-4712-9890-f5fbd8f1e6c8"/>
               <code code="51945-4" codeSystem="2.16.840.1.113883.6.1" displayName="PACKAGE LABEL.PRINCIPAL DISPLAY PANEL"/>
               <title>Principal Display Panel</title>
               <text>
                  <paragraph>Medline</paragraph>
                  <paragraph>NDC 53329-677-30</paragraph>
                  <paragraph>+Compare to the active ingredient in Advil Tablets</paragraph>
                  <paragraph>Ibuprofen Tablets USP</paragraph>
                  <paragraph>Pain Reliever/</paragraph>
                  <paragraph>Fever Reducer (NSAID)</paragraph>
                  <paragraph>200 mg</paragraph>
                  <paragraph>100 coated tablets - 200 mg each</paragraph>
                  <renderMultiMedia ID="id-606665564" referencedObject="ID_0207df13-524c-4237-9bb8-d782f189b7c7"/>
               </text>
               <effectiveTime value="20150501"/>
               <component>
                  <observationMedia ID="ID_0207df13-524c-4237-9bb8-d782f189b7c7">
                     <text>Ibuprofen Tablets PDP and drug facts</text>
                     <value mediaType="image/jpeg" xsi:type="ED">
                        <reference value="image-01.jpg"/>
                     </value>
                  </observationMedia>
               </component>
            </section>
         </component>
      </structuredBody>
   </component>
</document>