<?xml version="1.0" encoding="UTF-8"?><?xml-stylesheet href="http://www.accessdata.fda.gov/spl/stylesheet/spl.xsl" type="text/xsl"?>
<document xmlns="urn:hl7-org:v3" xmlns:xsi="http://www.w3.org/2001/XMLSchema-instance" xsi:schemaLocation="urn:hl7-org:v3 http://www.accessdata.fda.gov/spl/schema/spl.xsd">
   <id root="15d5c1e6-bc4b-4465-b640-0f7f68885bba"/>
   <code code="34390-5" codeSystem="2.16.840.1.113883.6.1" displayName="HUMAN OTC DRUG LABEL"/>
   <title>Ibuprofen and Pseudoephedrine Hydrochloride</title>
   <effectiveTime value="20180511"/>
   <setId root="c55f2820-4d57-4492-9c80-2af9754ac563"/>
   <versionNumber value="3"/>
   <author>
      <time/>
      <assignedEntity>
         <representedOrganization>
            <id root="1.3.6.1.4.1.519.1" extension="177667227"/>
            <name>Sunmark</name>
            <assignedEntity>
               <assignedOrganization>
                  <id extension="937890044" root="1.3.6.1.4.1.519.1"/>
                  <name>Ranbaxy Pharmaceuticals Inc.</name>
                  <assignedEntity>
                     <assignedOrganization>
                        <id root="1.3.6.1.4.1.519.1" extension="184769029"/>
                        <name>Ohm Laboratories Inc.</name>
                     </assignedOrganization>
                     <performance>
                        <actDefinition>
                           <code codeSystem="2.16.840.1.113883.3.26.1.1" code="C43360" displayName="manufacture"/>
                           <product>
                              <manufacturedProduct classCode="MANU">
                                 <manufacturedMaterialKind>
                                    <code code="49348-097" codeSystem="2.16.840.1.113883.6.69"/>
                                 </manufacturedMaterialKind>
                              </manufacturedProduct>
                           </product>
                        </actDefinition>
                     </performance>
                  </assignedEntity>
               </assignedOrganization>
            </assignedEntity>
         </representedOrganization>
      </assignedEntity>
   </author>
   <component>
      <structuredBody>
         <component>
            <section>
               <id root="65575c63-b990-474f-abfd-3d432a87cc4e"/>
               <code code="48780-1" codeSystem="2.16.840.1.113883.6.1" displayName="SPL PRODUCT DATA ELEMENTS SECTION"/>
               <effectiveTime value="20180511"/>
               <subject>
                  <manufacturedProduct>
                     <manufacturedProduct>
                        <code codeSystem="2.16.840.1.113883.6.69" code="49348-097"/>
                        <name>Ibuprofen and Pseudoephedrine Hydrochloride</name>
                        <formCode codeSystem="2.16.840.1.113883.3.26.1.1" displayName="TABLET, SUGAR COATED" code="C42992"/>
                        <asEntityWithGeneric>
                           <genericMedicine>
                              <name>Ibuprofen and Pseudoephedrine Hydrochloride</name>
                           </genericMedicine>
                        </asEntityWithGeneric>
                        <ingredient classCode="ACTIB">
                           <quantity>
                              <numerator unit="mg" value="200"/>
                              <denominator unit="1" value="1"/>
                           </quantity>
                           <ingredientSubstance>
                              <code codeSystem="2.16.840.1.113883.4.9" code="WK2XYI10QM"/>
                              <name>IBUPROFEN</name>
                              <activeMoiety>
                                 <activeMoiety>
                                    <code codeSystem="2.16.840.1.113883.4.9" code="WK2XYI10QM"/>
                                    <name>IBUPROFEN</name>
                                 </activeMoiety>
                              </activeMoiety>
                           </ingredientSubstance>
                        </ingredient>
                        <ingredient classCode="ACTIB">
                           <quantity>
                              <numerator unit="mg" value="30"/>
                              <denominator unit="1" value="1"/>
                           </quantity>
                           <ingredientSubstance>
                              <code codeSystem="2.16.840.1.113883.4.9" code="6V9V2RYJ8N"/>
                              <name>PSEUDOEPHEDRINE HYDROCHLORIDE</name>
                              <activeMoiety>
                                 <activeMoiety>
                                    <code codeSystem="2.16.840.1.113883.4.9" code="7CUC9DDI9F"/>
                                    <name>PSEUDOEPHEDRINE</name>
                                 </activeMoiety>
                              </activeMoiety>
                           </ingredientSubstance>
                        </ingredient>
                        <ingredient classCode="IACT">
                           <ingredientSubstance>
                              <code codeSystem="2.16.840.1.113883.4.9" code="5C5403N26O"/>
                              <name>ACACIA</name>
                           </ingredientSubstance>
                        </ingredient>
                        <ingredient classCode="IACT">
                           <ingredientSubstance>
                              <code codeSystem="2.16.840.1.113883.4.9" code="H0G9379FGK"/>
                              <name>CALCIUM CARBONATE</name>
                           </ingredientSubstance>
                        </ingredient>
                        <ingredient classCode="IACT">
                           <ingredientSubstance>
                              <code codeSystem="2.16.840.1.113883.4.9" code="R12CBM0EIZ"/>
                              <name>CARNAUBA WAX</name>
                           </ingredientSubstance>
                        </ingredient>
                        <ingredient classCode="IACT">
                           <ingredientSubstance>
                              <code codeSystem="2.16.840.1.113883.4.9" code="O8232NY3SJ"/>
                              <name>STARCH, CORN</name>
                           </ingredientSubstance>
                        </ingredient>
                        <ingredient classCode="IACT">
                           <ingredientSubstance>
                              <code codeSystem="2.16.840.1.113883.4.9" code="M28OL1HH48"/>
                              <name>CROSCARMELLOSE SODIUM</name>
                           </ingredientSubstance>
                        </ingredient>
                        <ingredient classCode="IACT">
                           <ingredientSubstance>
                              <code codeSystem="2.16.840.1.113883.4.9" code="68401960MK"/>
                              <name>CROSPOVIDONE (15 MPA.S AT 5%)</name>
                           </ingredientSubstance>
                        </ingredient>
                        <ingredient classCode="IACT">
                           <ingredientSubstance>
                              <code codeSystem="2.16.840.1.113883.4.9" code="L06K8R7DQK"/>
                              <name>FD&amp;C BLUE NO. 2</name>
                           </ingredientSubstance>
                        </ingredient>
                        <ingredient classCode="IACT">
                           <ingredientSubstance>
                              <code codeSystem="2.16.840.1.113883.4.9" code="WZB9127XOA"/>
                              <name>FD&amp;C RED NO. 40</name>
                           </ingredientSubstance>
                        </ingredient>
                        <ingredient classCode="IACT">
                           <ingredientSubstance>
                              <code codeSystem="2.16.840.1.113883.4.9" code="H77VEI93A8"/>
                              <name>FD&amp;C YELLOW NO. 6</name>
                           </ingredientSubstance>
                        </ingredient>
                        <ingredient classCode="IACT">
                           <ingredientSubstance>
                              <code codeSystem="2.16.840.1.113883.4.9" code="2G86QN327L"/>
                              <name>GELATIN, UNSPECIFIED</name>
                           </ingredientSubstance>
                        </ingredient>
                        <ingredient classCode="IACT">
                           <ingredientSubstance>
                              <code codeSystem="2.16.840.1.113883.4.9" code="E89I1637KE"/>
                              <name>GUAR GUM</name>
                           </ingredientSubstance>
                        </ingredient>
                        <ingredient classCode="IACT">
                           <ingredientSubstance>
                              <code codeSystem="2.16.840.1.113883.4.9" code="P6OCJ2551R"/>
                              <name>GLYCERYL TRISTEARATE</name>
                           </ingredientSubstance>
                        </ingredient>
                        <ingredient classCode="IACT">
                           <ingredientSubstance>
                              <code codeSystem="2.16.840.1.113883.4.9" code="RFW2ET671P"/>
                              <name>HYDROXYPROPYL CELLULOSE (1200000 MW)</name>
                           </ingredientSubstance>
                        </ingredient>
                        <ingredient classCode="IACT">
                           <ingredientSubstance>
                              <code codeSystem="2.16.840.1.113883.4.9" code="XM0M87F357"/>
                              <name>FERROSOFERRIC OXIDE</name>
                           </ingredientSubstance>
                        </ingredient>
                        <ingredient classCode="IACT">
                           <ingredientSubstance>
                              <code codeSystem="2.16.840.1.113883.4.9" code="24H4NWX5CO"/>
                              <name>KAOLIN</name>
                           </ingredientSubstance>
                        </ingredient>
                        <ingredient classCode="IACT">
                           <ingredientSubstance>
                              <code codeSystem="2.16.840.1.113883.4.9" code="3WJQ0SDW1A"/>
                              <name>POLYETHYLENE GLYCOL, UNSPECIFIED</name>
                           </ingredientSubstance>
                        </ingredient>
                        <ingredient classCode="IACT">
                           <ingredientSubstance>
                              <code codeSystem="2.16.840.1.113883.4.9" code="SMD1X3XO9M"/>
                              <name>POWDERED CELLULOSE</name>
                           </ingredientSubstance>
                        </ingredient>
                        <ingredient classCode="IACT">
                           <ingredientSubstance>
                              <code codeSystem="2.16.840.1.113883.4.9" code="FZ989GH94E"/>
                              <name>POVIDONE, UNSPECIFIED</name>
                           </ingredientSubstance>
                        </ingredient>
                        <ingredient classCode="IACT">
                           <ingredientSubstance>
                              <code codeSystem="2.16.840.1.113883.4.9" code="6DC9Q167V3"/>
                              <name>PROPYLENE GLYCOL</name>
                           </ingredientSubstance>
                        </ingredient>
                        <ingredient classCode="IACT">
                           <ingredientSubstance>
                              <code codeSystem="2.16.840.1.113883.4.9" code="46N107B71O"/>
                              <name>SHELLAC</name>
                           </ingredientSubstance>
                        </ingredient>
                        <ingredient classCode="IACT">
                           <ingredientSubstance>
                              <code codeSystem="2.16.840.1.113883.4.9" code="ETJ7Z6XBU4"/>
                              <name>SILICON DIOXIDE</name>
                           </ingredientSubstance>
                        </ingredient>
                        <ingredient classCode="IACT">
                           <ingredientSubstance>
                              <code codeSystem="2.16.840.1.113883.4.9" code="OJ245FE5EU"/>
                              <name>SODIUM BENZOATE</name>
                           </ingredientSubstance>
                        </ingredient>
                        <ingredient classCode="IACT">
                           <ingredientSubstance>
                              <code codeSystem="2.16.840.1.113883.4.9" code="C151H8M554"/>
                              <name>SUCROSE</name>
                           </ingredientSubstance>
                        </ingredient>
                        <ingredient classCode="IACT">
                           <ingredientSubstance>
                              <code codeSystem="2.16.840.1.113883.4.9" code="7SEV7J4R1U"/>
                              <name>TALC</name>
                           </ingredientSubstance>
                        </ingredient>
                        <ingredient classCode="IACT">
                           <ingredientSubstance>
                              <code codeSystem="2.16.840.1.113883.4.9" code="15FIX9V2JP"/>
                              <name>TITANIUM DIOXIDE</name>
                           </ingredientSubstance>
                        </ingredient>
                        <ingredient classCode="IACT">
                           <ingredientSubstance>
                              <code codeSystem="2.16.840.1.113883.4.9" code="7G1J5DA97F"/>
                              <name>WHITE WAX</name>
                           </ingredientSubstance>
                        </ingredient>
                        <asContent>
                           <quantity>
                              <numerator unit="1" value="20"/>
                              <denominator value="1" unit="1"/>
                           </quantity>
                           <containerPackagedProduct>
                              <code codeSystem="2.16.840.1.113883.6.69" code="49348-097-47"/>
                              <formCode codeSystem="2.16.840.1.113883.3.26.1.1" displayName="BLISTER PACK" code="C43168"/>
                           </containerPackagedProduct>
                           <subjectOf>
                              <marketingAct>
                                 <code code="C53292" codeSystem="2.16.840.1.113883.3.26.1.1"/>
                                 <statusCode code="active"/>
                                 <effectiveTime>
                                    <low value="20011013"/>
                                 </effectiveTime>
                              </marketingAct>
                           </subjectOf>
                           <subjectOf>
                              <characteristic>
                                 <code code="SPLCMBPRDTP" codeSystem="2.16.840.1.113883.1.11.19255"/>
                                 <value code="C112160" codeSystem="2.16.840.1.113883.3.26.1.1" displayName="Type 0: Not a Combination Product" xsi:type="CV"/>
                              </characteristic>
                           </subjectOf>
                        </asContent>
                     </manufacturedProduct>
                     <subjectOf>
                        <approval>
                           <id root="2.16.840.1.113883.3.150" extension="ANDA074567"/>
                           <code code="C73584" displayName="ANDA" codeSystem="2.16.840.1.113883.3.26.1.1"/>
                           <author>
                              <territorialAuthority>
                                 <territory>
                                    <code code="USA" codeSystem="2.16.840.1.113883.5.28"/>
                                 </territory>
                              </territorialAuthority>
                           </author>
                        </approval>
                     </subjectOf>
                     <subjectOf>
                        <marketingAct>
                           <code code="C53292" codeSystem="2.16.840.1.113883.3.26.1.1"/>
                           <statusCode code="active"/>
                           <effectiveTime>
                              <low value="20011013"/>
                           </effectiveTime>
                        </marketingAct>
                     </subjectOf>
                     <subjectOf>
                        <characteristic classCode="OBS">
                           <code codeSystem="2.16.840.1.113883.1.11.19255" code="SPLCOLOR"/>
                           <value codeSystem="2.16.840.1.113883.3.26.1.1" code="C48332" displayName="brown" xsi:type="CE">
                              <originalText/>
                           </value>
                        </characteristic>
                     </subjectOf>
                     <subjectOf>
                        <characteristic classCode="OBS">
                           <code codeSystem="2.16.840.1.113883.1.11.19255" code="SPLIMPRINT"/>
                           <value xsi:type="ST">423</value>
                        </characteristic>
                     </subjectOf>
                     <subjectOf>
                        <characteristic classCode="OBS">
                           <code codeSystem="2.16.840.1.113883.1.11.19255" code="SPLSHAPE"/>
                           <value codeSystem="2.16.840.1.113883.3.26.1.1" code="C48345" displayName="OVAL" xsi:type="CE">
                              <originalText>Caplets</originalText>
                           </value>
                        </characteristic>
                     </subjectOf>
                     <subjectOf>
                        <characteristic classCode="OBS">
                           <code codeSystem="2.16.840.1.113883.1.11.19255" code="SPLSIZE"/>
                           <value xsi:type="PQ" value="14" unit="mm"/>
                        </characteristic>
                     </subjectOf>
                     <subjectOf>
                        <characteristic classCode="OBS">
                           <code codeSystem="2.16.840.1.113883.1.11.19255" code="SPLSCORE"/>
                           <value xsi:type="INT" value="1"/>
                        </characteristic>
                     </subjectOf>
                     <consumedIn>
                        <substanceAdministration>
                           <routeCode codeSystem="2.16.840.1.113883.3.26.1.1" code="C38288" displayName="ORAL"/>
                        </substanceAdministration>
                     </consumedIn>
                  </manufacturedProduct>
               </subject>
            </section>
         </component>
         <component>
            <section>
               <id root="d3f9ed1d-47d5-4929-8137-920029ddb93a"/>
               <code code="42229-5" codeSystem="2.16.840.1.113883.6.1" displayName="SPL UNCLASSIFIED SECTION"/>
               <text>
                  <paragraph>
                     <content styleCode="bold italics">Drug Facts</content>
                  </paragraph>
               </text>
               <effectiveTime value="20180511"/>
            </section>
         </component>
         <component>
            <section>
               <id root="b3037f7c-ad4c-4a6b-baed-1d5da5e429fa"/>
               <code code="55106-9" codeSystem="2.16.840.1.113883.6.1" displayName="OTC - ACTIVE INGREDIENT SECTION"/>
               <effectiveTime value="20180511"/>
               <component>
                  <section>
                     <id root="6413f555-a038-4553-93a3-d93495df8645"/>
                     <code code="55105-1" codeSystem="2.16.840.1.113883.6.1" displayName="OTC - PURPOSE SECTION"/>
                     <text>
                        <table width="65%">
                           <col width="60%" align="left" valign="top"/>
                           <col width="40%" align="right" valign="top"/>
                           <thead>
                              <tr>
                                 <th>
                                    <content styleCode="italics">Active ingredients (in each caplet)</content>
                                 </th>
                                 <th>
                                    <content styleCode="italics">Purposes</content>
                                 </th>
                              </tr>
                           </thead>
                           <tbody>
                              <tr>
                                 <td>Ibuprofen, USP 200 mg (NSAID)<footnote>nonsteroidal anti-inflammatory drug</footnote>
                                 </td>
                                 <td>Pain reliever/fever reducer</td>
                              </tr>
                              <tr>
                                 <td>Pseudoephedrine HCl, USP 30 mg</td>
                                 <td>Nasal decongestant</td>
                              </tr>
                           </tbody>
                        </table>
                     </text>
                     <effectiveTime value="20180511"/>
                  </section>
               </component>
            </section>
         </component>
         <component>
            <section>
               <id root="b4a0e4f7-0a1c-459e-9857-9a2ccd1b47ad"/>
               <code code="34067-9" codeSystem="2.16.840.1.113883.6.1" displayName="INDICATIONS &amp; USAGE SECTION"/>
               <title>Uses</title>
               <text>
                  <paragraph>temporarily relieves these symptoms associated with the common cold or flu:</paragraph>
                  <list listType="unordered" styleCode="square">
                     <item>headache</item>
                     <item>fever</item>
                     <item>sinus pressure</item>
                     <item>nasal congestion</item>
                     <item>minor body aches and pains</item>
                  </list>
               </text>
               <effectiveTime value="20180511"/>
            </section>
         </component>
         <component>
            <section>
               <id root="d8ab0b56-0072-456b-ac82-778758d0b694"/>
               <code code="34071-1" codeSystem="2.16.840.1.113883.6.1" displayName="WARNINGS SECTION"/>
               <title>Warnings</title>
               <effectiveTime value="20180511"/>
               <component>
                  <section>
                     <id root="9ab7284e-df7c-483e-9574-d1864e22f0ba"/>
                     <code code="42229-5" codeSystem="2.16.840.1.113883.6.1" displayName="SPL UNCLASSIFIED SECTION"/>
                     <title>Allergy alert</title>
                     <text>
                        <paragraph>Ibuprofen may cause a severe allergic reaction, especially in people allergic to aspirin. Symptoms may include:</paragraph>
                        <list listType="unordered" styleCode="square">
                           <item>hives</item>
                           <item>facial swelling</item>
                           <item>asthma (wheezing)</item>
                           <item>shock</item>
                           <item>skin reddening</item>
                           <item>rash</item>
                           <item>blisters</item>
                        </list>
                        <paragraph>If an allergic reaction occurs, stop use and seek medical help right away.</paragraph>
                     </text>
                     <effectiveTime value="20180511"/>
                  </section>
               </component>
               <component>
                  <section>
                     <id root="aadde420-29ef-4e74-a7be-1752b99aaf93"/>
                     <code code="42229-5" codeSystem="2.16.840.1.113883.6.1" displayName="SPL UNCLASSIFIED SECTION"/>
                     <title>Stomach bleeding warning</title>
                     <text>
                        <paragraph>This product contains an NSAID, which may cause severe stomach bleeding. The chance is higher if you:</paragraph>
                        <list listType="unordered" styleCode="square">
                           <item>are age 60 or older</item>
                           <item>have had stomach ulcers or bleeding problems</item>
                           <item>take a blood thinning (anticoagulant) or steroid drug</item>
                           <item>take other drugs containing prescription or nonprescription NSAIDs [aspirin, ibuprofen, naproxen, or others]</item>
                           <item>have 3 or more alcoholic drinks every day while using this product</item>
                           <item>take more or for a longer time than directed</item>
                        </list>
                     </text>
                     <effectiveTime value="20180511"/>
                  </section>
               </component>
               <component>
                  <section>
                     <id root="35e39942-6578-46e3-9d5d-e7257c856085"/>
                     <code code="42229-5" codeSystem="2.16.840.1.113883.6.1" displayName="SPL UNCLASSIFIED SECTION"/>
                     <title>Heart attack and stroke warning</title>
                     <text>
                        <paragraph>NSAIDs, except aspirin, increase the risk of heart attack, heart failure, and stroke. These can be fatal. The risk is higher if you use more than directed or for longer than directed.</paragraph>
                     </text>
                     <effectiveTime value="20180511"/>
                  </section>
               </component>
               <component>
                  <section>
                     <id root="bd4fdb72-83f4-474b-8473-d4aa24c21be0"/>
                     <code code="50570-1" codeSystem="2.16.840.1.113883.6.1" displayName="OTC - DO NOT USE SECTION"/>
                     <title>Do not use</title>
                     <text>
                        <list listType="unordered" styleCode="square">
                           <item>in children under 12 years of age</item>
                           <item>if you have ever had an allergic reaction to any other pain reliever/fever reducer</item>
                           <item>right before or after heart surgery</item>
                           <item>if you are now taking a prescription monoamine oxidase inhibitor (MAOI) (certain drugs for depression, psychiatric, or emotional conditions, or Parkinson's disease), or for 2 weeks after stopping the MAOI drug. If you do not know if your prescription drug contains an MAOI, ask a doctor or pharmacist before taking this product.</item>
                        </list>
                     </text>
                     <effectiveTime value="20180511"/>
                  </section>
               </component>
               <component>
                  <section>
                     <id root="04b8c27e-d41f-434c-95a3-bb2fd1f8bf81"/>
                     <code code="50569-3" codeSystem="2.16.840.1.113883.6.1" displayName="OTC - ASK DOCTOR SECTION"/>
                     <title>Ask a doctor before use if</title>
                     <text>
                        <list listType="unordered" styleCode="square">
                           <item>stomach bleeding warning applies to you</item>
                           <item>you have problems or serious side effects from taking pain relievers or fever reducers</item>
                           <item>you have a history of stomach problems, such as heartburn</item>
                           <item>you have high blood pressure, heart disease, liver cirrhosis, kidney disease, asthma, thyroid disease, diabetes, have trouble urinating due to an enlarged prostate gland, or had a stroke</item>
                           <item>you are taking a diuretic</item>
                        </list>
                     </text>
                     <effectiveTime value="20180511"/>
                  </section>
               </component>
               <component>
                  <section>
                     <id root="24dfeced-98fb-4fa6-89f7-5c4405027c21"/>
                     <code code="50568-5" codeSystem="2.16.840.1.113883.6.1" displayName="OTC - ASK DOCTOR/PHARMACIST SECTION"/>
                     <title>Ask a doctor or pharmacist before use if you are</title>
                     <text>
                        <list listType="unordered" styleCode="square">
                           <item>under a doctor's care for any serious condition</item>
                           <item>taking any other product that contains pseudoephedrine or any other nasal decongestant</item>
                           <item>taking aspirin for heart attack or stroke, because ibuprofen may decrease this benefit of aspirin</item>
                           <item>taking any other drug</item>
                        </list>
                     </text>
                     <effectiveTime value="20180511"/>
                  </section>
               </component>
               <component>
                  <section>
                     <id root="2649803b-965c-4375-92a0-a54221ff2c39"/>
                     <code code="50567-7" codeSystem="2.16.840.1.113883.6.1" displayName="OTC - WHEN USING SECTION"/>
                     <title>When using this product</title>
                     <text>
                        <list listType="unordered" styleCode="square">
                           <item>take with food or milk if stomach upset occurs</item>
                        </list>
                     </text>
                     <effectiveTime value="20180511"/>
                  </section>
               </component>
               <component>
                  <section>
                     <id root="f4c856f9-a31b-4baf-9ca2-4e55933e2148"/>
                     <code code="50566-9" codeSystem="2.16.840.1.113883.6.1" displayName="OTC - STOP USE SECTION"/>
                     <title>Stop use and ask a doctor if</title>
                     <text>
                        <list listType="unordered" styleCode="square">
                           <item>you experience any of the following signs of stomach bleeding: 								<list listType="unordered" styleCode="square">
                                 <item>feel faint</item>
                                 <item>vomit blood</item>
                                 <item>have bloody or black stools</item>
                                 <item>have stomach pain that does not get better</item>
                              </list>
                           </item>
                           <item>you have symptoms of heart problems or stroke: 								<list listType="unordered" styleCode="square">
                                 <item>chest pain</item>
                                 <item>trouble breathing</item>
                                 <item>weakness in one part or side of body</item>
                                 <item>slurred speech</item>
                                 <item>leg swelling</item>
                              </list>
                           </item>
                           <item>fever gets worse or lasts more than 3 days</item>
                           <item>nasal congestion lasts for more than 7 days</item>
                           <item>symptoms continue or get worse</item>
                           <item>redness or swelling is present in the painful area</item>
                           <item>you get nervous, dizzy, or sleepless</item>
                           <item>any new symptoms appear</item>
                        </list>
                     </text>
                     <effectiveTime value="20180511"/>
                  </section>
               </component>
               <component>
                  <section>
                     <id root="990681f8-0756-4ae1-ad28-f4773241e88e"/>
                     <code code="53414-9" codeSystem="2.16.840.1.113883.6.1" displayName="OTC - PREGNANCY OR BREAST FEEDING SECTION"/>
                     <text>
                        <paragraph>
                           <content styleCode="bold">If pregnant or breast-feeding,</content> ask a health professional before use. It is especially important not to use ibuprofen during the last 3 months of pregnancy unless definitely directed to do so by a doctor because it may cause problems in the unborn child or complications during delivery.</paragraph>
                     </text>
                     <effectiveTime value="20180511"/>
                  </section>
               </component>
               <component>
                  <section>
                     <id root="500b1fc7-7f15-4bb3-9eca-c8c1fd381429"/>
                     <code code="50565-1" codeSystem="2.16.840.1.113883.6.1" displayName="OTC - KEEP OUT OF REACH OF CHILDREN SECTION"/>
                     <text>
                        <paragraph>
                           <content styleCode="bold">Keep out of reach of children.</content> In case of overdose, get medical help or contact a Poison Control Center right away. (1-800-222-1222)</paragraph>
                     </text>
                     <effectiveTime value="20180511"/>
                  </section>
               </component>
            </section>
         </component>
         <component>
            <section>
               <id root="86c00b0f-8c5c-4348-92d1-44c59c6eb477"/>
               <code code="34068-7" codeSystem="2.16.840.1.113883.6.1" displayName="DOSAGE &amp; ADMINISTRATION SECTION"/>
               <title>Directions</title>
               <text>
                  <list listType="unordered" styleCode="square">
                     <item>
                        <content styleCode="bold">do not take more than directed</content>
                     </item>
                     <item>
                        <content styleCode="bold">the smallest effective dose should be used</content>
                     </item>
                     <item>adults and children 12 years of age and over: 						<list listType="unordered" styleCode="square">
                           <item>take 1 caplet every 4 to 6 hours while symptoms persist. If symptoms do not respond to 1 caplet, 2 caplets may be used.</item>
                           <item>do not use more than 6 caplets in any 24-hour period unless directed by a doctor</item>
                        </list>
                     </item>
                     <item>children under 12 years of age: do not use</item>
                  </list>
               </text>
               <effectiveTime value="20180511"/>
            </section>
         </component>
         <component>
            <section>
               <id root="2b59bdf7-ea92-497c-a611-5f3b94a9d559"/>
               <code code="44425-7" codeSystem="2.16.840.1.113883.6.1" displayName="STORAGE AND HANDLING SECTION"/>
               <title>Other information</title>
               <text>
                  <list listType="unordered" styleCode="square">
                     <item>store at 20 - 25° C (68 - 77° F). Avoid excessive heat above 40° C (104° F).</item>
                     <item>read all warnings and directions before use. Keep carton.</item>
                  </list>
               </text>
               <effectiveTime value="20180511"/>
            </section>
         </component>
         <component>
            <section>
               <id root="9697c5dc-18b0-42cf-b95e-be9c2b464017"/>
               <code code="51727-6" codeSystem="2.16.840.1.113883.6.1" displayName="INACTIVE INGREDIENT SECTION"/>
               <title>Inactive ingredients</title>
               <text>
                  <paragraph>acacia, calcium carbonate, carnauba wax, confectioner's sugar, corn starch, croscarmellose sodium, crospovidone, FD&amp;C Blue no. 2 Aluminum Lake, FD&amp;C Red no. 40 Aluminum Lake, FD&amp;C Yellow no. 6 Aluminum Lake, gelatin, guar gum, hydrogenated vegetable oil, hydroxypropyl cellulose, iron oxide black, kaolin, polyethylene glycol, powdered cellulose, povidone, pregelatinized starch, propylene glycol, shellac, silicon dioxide, sodium benzoate, sucrose, talc, titanium dioxide, white wax</paragraph>
               </text>
               <effectiveTime value="20180511"/>
            </section>
         </component>
         <component>
            <section>
               <id root="d1f358f9-d2a1-45a6-a9e2-e58d8116a0f9"/>
               <code code="53413-1" codeSystem="2.16.840.1.113883.6.1" displayName="OTC - QUESTIONS SECTION"/>
               <title>Questions?</title>
               <text>
                  <paragraph>call <content styleCode="bold">1-800-406-7984</content>
                  </paragraph>
               </text>
               <effectiveTime value="20180511"/>
            </section>
         </component>
         <component>
            <section>
               <id root="30ed1e23-023c-4e34-ad50-c9d72ea31d2c"/>
               <code code="42229-5" codeSystem="2.16.840.1.113883.6.1" displayName="SPL UNCLASSIFIED SECTION"/>
               <text>
                  <paragraph>
                     <content styleCode="bold">Distributed By McKesson<br/>One Post Street, San Francisco, CA 94104</content>
                  </paragraph>
               </text>
               <effectiveTime value="20180511"/>
            </section>
         </component>
         <component>
            <section>
               <id root="2199b325-9f7a-4137-b5e5-40de636d66c3"/>
               <code code="51945-4" codeSystem="2.16.840.1.113883.6.1" displayName="PACKAGE LABEL.PRINCIPAL DISPLAY PANEL"/>
               <title>PRINCIPAL DISPLAY PANEL - 200 mg/30 mg Caplet Blister Pack Carton</title>
               <text>
                  <paragraph>
                     <content styleCode="bold">sunmark<sup>®</sup>
                     </content>
                  </paragraph>
                  <paragraph>
                     <content styleCode="bold">COMPARE TO ADVIL<sup>®</sup> COLD &amp; SINUS <br/>ACTIVE INGREDIENTS<sup>†</sup>
                        <br/>NDC 49348-097-47</content>
                  </paragraph>
                  <paragraph>
                     <content styleCode="bold">See New Warnings Information</content>
                  </paragraph>
                  <paragraph>
                     <content styleCode="bold">cold &amp; sinus relief</content>
                  </paragraph>
                  <paragraph>
                     <content styleCode="bold">Ibuprofen and Pseudoephedrine<br/> HCl Tablets, USP</content>
                  </paragraph>
                  <paragraph>
                     <content styleCode="bold">ibuprofen, USP 200 mg • pain reliever/fever reducer (NSAID)*<br/> pseudoephedrine HCl, USP 30 mg • nasal decongestant<br/>*nonsteroidal anti-inflammatory drug</content>
                  </paragraph>
                  <paragraph>
                     <content styleCode="bold">Relieves sinus pressure,<br/> nasal congestion and fever</content>
                  </paragraph>
                  <paragraph>
                     <content styleCode="bold">Non-Drowsy</content>
                  </paragraph>
                  <paragraph>
                     <content styleCode="bold">20 Coated Caplets **<br/> (**oval-shaped tablets)</content>
                  </paragraph>
                  <renderMultiMedia referencedObject="MM1"/>
               </text>
               <effectiveTime value="20180511"/>
               <component>
                  <observationMedia ID="MM1">
                     <text>PRINCIPAL DISPLAY PANEL - 200 mg/30 mg Caplet Blister Pack Carton</text>
                     <value xsi:type="ED" mediaType="image/jpeg">
                        <reference value="mckesson-01.jpg"/>
                     </value>
                  </observationMedia>
               </component>
            </section>
         </component>
      </structuredBody>
   </component>
</document>