<?xml version="1.0" encoding="UTF-8"?><?xml-stylesheet href="http://www.accessdata.fda.gov/spl/stylesheet/spl.xsl" type="text/xsl"?>
<document xmlns="urn:hl7-org:v3" xmlns:xsi="http://www.w3.org/2001/XMLSchema-instance" xsi:schemaLocation="urn:hl7-org:v3 https://www.accessdata.fda.gov/spl/schema/spl.xsd">
   <id root="16bd851e-4828-487f-95df-5f08fc841a3e"/>
   <code code="34390-5" displayName="HUMAN OTC DRUG LABEL" codeSystem="2.16.840.1.113883.6.1"/>
   <title>Select Brand 44-392-delisted</title>
   <effectiveTime value="20190423"/>
   <setId root="5ff2bfcc-174d-413a-bf3b-d7bd53048ea8"/>
   <versionNumber value="8"/>
   <author>
      <time/>
      <assignedEntity>
         <representedOrganization>
            <id extension="012578514" root="1.3.6.1.4.1.519.1"/>
            <name>L&amp;R Distributors, Inc.</name>
            <assignedEntity>
               <assignedOrganization>
                  <assignedEntity>
                     <assignedOrganization>
                        <id extension="038154464" root="1.3.6.1.4.1.519.1"/>
                        <name>LNK International, Inc.</name>
                     </assignedOrganization>
                     <performance>
                        <actDefinition>
                           <code code="C84731" displayName="PACK" codeSystem="2.16.840.1.113883.3.26.1.1"/>
                           <product>
                              <manufacturedProduct classCode="MANU">
                                 <manufacturedMaterialKind>
                                    <code code="15127-905" codeSystem="2.16.840.1.113883.6.69"/>
                                 </manufacturedMaterialKind>
                              </manufacturedProduct>
                           </product>
                        </actDefinition>
                     </performance>
                  </assignedEntity>
                  <assignedEntity>
                     <assignedOrganization>
                        <id extension="832867894" root="1.3.6.1.4.1.519.1"/>
                        <name>LNK International, Inc.</name>
                     </assignedOrganization>
                     <performance>
                        <actDefinition>
                           <code code="C43360" displayName="MANUFACTURE" codeSystem="2.16.840.1.113883.3.26.1.1"/>
                           <product>
                              <manufacturedProduct classCode="MANU">
                                 <manufacturedMaterialKind>
                                    <code code="15127-905" codeSystem="2.16.840.1.113883.6.69"/>
                                 </manufacturedMaterialKind>
                              </manufacturedProduct>
                           </product>
                        </actDefinition>
                     </performance>
                  </assignedEntity>
                  <assignedEntity>
                     <assignedOrganization>
                        <id extension="868734088" root="1.3.6.1.4.1.519.1"/>
                        <name>LNK International, Inc.</name>
                     </assignedOrganization>
                     <performance>
                        <actDefinition>
                           <code code="C84731" displayName="PACK" codeSystem="2.16.840.1.113883.3.26.1.1"/>
                           <product>
                              <manufacturedProduct classCode="MANU">
                                 <manufacturedMaterialKind>
                                    <code code="15127-905" codeSystem="2.16.840.1.113883.6.69"/>
                                 </manufacturedMaterialKind>
                              </manufacturedProduct>
                           </product>
                        </actDefinition>
                     </performance>
                  </assignedEntity>
                  <assignedEntity>
                     <assignedOrganization>
                        <id extension="967626305" root="1.3.6.1.4.1.519.1"/>
                        <name>LNK International, Inc.</name>
                     </assignedOrganization>
                     <performance>
                        <actDefinition>
                           <code code="C84731" displayName="PACK" codeSystem="2.16.840.1.113883.3.26.1.1"/>
                           <product>
                              <manufacturedProduct classCode="MANU">
                                 <manufacturedMaterialKind>
                                    <code code="15127-905" codeSystem="2.16.840.1.113883.6.69"/>
                                 </manufacturedMaterialKind>
                              </manufacturedProduct>
                           </product>
                        </actDefinition>
                     </performance>
                  </assignedEntity>
                  <assignedEntity>
                     <assignedOrganization>
                        <id extension="832867837" root="1.3.6.1.4.1.519.1"/>
                        <name>LNK International, Inc.</name>
                     </assignedOrganization>
                     <performance>
                        <actDefinition>
                           <code code="C84731" displayName="PACK" codeSystem="2.16.840.1.113883.3.26.1.1"/>
                           <product>
                              <manufacturedProduct classCode="MANU">
                                 <manufacturedMaterialKind>
                                    <code code="15127-905" codeSystem="2.16.840.1.113883.6.69"/>
                                 </manufacturedMaterialKind>
                              </manufacturedProduct>
                           </product>
                        </actDefinition>
                     </performance>
                  </assignedEntity>
               </assignedOrganization>
            </assignedEntity>
         </representedOrganization>
      </assignedEntity>
   </author>
   <component>
      <structuredBody>
         <component>
            <section>
               <id root="de66bb6e-0d0a-4b37-9ded-9e04934ae68d"/>
               <code code="48780-1" displayName="SPL LISTING DATA ELEMENTS SECTION" codeSystem="2.16.840.1.113883.6.1"/>
               <effectiveTime value="20190423"/>
               <subject>
                  <manufacturedProduct>
                     <manufacturedProduct>
                        <code code="15127-905" codeSystem="2.16.840.1.113883.6.69"/>
                        <name>Ibuprofen</name>
                        <formCode code="C42931" displayName="TABLET, FILM COATED" codeSystem="2.16.840.1.113883.3.26.1.1"/>
                        <asEntityWithGeneric>
                           <genericMedicine>
                              <name>Ibuprofen</name>
                           </genericMedicine>
                        </asEntityWithGeneric>
                        <ingredient classCode="ACTIB">
                           <quantity>
                              <numerator unit="mg" value="200"/>
                              <denominator unit="1" value="1"/>
                           </quantity>
                           <ingredientSubstance>
                              <code code="WK2XYI10QM" codeSystem="2.16.840.1.113883.4.9"/>
                              <name>IBUPROFEN</name>
                              <activeMoiety>
                                 <activeMoiety>
                                    <code code="WK2XYI10QM" codeSystem="2.16.840.1.113883.4.9"/>
                                    <name>IBUPROFEN</name>
                                 </activeMoiety>
                              </activeMoiety>
                           </ingredientSubstance>
                        </ingredient>
                        <ingredient classCode="IACT">
                           <ingredientSubstance>
                              <code code="R12CBM0EIZ" codeSystem="2.16.840.1.113883.4.9"/>
                              <name>CARNAUBA WAX</name>
                           </ingredientSubstance>
                        </ingredient>
                        <ingredient classCode="IACT">
                           <ingredientSubstance>
                              <code code="H77VEI93A8" codeSystem="2.16.840.1.113883.4.9"/>
                              <name>FD&amp;C YELLOW NO. 6</name>
                           </ingredientSubstance>
                        </ingredient>
                        <ingredient classCode="IACT">
                           <ingredientSubstance>
                              <code code="3NXW29V3WO" codeSystem="2.16.840.1.113883.4.9"/>
                              <name>HYPROMELLOSES</name>
                           </ingredientSubstance>
                        </ingredient>
                        <ingredient classCode="IACT">
                           <ingredientSubstance>
                              <code code="3SY5LH9PMK" codeSystem="2.16.840.1.113883.4.9"/>
                              <name>ANHYDROUS LACTOSE</name>
                           </ingredientSubstance>
                        </ingredient>
                        <ingredient classCode="IACT">
                           <ingredientSubstance>
                              <code code="70097M6I30" codeSystem="2.16.840.1.113883.4.9"/>
                              <name>MAGNESIUM STEARATE</name>
                           </ingredientSubstance>
                        </ingredient>
                        <ingredient classCode="IACT">
                           <ingredientSubstance>
                              <code code="VH2XOU12IE" codeSystem="2.16.840.1.113883.4.9"/>
                              <name>POLYDEXTROSE</name>
                           </ingredientSubstance>
                        </ingredient>
                        <ingredient classCode="IACT">
                           <ingredientSubstance>
                              <code code="3WJQ0SDW1A" codeSystem="2.16.840.1.113883.4.9"/>
                              <name>POLYETHYLENE GLYCOL, UNSPECIFIED</name>
                           </ingredientSubstance>
                        </ingredient>
                        <ingredient classCode="IACT">
                           <ingredientSubstance>
                              <code code="4ELV7Z65AP" codeSystem="2.16.840.1.113883.4.9"/>
                              <name>STEARIC ACID</name>
                           </ingredientSubstance>
                        </ingredient>
                        <ingredient classCode="IACT">
                           <ingredientSubstance>
                              <code code="15FIX9V2JP" codeSystem="2.16.840.1.113883.4.9"/>
                              <name>TITANIUM DIOXIDE</name>
                           </ingredientSubstance>
                        </ingredient>
                        <ingredient classCode="IACT">
                           <ingredientSubstance>
                              <code code="O8232NY3SJ" codeSystem="2.16.840.1.113883.4.9"/>
                              <name>STARCH, CORN</name>
                           </ingredientSubstance>
                        </ingredient>
                        <ingredient classCode="IACT">
                           <ingredientSubstance>
                              <code code="ETJ7Z6XBU4" codeSystem="2.16.840.1.113883.4.9"/>
                              <name>SILICON DIOXIDE</name>
                           </ingredientSubstance>
                        </ingredient>
                        <ingredient classCode="IACT">
                           <ingredientSubstance>
                              <code code="OP1R32D61U" codeSystem="2.16.840.1.113883.4.9"/>
                              <name>CELLULOSE, MICROCRYSTALLINE</name>
                           </ingredientSubstance>
                        </ingredient>
                        <ingredient classCode="IACT">
                           <ingredientSubstance>
                              <code code="5856J3G2A2" codeSystem="2.16.840.1.113883.4.9"/>
                              <name>SODIUM STARCH GLYCOLATE TYPE A POTATO</name>
                           </ingredientSubstance>
                        </ingredient>
                        <asContent>
                           <quantity>
                              <numerator unit="1" value="50"/>
                              <denominator value="1"/>
                           </quantity>
                           <containerPackagedProduct>
                              <code/>
                              <formCode code="C43169" displayName="BOTTLE" codeSystem="2.16.840.1.113883.3.26.1.1"/>
                              <asContent>
                                 <quantity>
                                    <numerator unit="1" value="1"/>
                                    <denominator value="1"/>
                                 </quantity>
                                 <containerPackagedProduct>
                                    <code code="15127-905-50" codeSystem="2.16.840.1.113883.6.69"/>
                                    <formCode code="C43182" displayName="CARTON" codeSystem="2.16.840.1.113883.3.26.1.1"/>
                                 </containerPackagedProduct>
                                 <subjectOf>
                                    <marketingAct>
                                       <code code="C53292" codeSystem="2.16.840.1.113883.3.26.1.1"/>
                                       <statusCode code="completed"/>
                                       <effectiveTime>
                                          <low value="20020330"/>
                                          <high value="20210910"/>
                                       </effectiveTime>
                                    </marketingAct>
                                 </subjectOf>
                              </asContent>
                           </containerPackagedProduct>
                           <subjectOf>
                              <characteristic>
                                 <code code="SPLCMBPRDTP" codeSystem="2.16.840.1.113883.1.11.19255"/>
                                 <value code="C112160" displayName="Type 0: Not a Combination Product" codeSystem="2.16.840.1.113883.3.26.1.1" xsi:type="CV"/>
                              </characteristic>
                           </subjectOf>
                        </asContent>
                     </manufacturedProduct>
                     <subjectOf>
                        <approval>
                           <id extension="ANDA075139" root="2.16.840.1.113883.3.150"/>
                           <code code="C73584" displayName="ANDA" codeSystem="2.16.840.1.113883.3.26.1.1"/>
                           <author>
                              <territorialAuthority>
                                 <territory>
                                    <code code="USA" codeSystem="2.16.840.1.113883.5.28"/>
                                 </territory>
                              </territorialAuthority>
                           </author>
                        </approval>
                     </subjectOf>
                     <subjectOf>
                        <marketingAct>
                           <code code="C53292" codeSystem="2.16.840.1.113883.3.26.1.1"/>
                           <statusCode code="completed"/>
                           <effectiveTime>
                              <low value="20020330"/>
                              <high value="20210910"/>
                           </effectiveTime>
                        </marketingAct>
                     </subjectOf>
                     <subjectOf>
                        <characteristic classCode="OBS">
                           <code code="SPLCOLOR" codeSystem="2.16.840.1.113883.1.11.19255"/>
                           <value code="C48331" displayName="ORANGE" codeSystem="2.16.840.1.113883.3.26.1.1" xsi:type="CV"/>
                        </characteristic>
                     </subjectOf>
                     <subjectOf>
                        <characteristic classCode="OBS">
                           <code code="SPLIMPRINT" codeSystem="2.16.840.1.113883.1.11.19255"/>
                           <value xsi:type="ST">44;392</value>
                        </characteristic>
                     </subjectOf>
                     <subjectOf>
                        <characteristic classCode="OBS">
                           <code code="SPLSCORE" codeSystem="2.16.840.1.113883.1.11.19255"/>
                           <value value="1" xsi:type="INT"/>
                        </characteristic>
                     </subjectOf>
                     <subjectOf>
                        <characteristic classCode="OBS">
                           <code code="SPLSHAPE" codeSystem="2.16.840.1.113883.1.11.19255"/>
                           <value code="C48348" displayName="ROUND" codeSystem="2.16.840.1.113883.3.26.1.1" xsi:type="CV"/>
                        </characteristic>
                     </subjectOf>
                     <subjectOf>
                        <characteristic classCode="OBS">
                           <code code="SPLSIZE" codeSystem="2.16.840.1.113883.1.11.19255"/>
                           <value unit="mm" value="10" xsi:type="PQ"/>
                        </characteristic>
                     </subjectOf>
                     <consumedIn>
                        <substanceAdministration>
                           <routeCode code="C38288" displayName="ORAL" codeSystem="2.16.840.1.113883.3.26.1.1"/>
                        </substanceAdministration>
                     </consumedIn>
                  </manufacturedProduct>
               </subject>
            </section>
         </component>
         <component>
            <section ID="LINK_17a6b36e-71ea-4a0e-9dde-6caf43aedb25">
               <id root="b5b4f14d-f732-49b8-9db6-97d2d4139082"/>
               <code code="55106-9" codeSystem="2.16.840.1.113883.6.1" displayName="OTC - ACTIVE INGREDIENT SECTION"/>
               <title>
                  <content styleCode="bold">
                     <content styleCode="italics">Active ingredient (in each orange tablet)</content>
                  </content>
               </title>
               <text>
                  <paragraph>Ibuprofen USP, <br/>200 mg (NSAID)*<br/>*nonsteroidal anti-inflammatory drug</paragraph>
               </text>
               <effectiveTime value="20190423"/>
            </section>
         </component>
         <component>
            <section ID="LINK_91f941aa-6d5d-4220-92bd-78942fc74504">
               <id root="7bfb3af1-bc57-4362-8da2-bd38ffa6a69e"/>
               <code code="55105-1" codeSystem="2.16.840.1.113883.6.1" displayName="OTC - PURPOSE SECTION"/>
               <title>
                  <content styleCode="bold">
                     <content styleCode="italics">Purpose</content>
                  </content>
               </title>
               <text>
                  <paragraph>Pain reliever/fever reducer</paragraph>
               </text>
               <effectiveTime value="20190423"/>
            </section>
         </component>
         <component>
            <section ID="LINK_7848b84f-e4f9-4707-8e22-87018ccb601f">
               <id root="83433749-4475-48b4-b9d7-442cf02f4bb6"/>
               <code code="34067-9" codeSystem="2.16.840.1.113883.6.1" displayName="INDICATIONS &amp; USAGE SECTION"/>
               <title>
                  <content styleCode="bold">
                     <content styleCode="italics">Uses</content>
                  </content>
               </title>
               <text>
                  <list listType="unordered" styleCode="Square">
                     <item>temporarily relieves minor aches and pains due to:<list listType="unordered" styleCode="Square">
                           <item>menstrual cramps </item>
                           <item>toothache</item>
                           <item>the common cold</item>
                           <item>backache</item>
                           <item>headache</item>
                           <item>muscular aches<br/>
                           </item>
                           <item>minor pain of arthritis</item>
                        </list>
                     </item>
                     <item>temporarily reduces fever</item>
                  </list>
               </text>
               <effectiveTime value="20190423"/>
            </section>
         </component>
         <component>
            <section ID="LINK_9c4ac39e-4231-4bf3-8c45-ce6c7490149b">
               <id root="64d44ad1-344c-48ae-9d4b-d1b13f1a5bbc"/>
               <code code="34071-1" codeSystem="2.16.840.1.113883.6.1" displayName="WARNINGS SECTION"/>
               <title>
                  <content styleCode="bold">
                     <content styleCode="italics">Warnings</content>
                  </content>
               </title>
               <text>
                  <paragraph>
                     <content styleCode="bold">Allergy alert: </content>Ibuprofen may cause a severe allergic reaction, especially in people allergic to aspirin. Symptoms may include:</paragraph>
                  <list listType="unordered" styleCode="Square">
                     <item>skin reddening</item>
                     <item>asthma (wheezing)</item>
                     <item>rash</item>
                     <item>facial swelling<br/>
                     </item>
                     <item>shock</item>
                     <item>blisters</item>
                     <item>hives</item>
                  </list>
                  <paragraph>If an allergic reaction occurs, stop use and seek medical help right away.</paragraph>
                  <paragraph>
                     <content styleCode="bold">Stomach bleeding warning: </content>This product contains an NSAID, which may cause severe stomach bleeding. The chance is higher if you:</paragraph>
                  <list listType="unordered" styleCode="Square">
                     <item>take more or for a longer time than directed</item>
                     <item>take a blood thinning (anticoagulant) or steroid drug</item>
                     <item>are age 60 or older</item>
                     <item>take other drugs containing prescription or nonprescription NSAIDs [aspirin, ibuprofen, naproxen, or others] </item>
                     <item>have had stomach ulcers or bleeding problems</item>
                     <item>have 3 or more alcoholic drinks every day while using this product</item>
                  </list>
                  <paragraph>
                     <content styleCode="bold">Heart attack and stroke warning: </content>NSAIDs, except aspirin, increase the risk of heart attack, heart failure, and stroke. These can be fatal. The risk is higher if you use more than directed or for longer than directed.<br/>
                  </paragraph>
               </text>
               <effectiveTime value="20190423"/>
               <component>
                  <section ID="LINK_451394a0-9091-4c78-b2e2-467bd3183916">
                     <id root="71e200e6-293d-4f70-a49e-bc74b9803965"/>
                     <code code="50570-1" codeSystem="2.16.840.1.113883.6.1" displayName="OTC - DO NOT USE SECTION"/>
                     <title>
                        <content styleCode="bold">Do not use</content>
                     </title>
                     <text>
                        <list listType="unordered" styleCode="Disk">
                           <item>right before or after heart surgery</item>
                           <item>if you have ever had an allergic reaction to any other pain reliever/fever reducer</item>
                        </list>
                     </text>
                     <effectiveTime value="20190423"/>
                  </section>
               </component>
               <component>
                  <section ID="LINK_09912f32-1d40-4f78-8dcd-2c3adfadbefb">
                     <id root="ea8d04c0-a34c-40ed-8eb7-a74ce4519174"/>
                     <code code="50569-3" codeSystem="2.16.840.1.113883.6.1" displayName="OTC - ASK DOCTOR SECTION"/>
                     <title>
                        <content styleCode="bold">Ask a doctor before use if</content>
                     </title>
                     <text>
                        <list listType="unordered" styleCode="Disk">
                           <item>you have a history of stomach problems, such as heartburn </item>
                           <item>you are taking a diuretic</item>
                           <item>you have high blood pressure, heart disease, liver cirrhosis, kidney disease, asthma, or had a stroke<br/>
                           </item>
                           <item>stomach bleeding warning applies to you</item>
                           <item>you have problems or serious side effects from taking pain relievers or fever reducers</item>
                        </list>
                     </text>
                     <effectiveTime value="20190423"/>
                  </section>
               </component>
               <component>
                  <section ID="LINK_1f7982ad-019c-4acb-9b82-55d1f516bf34">
                     <id root="6ce408a1-64ba-4848-acd2-5f9d37ce4bd5"/>
                     <code code="50568-5" codeSystem="2.16.840.1.113883.6.1" displayName="OTC - ASK DOCTOR/PHARMACIST SECTION"/>
                     <title>
                        <content styleCode="bold">Ask a doctor or pharmacist before use if you are</content>
                     </title>
                     <text>
                        <list listType="unordered" styleCode="Square">
                           <item>under a doctor's care for any serious condition</item>
                           <item>taking aspirin for heart attack or stroke, because ibuprofen may decrease this benefit of aspirin</item>
                           <item>taking any other drug</item>
                        </list>
                     </text>
                     <effectiveTime value="20190423"/>
                  </section>
               </component>
               <component>
                  <section ID="LINK_631c7653-85d7-451e-be4f-74ddbd0fccd5">
                     <id root="0ba34cb3-954e-4c50-88bd-eb654e2fa32d"/>
                     <code code="50567-7" codeSystem="2.16.840.1.113883.6.1" displayName="OTC - WHEN USING SECTION"/>
                     <title>
                        <content styleCode="bold">When using this product</content>
                     </title>
                     <text>
                        <list listType="unordered" styleCode="Square">
                           <item>take with food or milk if stomach upset occurs</item>
                        </list>
                     </text>
                     <effectiveTime value="20190423"/>
                  </section>
               </component>
               <component>
                  <section ID="LINK_59f8ebe5-1440-4e34-9557-7ee9e4d4f608">
                     <id root="4bcb1bc1-5ce6-49fc-ae1b-0f45ca69c9d5"/>
                     <code code="50566-9" codeSystem="2.16.840.1.113883.6.1" displayName="OTC - STOP USE SECTION"/>
                     <title>
                        <content styleCode="bold">Stop use and ask a doctor if</content>
                     </title>
                     <text>
                        <list listType="unordered" styleCode="Disk">
                           <item>you experience any of the following signs of stomach bleeding:<list listType="unordered" styleCode="Square">
                                 <item>feel faint</item>
                                 <item>vomit blood</item>
                                 <item>have bloody or black stools</item>
                                 <item>have stomach pain that does not get better</item>
                              </list>
                           </item>
                           <item>you have symptoms of heart problems or stroke<list listType="unordered" styleCode="Square">
                                 <item>chest pain</item>
                                 <item>trouble breathing</item>
                                 <item>leg swelling</item>
                                 <item>slurred speech</item>
                                 <item>weakness in one part or side of body<br/>
                                 </item>
                              </list>
                           </item>
                           <item>pain gets worse or lasts more than 10 days</item>
                           <item>fever gets worse or lasts more than 3 days</item>
                           <item>redness or swelling is present in the painful area</item>
                           <item>any new symptoms appear<br/>
                           </item>
                        </list>
                     </text>
                     <effectiveTime value="20190423"/>
                  </section>
               </component>
               <component>
                  <section ID="LINK_77fe9d22-6018-4039-942c-3af8eef8fb4a">
                     <id root="589b30fb-9797-4709-adaf-7f225f312262"/>
                     <code code="53414-9" codeSystem="2.16.840.1.113883.6.1" displayName="OTC - PREGNANCY OR BREAST FEEDING SECTION"/>
                     <title>
                        <content styleCode="bold">If pregnant or breast-feeding,</content>
                     </title>
                     <text>
                        <paragraph>ask a health professional before use. It is especially important not to use ibuprofen during the last 3 months of pregnancy unless definitely directed to do so by a doctor because it may cause problems in the unborn child or complications during delivery.</paragraph>
                     </text>
                     <effectiveTime value="20190423"/>
                  </section>
               </component>
               <component>
                  <section ID="LINK_b48cf9f8-a4f1-4e18-ae99-c52571a9fa1a">
                     <id root="4f5129c2-12c3-4fa0-b9df-1dd9246fc851"/>
                     <code code="50565-1" codeSystem="2.16.840.1.113883.6.1" displayName="OTC - KEEP OUT OF REACH OF CHILDREN SECTION"/>
                     <title>
                        <content styleCode="bold">Keep out of reach of children.</content>
                     </title>
                     <text>
                        <paragraph> In case of overdose, get medical help or contact a Poison Control Center (1-800-222-1222) right away.</paragraph>
                     </text>
                     <effectiveTime value="20190423"/>
                  </section>
               </component>
            </section>
         </component>
         <component>
            <section ID="LINK_1e4b092c-da50-4e54-bdc7-16adeec0e062">
               <id root="030816e6-e84a-480f-bec8-4c86ee12f537"/>
               <code code="34068-7" codeSystem="2.16.840.1.113883.6.1" displayName="DOSAGE &amp; ADMINISTRATION SECTION"/>
               <title>
                  <content styleCode="bold">
                     <content styleCode="italics">Directions</content>
                  </content>
               </title>
               <text>
                  <list listType="unordered" styleCode="Disk">
                     <item>
                        <content styleCode="bold">do not take more than directed</content>
                     </item>
                     <item>
                        <content styleCode="bold">the smallest effective dose should be used</content>
                     </item>
                     <item>adults and children 12 years and over: take 1 tablet every 4 to 6 hours while symptoms persist<list listType="unordered" styleCode="Square">
                           <item>if pain or fever does not respond to 1 tablet, 2 tablets may be used</item>
                           <item>do not exceed 6 tablets in 24 hours, unless directed by a doctor</item>
                        </list>
                     </item>
                     <item>children under 12 years: ask a doctor</item>
                  </list>
               </text>
               <effectiveTime value="20190423"/>
            </section>
         </component>
         <component>
            <section ID="LINK_22c651f6-66bd-4a4b-af51-3ca97890fded">
               <id root="dbcba829-770c-4bbb-820c-183974fb3bd9"/>
               <code code="44425-7" codeSystem="2.16.840.1.113883.6.1" displayName="STORAGE AND HANDLING SECTION"/>
               <title>
                  <content styleCode="bold">
                     <content styleCode="italics">Other information</content>
                  </content>
               </title>
               <text>
                  <list listType="unordered" styleCode="Square">
                     <item>store between 20º-25ºC (68º-77ºF)</item>
                     <item>avoid excessive heat 40ºC (104ºF)</item>
                     <item>see end flap for expiration date and lot number<br/>
                     </item>
                  </list>
               </text>
               <effectiveTime value="20190423"/>
            </section>
         </component>
         <component>
            <section ID="LINK_7f317455-a7ed-4cf3-8a9f-f4f6ee2ce1b9">
               <id root="164a39c6-c810-4deb-a907-0636aa07a288"/>
               <code code="51727-6" codeSystem="2.16.840.1.113883.6.1" displayName="INACTIVE INGREDIENT SECTION"/>
               <title>
                  <content styleCode="bold">
                     <content styleCode="italics">Inactive ingredients</content>
                  </content>
               </title>
               <text>
                  <paragraph>carnauba wax, colloidal silicon dioxide, corn starch, FD&amp;C yellow #6 aluminum lake, hypromellose, lactose anhydrous, magnesium stearate, microcrystalline cellulose, polydextrose, polyethylene glycol, sodium starch glycolate, stearic acid, titanium dioxide</paragraph>
               </text>
               <effectiveTime value="20190423"/>
            </section>
         </component>
         <component>
            <section ID="LINK_6493f368-903f-42f4-a233-e51c1e552e86">
               <id root="db589eeb-d4aa-48ce-be4e-d094e22cad81"/>
               <code code="53413-1" codeSystem="2.16.840.1.113883.6.1" displayName="OTC - QUESTIONS SECTION"/>
               <title>
                  <content styleCode="bold">
                     <content styleCode="italics">Questions or comments?</content>
                  </content>
               </title>
               <text>
                  <paragraph> <content styleCode="bold">Call 1-800-426-9391 </content>8:30 AM-4:00 PM ET, Monday-Friday</paragraph>
               </text>
               <effectiveTime value="20190423"/>
            </section>
         </component>
         <component>
            <section ID="LINK_3775e10f-5313-4821-bf0b-15f39ec8bd36">
               <id root="5a74042b-55b7-48ed-9201-c74d7db2ee4b"/>
               <code code="51945-4" codeSystem="2.16.840.1.113883.6.1" displayName="PACKAGE LABEL.PRINCIPAL DISPLAY PANEL"/>
               <title>
                  <content styleCode="bold">
                     <content styleCode="italics">Principal Display Panel</content>
                  </content>
               </title>
               <text>
                  <paragraph>
                     <content styleCode="bold">select brand<sub>®</sub>
                        <br/>the lower price name brand</content>
                  </paragraph>
                  <paragraph>
                     <content styleCode="bold">NDC 15127-905-50</content>
                  </paragraph>
                  <paragraph>
                     <content styleCode="bold">IBUPROFEN<br/>
                     </content>IBUPROFEN TABLETS USP, 200 mg <content styleCode="bold">(NSAID)</content>
                     <br/>PAIN RELIEVER / FEVER REDUCER</paragraph>
                  <paragraph>
                     <content styleCode="bold">
                        <sup>†</sup>Compare to the Active Ingredient of Motrin<sup>®</sup> IB</content>
                  </paragraph>
                  <paragraph>
                     <content styleCode="bold">50 </content>Film Coated Orange Tablets</paragraph>
                  <paragraph>
                     <content styleCode="bold">TAMPER EVIDENT: DO NOT USE IF IMPRINTED SAFETY<br/>SEAL UNDER CAP IS BROKEN OR MISSING</content>
                  </paragraph>
                  <paragraph>
                     <sup>†</sup>This product is not manufactured or distributed by Johnson &amp; Johnson Corporation, owner of the registered trademark Motrin<sup>®</sup> IB.<br/>50844            REV1116C39215</paragraph>
                  <paragraph>Distributed by:<br/>
                     <content styleCode="bold">SELECT BRAND<sup>®</sup> DISTRIBUTORS<br/>
                     </content>Pine Bluff, AR 71603 USA<br/>AC (870) 535-3635</paragraph>
                  <paragraph>SATISFACTION<br/>GUARANTEED<br/>
                     <content styleCode="bold">select<br/>brand<sub>®</sub>
                     </content>
                  </paragraph>
                  <renderMultiMedia referencedObject="MM1">
                     <caption>Select Brand 44-392</caption>
                  </renderMultiMedia>
               </text>
               <effectiveTime value="20190423"/>
               <component>
                  <observationMedia ID="MM1">
                     <text>Select Brand 44-392</text>
                     <value xsi:type="ED" mediaType="image/jpeg">
                        <reference value="select-brand-44-392-delisted-1.jpg"/>
                     </value>
                  </observationMedia>
               </component>
            </section>
         </component>
      </structuredBody>
   </component>
</document>