<?xml version="1.0" encoding="UTF-8"?><?xml-stylesheet href="https://www.accessdata.fda.gov/spl/stylesheet/spl.xsl" type="text/xsl"?>
<document xmlns="urn:hl7-org:v3" xmlns:xsi="http://www.w3.org/2001/XMLSchema-instance" xsi:schemaLocation="urn:hl7-org:v3 https://www.accessdata.fda.gov/spl/schema/spl.xsd">
   <id root="1854c737-c1bc-47ae-8c09-131ef3ea883f"/>
   <code code="34390-5" displayName="HUMAN OTC DRUG LABEL" codeSystem="2.16.840.1.113883.6.1"/>
   <title>HEB 44-393</title>
   <effectiveTime value="20200327"/>
   <setId root="88c7486b-f9a7-4856-a25a-7c06e1382f1a"/>
   <versionNumber value="8"/>
   <author>
      <time/>
      <assignedEntity>
         <representedOrganization>
            <id extension="007924756" root="1.3.6.1.4.1.519.1"/>
            <name>H E B</name>
            <assignedEntity>
               <assignedOrganization>
                  <assignedEntity>
                     <assignedOrganization>
                        <id extension="038154464" root="1.3.6.1.4.1.519.1"/>
                        <name>LNK International, Inc.</name>
                     </assignedOrganization>
                     <performance>
                        <actDefinition>
                           <code code="C84731" displayName="PACK" codeSystem="2.16.840.1.113883.3.26.1.1"/>
                           <product>
                              <manufacturedProduct classCode="MANU">
                                 <manufacturedMaterialKind>
                                    <code code="37808-393" codeSystem="2.16.840.1.113883.6.69"/>
                                 </manufacturedMaterialKind>
                              </manufacturedProduct>
                           </product>
                        </actDefinition>
                     </performance>
                  </assignedEntity>
                  <assignedEntity>
                     <assignedOrganization>
                        <id extension="832867894" root="1.3.6.1.4.1.519.1"/>
                        <name>LNK International, Inc.</name>
                     </assignedOrganization>
                     <performance>
                        <actDefinition>
                           <code code="C43360" displayName="MANUFACTURE" codeSystem="2.16.840.1.113883.3.26.1.1"/>
                           <product>
                              <manufacturedProduct classCode="MANU">
                                 <manufacturedMaterialKind>
                                    <code code="37808-393" codeSystem="2.16.840.1.113883.6.69"/>
                                 </manufacturedMaterialKind>
                              </manufacturedProduct>
                           </product>
                        </actDefinition>
                     </performance>
                  </assignedEntity>
                  <assignedEntity>
                     <assignedOrganization>
                        <id extension="967626305" root="1.3.6.1.4.1.519.1"/>
                        <name>LNK International, Inc.</name>
                     </assignedOrganization>
                     <performance>
                        <actDefinition>
                           <code code="C84731" displayName="PACK" codeSystem="2.16.840.1.113883.3.26.1.1"/>
                           <product>
                              <manufacturedProduct classCode="MANU">
                                 <manufacturedMaterialKind>
                                    <code code="37808-393" codeSystem="2.16.840.1.113883.6.69"/>
                                 </manufacturedMaterialKind>
                              </manufacturedProduct>
                           </product>
                        </actDefinition>
                     </performance>
                  </assignedEntity>
                  <assignedEntity>
                     <assignedOrganization>
                        <id extension="832867837" root="1.3.6.1.4.1.519.1"/>
                        <name>LNK International, Inc.</name>
                     </assignedOrganization>
                     <performance>
                        <actDefinition>
                           <code code="C84731" displayName="PACK" codeSystem="2.16.840.1.113883.3.26.1.1"/>
                           <product>
                              <manufacturedProduct classCode="MANU">
                                 <manufacturedMaterialKind>
                                    <code code="37808-393" codeSystem="2.16.840.1.113883.6.69"/>
                                 </manufacturedMaterialKind>
                              </manufacturedProduct>
                           </product>
                        </actDefinition>
                     </performance>
                  </assignedEntity>
                  <assignedEntity>
                     <assignedOrganization>
                        <id extension="868734088" root="1.3.6.1.4.1.519.1"/>
                        <name>LNK International, Inc.</name>
                     </assignedOrganization>
                     <performance>
                        <actDefinition>
                           <code code="C84731" displayName="PACK" codeSystem="2.16.840.1.113883.3.26.1.1"/>
                           <product>
                              <manufacturedProduct classCode="MANU">
                                 <manufacturedMaterialKind>
                                    <code code="37808-393" codeSystem="2.16.840.1.113883.6.69"/>
                                 </manufacturedMaterialKind>
                              </manufacturedProduct>
                           </product>
                        </actDefinition>
                     </performance>
                  </assignedEntity>
               </assignedOrganization>
            </assignedEntity>
         </representedOrganization>
      </assignedEntity>
   </author>
   <component>
      <structuredBody>
         <component>
            <section>
               <id root="fe74c4ce-aba9-4d36-82e6-9ac4ac2c797c"/>
               <code code="48780-1" displayName="SPL LISTING DATA ELEMENTS SECTION" codeSystem="2.16.840.1.113883.6.1"/>
               <effectiveTime value="20200327"/>
               <subject>
                  <manufacturedProduct>
                     <manufacturedProduct>
                        <code code="37808-393" codeSystem="2.16.840.1.113883.6.69"/>
                        <name>Ibuprofen</name>
                        <formCode code="C42931" displayName="TABLET, FILM COATED" codeSystem="2.16.840.1.113883.3.26.1.1"/>
                        <asEntityWithGeneric>
                           <genericMedicine>
                              <name>Ibuprofen</name>
                           </genericMedicine>
                        </asEntityWithGeneric>
                        <ingredient classCode="ACTIB">
                           <quantity>
                              <numerator unit="mg" value="200"/>
                              <denominator unit="1" value="1"/>
                           </quantity>
                           <ingredientSubstance>
                              <code code="WK2XYI10QM" codeSystem="2.16.840.1.113883.4.9"/>
                              <name>IBUPROFEN</name>
                              <activeMoiety>
                                 <activeMoiety>
                                    <code code="WK2XYI10QM" codeSystem="2.16.840.1.113883.4.9"/>
                                    <name>IBUPROFEN</name>
                                 </activeMoiety>
                              </activeMoiety>
                           </ingredientSubstance>
                        </ingredient>
                        <ingredient classCode="IACT">
                           <ingredientSubstance>
                              <code code="R12CBM0EIZ" codeSystem="2.16.840.1.113883.4.9"/>
                              <name>CARNAUBA WAX</name>
                           </ingredientSubstance>
                        </ingredient>
                        <ingredient classCode="IACT">
                           <ingredientSubstance>
                              <code code="H77VEI93A8" codeSystem="2.16.840.1.113883.4.9"/>
                              <name>FD&amp;C YELLOW NO. 6</name>
                           </ingredientSubstance>
                        </ingredient>
                        <ingredient classCode="IACT">
                           <ingredientSubstance>
                              <code code="3NXW29V3WO" codeSystem="2.16.840.1.113883.4.9"/>
                              <name>HYPROMELLOSE, UNSPECIFIED</name>
                           </ingredientSubstance>
                        </ingredient>
                        <ingredient classCode="IACT">
                           <ingredientSubstance>
                              <code code="70097M6I30" codeSystem="2.16.840.1.113883.4.9"/>
                              <name>MAGNESIUM STEARATE</name>
                           </ingredientSubstance>
                        </ingredient>
                        <ingredient classCode="IACT">
                           <ingredientSubstance>
                              <code code="VH2XOU12IE" codeSystem="2.16.840.1.113883.4.9"/>
                              <name>POLYDEXTROSE</name>
                           </ingredientSubstance>
                        </ingredient>
                        <ingredient classCode="IACT">
                           <ingredientSubstance>
                              <code code="4ELV7Z65AP" codeSystem="2.16.840.1.113883.4.9"/>
                              <name>STEARIC ACID</name>
                           </ingredientSubstance>
                        </ingredient>
                        <ingredient classCode="IACT">
                           <ingredientSubstance>
                              <code code="15FIX9V2JP" codeSystem="2.16.840.1.113883.4.9"/>
                              <name>TITANIUM DIOXIDE</name>
                           </ingredientSubstance>
                        </ingredient>
                        <ingredient classCode="IACT">
                           <ingredientSubstance>
                              <code code="O8232NY3SJ" codeSystem="2.16.840.1.113883.4.9"/>
                              <name>STARCH, CORN</name>
                           </ingredientSubstance>
                        </ingredient>
                        <ingredient classCode="IACT">
                           <ingredientSubstance>
                              <code code="3SY5LH9PMK" codeSystem="2.16.840.1.113883.4.9"/>
                              <name>ANHYDROUS LACTOSE</name>
                           </ingredientSubstance>
                        </ingredient>
                        <ingredient classCode="IACT">
                           <ingredientSubstance>
                              <code code="ETJ7Z6XBU4" codeSystem="2.16.840.1.113883.4.9"/>
                              <name>SILICON DIOXIDE</name>
                           </ingredientSubstance>
                        </ingredient>
                        <ingredient classCode="IACT">
                           <ingredientSubstance>
                              <code code="OP1R32D61U" codeSystem="2.16.840.1.113883.4.9"/>
                              <name>MICROCRYSTALLINE CELLULOSE</name>
                           </ingredientSubstance>
                        </ingredient>
                        <ingredient classCode="IACT">
                           <ingredientSubstance>
                              <code code="3WJQ0SDW1A" codeSystem="2.16.840.1.113883.4.9"/>
                              <name>POLYETHYLENE GLYCOL, UNSPECIFIED</name>
                           </ingredientSubstance>
                        </ingredient>
                        <ingredient classCode="IACT">
                           <ingredientSubstance>
                              <code code="5856J3G2A2" codeSystem="2.16.840.1.113883.4.9"/>
                              <name>SODIUM STARCH GLYCOLATE TYPE A POTATO</name>
                           </ingredientSubstance>
                        </ingredient>
                        <asContent>
                           <quantity>
                              <numerator unit="1" value="100"/>
                              <denominator value="1"/>
                           </quantity>
                           <containerPackagedProduct>
                              <code/>
                              <formCode code="C43169" displayName="BOTTLE" codeSystem="2.16.840.1.113883.3.26.1.1"/>
                              <asContent>
                                 <quantity>
                                    <numerator unit="1" value="1"/>
                                    <denominator value="1"/>
                                 </quantity>
                                 <containerPackagedProduct>
                                    <code code="37808-393-12" codeSystem="2.16.840.1.113883.6.69"/>
                                    <formCode code="C43182" displayName="CARTON" codeSystem="2.16.840.1.113883.3.26.1.1"/>
                                 </containerPackagedProduct>
                                 <subjectOf>
                                    <marketingAct>
                                       <code code="C53292" codeSystem="2.16.840.1.113883.3.26.1.1"/>
                                       <statusCode code="active"/>
                                       <effectiveTime>
                                          <low value="19990301"/>
                                       </effectiveTime>
                                    </marketingAct>
                                 </subjectOf>
                              </asContent>
                           </containerPackagedProduct>
                           <subjectOf>
                              <characteristic>
                                 <code code="SPLCMBPRDTP" codeSystem="2.16.840.1.113883.1.11.19255"/>
                                 <value code="C112160" displayName="Type 0: Not a Combination Product" codeSystem="2.16.840.1.113883.3.26.1.1" xsi:type="CV"/>
                              </characteristic>
                           </subjectOf>
                        </asContent>
                        <asContent>
                           <quantity>
                              <numerator unit="1" value="250"/>
                              <denominator value="1"/>
                           </quantity>
                           <containerPackagedProduct>
                              <code code="37808-393-13" codeSystem="2.16.840.1.113883.6.69"/>
                              <formCode code="C43169" displayName="BOTTLE" codeSystem="2.16.840.1.113883.3.26.1.1"/>
                           </containerPackagedProduct>
                           <subjectOf>
                              <characteristic>
                                 <code code="SPLCMBPRDTP" codeSystem="2.16.840.1.113883.1.11.19255"/>
                                 <value code="C112160" displayName="Type 0: Not a Combination Product" codeSystem="2.16.840.1.113883.3.26.1.1" xsi:type="CV"/>
                              </characteristic>
                           </subjectOf>
                           <subjectOf>
                              <marketingAct>
                                 <code code="C53292" codeSystem="2.16.840.1.113883.3.26.1.1"/>
                                 <statusCode code="active"/>
                                 <effectiveTime>
                                    <low value="19990301"/>
                                 </effectiveTime>
                              </marketingAct>
                           </subjectOf>
                        </asContent>
                        <asContent>
                           <quantity>
                              <numerator unit="1" value="225"/>
                              <denominator value="1"/>
                           </quantity>
                           <containerPackagedProduct>
                              <code code="37808-393-20" codeSystem="2.16.840.1.113883.6.69"/>
                              <formCode code="C43169" displayName="BOTTLE" codeSystem="2.16.840.1.113883.3.26.1.1"/>
                           </containerPackagedProduct>
                           <subjectOf>
                              <characteristic>
                                 <code code="SPLCMBPRDTP" codeSystem="2.16.840.1.113883.1.11.19255"/>
                                 <value code="C112160" displayName="Type 0: Not a Combination Product" codeSystem="2.16.840.1.113883.3.26.1.1" xsi:type="CV"/>
                              </characteristic>
                           </subjectOf>
                           <subjectOf>
                              <marketingAct>
                                 <code code="C53292" codeSystem="2.16.840.1.113883.3.26.1.1"/>
                                 <statusCode code="completed"/>
                                 <effectiveTime>
                                    <low value="19990301"/>
                                    <high value="20181025"/>
                                 </effectiveTime>
                              </marketingAct>
                           </subjectOf>
                        </asContent>
                     </manufacturedProduct>
                     <subjectOf>
                        <approval>
                           <id extension="ANDA075139" root="2.16.840.1.113883.3.150"/>
                           <code code="C73584" displayName="ANDA" codeSystem="2.16.840.1.113883.3.26.1.1"/>
                           <author>
                              <territorialAuthority>
                                 <territory>
                                    <code code="USA" codeSystem="2.16.840.1.113883.5.28"/>
                                 </territory>
                              </territorialAuthority>
                           </author>
                        </approval>
                     </subjectOf>
                     <subjectOf>
                        <marketingAct>
                           <code code="C53292" codeSystem="2.16.840.1.113883.3.26.1.1"/>
                           <statusCode code="active"/>
                           <effectiveTime>
                              <low value="19990301"/>
                           </effectiveTime>
                        </marketingAct>
                     </subjectOf>
                     <subjectOf>
                        <characteristic classCode="OBS">
                           <code code="SPLCOLOR" codeSystem="2.16.840.1.113883.1.11.19255"/>
                           <value code="C48331" displayName="ORANGE" codeSystem="2.16.840.1.113883.3.26.1.1" xsi:type="CV"/>
                        </characteristic>
                     </subjectOf>
                     <subjectOf>
                        <characteristic classCode="OBS">
                           <code code="SPLIMPRINT" codeSystem="2.16.840.1.113883.1.11.19255"/>
                           <value xsi:type="ST">44;393</value>
                        </characteristic>
                     </subjectOf>
                     <subjectOf>
                        <characteristic classCode="OBS">
                           <code code="SPLSCORE" codeSystem="2.16.840.1.113883.1.11.19255"/>
                           <value value="1" xsi:type="INT"/>
                        </characteristic>
                     </subjectOf>
                     <subjectOf>
                        <characteristic classCode="OBS">
                           <code code="SPLSHAPE" codeSystem="2.16.840.1.113883.1.11.19255"/>
                           <value code="C48345" displayName="OVAL" codeSystem="2.16.840.1.113883.3.26.1.1" xsi:type="CV"/>
                        </characteristic>
                     </subjectOf>
                     <subjectOf>
                        <characteristic classCode="OBS">
                           <code code="SPLSIZE" codeSystem="2.16.840.1.113883.1.11.19255"/>
                           <value unit="mm" value="14" xsi:type="PQ"/>
                        </characteristic>
                     </subjectOf>
                     <consumedIn>
                        <substanceAdministration>
                           <routeCode code="C38288" displayName="ORAL" codeSystem="2.16.840.1.113883.3.26.1.1"/>
                        </substanceAdministration>
                     </consumedIn>
                  </manufacturedProduct>
               </subject>
            </section>
         </component>
         <component>
            <section ID="LINK_47aebc2d-8fec-44f4-94fc-ad7091f9d49d">
               <id root="fc17e0d1-118c-4b5f-8a42-61c20c7b2810"/>
               <code code="55106-9" codeSystem="2.16.840.1.113883.6.1" displayName="OTC - ACTIVE INGREDIENT SECTION"/>
               <title>
                  <content styleCode="bold">
                     <content styleCode="italics">Active ingredient (in each orange caplet)</content>
                  </content>
               </title>
               <text>
                  <paragraph>Ibuprofen USP, 200 mg (NSAID)*<br/>*nonsteroidal anti-inflammatory drug</paragraph>
               </text>
               <effectiveTime value="20200327"/>
            </section>
         </component>
         <component>
            <section ID="LINK_d3e06b82-4286-4594-bda3-a41460397582">
               <id root="ac1ee61c-a4d8-45a2-8382-df08fd721219"/>
               <code code="55105-1" codeSystem="2.16.840.1.113883.6.1" displayName="OTC - PURPOSE SECTION"/>
               <title>
                  <content styleCode="bold">
                     <content styleCode="italics">Purpose</content>
                  </content>
               </title>
               <text>
                  <paragraph>Pain reliever/fever reducer</paragraph>
               </text>
               <effectiveTime value="20200327"/>
            </section>
         </component>
         <component>
            <section ID="LINK_97994211-60e2-4fd9-b329-30ee31e7e05d">
               <id root="4a05ad92-5484-45c8-b7e1-9611eb9ac6bd"/>
               <code code="34067-9" codeSystem="2.16.840.1.113883.6.1" displayName="INDICATIONS &amp; USAGE SECTION"/>
               <title>
                  <content styleCode="bold">
                     <content styleCode="italics">Uses</content>
                  </content>
               </title>
               <text>
                  <list listType="unordered" styleCode="Square">
                     <item>temporarily relieves minor aches and pains due to:<list listType="unordered" styleCode="Square">
                           <item>headache</item>
                           <item>muscular aches</item>
                           <item>toothache</item>
                           <item>backache</item>
                           <item>menstrual cramps</item>
                           <item>the common cold</item>
                           <item>minor pain of arthritis</item>
                        </list>
                     </item>
                     <item>temporarily reduces fever</item>
                  </list>
               </text>
               <effectiveTime value="20200327"/>
            </section>
         </component>
         <component>
            <section ID="LINK_23fcf915-b4a6-46a1-be25-dda0b6fb9d84">
               <id root="0c4a95f3-57fc-4e9d-b16b-360d2af9d27b"/>
               <code code="34071-1" codeSystem="2.16.840.1.113883.6.1" displayName="WARNINGS SECTION"/>
               <title>
                  <content styleCode="bold">
                     <content styleCode="italics">Warnings</content>
                  </content>
               </title>
               <text>
                  <paragraph>
                     <content styleCode="bold">Allergy alert: </content>Ibuprofen may cause a severe allergic reaction, especially in people allergic to aspirin. Symptoms may include:</paragraph>
                  <list listType="unordered" styleCode="Disk">
                     <item>rash</item>
                     <item>blisters</item>
                     <item>hives</item>
                     <item>facial swelling</item>
                     <item>shock</item>
                     <item>asthma (wheezing)</item>
                     <item>skin reddening</item>
                  </list>
                  <paragraph>If an allergic reaction occurs, stop use and seek medical help right away.</paragraph>
                  <paragraph>
                     <content styleCode="bold">Stomach bleeding warning: </content>This product contains an NSAID, which may cause severe stomach bleeding. The chance is higher if you</paragraph>
                  <list listType="unordered" styleCode="Disk">
                     <item>are age 60 or older</item>
                     <item>have had stomach ulcers or bleeding problems</item>
                     <item>take a blood thinning (anticoagulant) or steroid drug</item>
                     <item>take other drugs containing prescription or nonprescription NSAIDs [aspirin, ibuprofen, naproxen, or others]</item>
                     <item>have 3 or more alcoholic drinks every day while using this product</item>
                     <item>take more or for a longer time than directed</item>
                  </list>
                  <paragraph>
                     <content styleCode="bold">Heart attack and stroke warning: </content>NSAIDs, except aspirin, increase the risk of heart attack, heart failure, and stroke. These can be fatal. The risk is higher if you use more than directed or for longer than directed.</paragraph>
               </text>
               <effectiveTime value="20200327"/>
               <component>
                  <section ID="LINK_d016f0ed-2454-4268-87a7-832d1e63c34a">
                     <id root="4af95e5f-2c5a-4f97-afe3-2a6c9f47ab38"/>
                     <code code="50570-1" codeSystem="2.16.840.1.113883.6.1" displayName="OTC - DO NOT USE SECTION"/>
                     <title>
                        <content styleCode="bold">Do not use</content>
                     </title>
                     <text>
                        <list listType="unordered" styleCode="Square">
                           <item>if you have ever had an allergic reaction to any other pain reliever/fever reducer</item>
                           <item>right before or after heart surgery</item>
                        </list>
                     </text>
                     <effectiveTime value="20200327"/>
                  </section>
               </component>
               <component>
                  <section ID="LINK_d2b6170c-ebb0-400b-8f71-9ef116086e6f">
                     <id root="ea68183a-b3d5-406d-9a09-27cdf6bd1ee5"/>
                     <code code="50569-3" codeSystem="2.16.840.1.113883.6.1" displayName="OTC - ASK DOCTOR SECTION"/>
                     <title>
                        <content styleCode="bold">Ask a doctor before use if</content>
                     </title>
                     <text>
                        <list listType="unordered" styleCode="Disk">
                           <item>you are taking a diuretic</item>
                           <item>you have a history of stomach problems, such as heartburn</item>
                           <item>stomach bleeding warning applies to you</item>
                           <item>you have problems or serious side effects from taking pain relievers or fever reducers</item>
                           <item>you have high blood pressure, heart disease, liver cirrhosis, kidney disease, asthma, or had a stroke</item>
                        </list>
                     </text>
                     <effectiveTime value="20200327"/>
                  </section>
               </component>
               <component>
                  <section ID="LINK_5d6ec25b-7e4e-43cb-9cc7-3dd76b157d0c">
                     <id root="45a68469-dce8-465d-83c8-5f099fe608ef"/>
                     <code code="50568-5" codeSystem="2.16.840.1.113883.6.1" displayName="OTC - ASK DOCTOR/PHARMACIST SECTION"/>
                     <title>
                        <content styleCode="bold">Ask a doctor or pharmacist before use if you are</content>
                     </title>
                     <text>
                        <list listType="unordered" styleCode="Square">
                           <item>under a doctor's care for any serious condition</item>
                           <item>taking aspirin for heart attack or stroke, because ibuprofen may decrease this benefit of aspirin</item>
                           <item>taking any other drug </item>
                        </list>
                     </text>
                     <effectiveTime value="20200327"/>
                  </section>
               </component>
               <component>
                  <section ID="LINK_42c5eb2d-ea17-494e-8561-38617e260251">
                     <id root="7929d4b2-43ca-4d8e-8cc7-fc9b32a00c44"/>
                     <code code="50567-7" codeSystem="2.16.840.1.113883.6.1" displayName="OTC - WHEN USING SECTION"/>
                     <title>
                        <content styleCode="bold">When using this product</content>
                     </title>
                     <text>
                        <list listType="unordered" styleCode="Square">
                           <item>take with food or milk if stomach upset occurs</item>
                        </list>
                     </text>
                     <effectiveTime value="20200327"/>
                  </section>
               </component>
               <component>
                  <section ID="LINK_0590ca08-6a6e-4d0a-9d2f-5fe3893b039c">
                     <id root="a8130761-1912-4495-965c-a08bcf609a71"/>
                     <code code="50566-9" codeSystem="2.16.840.1.113883.6.1" displayName="OTC - STOP USE SECTION"/>
                     <title>
                        <content styleCode="bold">Stop use and ask a doctor if</content>
                     </title>
                     <text>
                        <list listType="unordered" styleCode="Square">
                           <item>you experience any of the following signs of stomach bleeding:<list listType="unordered" styleCode="Square">
                                 <item>feel faint</item>
                                 <item>vomit blood</item>
                                 <item>have bloody or black stools</item>
                                 <item>have stomach pain that does not get better</item>
                              </list>
                           </item>
                           <item>you have symptoms of heart problems or stroke:<list listType="unordered" styleCode="Square">
                                 <item>chest pain</item>
                                 <item>weakness in one part or side of body</item>
                                 <item>slurred speech</item>
                                 <item>trouble breathing</item>
                                 <item>leg swelling</item>
                              </list>
                           </item>
                           <item>pain gets worse or lasts more than 10 days</item>
                           <item>fever gets worse or lasts more than 3 days</item>
                           <item>redness or swelling is present in the painful area</item>
                           <item>any new symptoms appear</item>
                        </list>
                     </text>
                     <effectiveTime value="20200327"/>
                  </section>
               </component>
               <component>
                  <section ID="LINK_6d813577-1143-4c48-af47-4461a787b556">
                     <id root="a49e3016-d9bf-4a9f-9eca-985369f886b0"/>
                     <code code="53414-9" codeSystem="2.16.840.1.113883.6.1" displayName="OTC - PREGNANCY OR BREAST FEEDING SECTION"/>
                     <title>
                        <content styleCode="bold">If pregnant or breast-feeding,</content>
                     </title>
                     <text>
                        <paragraph>ask a health professional before use. It is especially important not to use ibuprofen during the last 3 months of pregnancy unless definitely directed to do so by a doctor because it may cause problems in the unborn child or complications during delivery.</paragraph>
                     </text>
                     <effectiveTime value="20200327"/>
                  </section>
               </component>
               <component>
                  <section ID="LINK_1ac8656c-2cd1-4542-b63e-c83c29ada7bb">
                     <id root="b41f0122-7fa6-43fe-8716-608837c16189"/>
                     <code code="50565-1" codeSystem="2.16.840.1.113883.6.1" displayName="OTC - KEEP OUT OF REACH OF CHILDREN SECTION"/>
                     <title>
                        <content styleCode="bold">Keep out of reach of children.</content>
                     </title>
                     <text>
                        <paragraph>In case of overdose, get medical help or contact a Poison Control Center (1-800-222-1222) right away.</paragraph>
                     </text>
                     <effectiveTime value="20200327"/>
                  </section>
               </component>
            </section>
         </component>
         <component>
            <section ID="LINK_67ee750d-3c27-4a5f-9fe9-14819bfe85a1">
               <id root="6358d44a-38d3-4e21-9fbd-2b44db420d2a"/>
               <code code="34068-7" codeSystem="2.16.840.1.113883.6.1" displayName="DOSAGE &amp; ADMINISTRATION SECTION"/>
               <title>
                  <content styleCode="bold">
                     <content styleCode="italics">Directions</content>
                  </content>
               </title>
               <text>
                  <list listType="unordered" styleCode="Disk">
                     <item>
                        <content styleCode="bold">do not take more than directed</content>
                     </item>
                     <item>
                        <content styleCode="bold">the smallest effective dose should be used</content>
                     </item>
                     <item>adults and children 12 years and over: take 1 caplet every 4 to 6 hours while symptoms persist<list listType="unordered" styleCode="Disc">
                           <item>if pain or fever does not respond to 1 caplet, 2 caplets may be used</item>
                           <item>do not exceed 6 caplets in 24 hours, unless directed by a doctor</item>
                        </list>
                     </item>
                     <item>children under 12 years: ask a doctor</item>
                  </list>
               </text>
               <effectiveTime value="20200327"/>
            </section>
         </component>
         <component>
            <section ID="LINK_bb946faa-24ae-45a1-a784-4fc7b181b8e2">
               <id root="0ee698f4-37ea-4265-94a5-d29aedab8056"/>
               <code code="44425-7" codeSystem="2.16.840.1.113883.6.1" displayName="STORAGE AND HANDLING SECTION"/>
               <title>
                  <content styleCode="bold">
                     <content styleCode="italics">Other information</content>
                  </content>
               </title>
               <text>
                  <list listType="unordered" styleCode="Disk">
                     <item>store between 20°-25°C (68°-77°F)</item>
                     <item>avoid excessive heat 40°C (104°F)</item>
                     <item>use by expiration date on package</item>
                  </list>
               </text>
               <effectiveTime value="20200327"/>
            </section>
         </component>
         <component>
            <section ID="LINK_cd9229a8-25ee-4806-b91d-59f07722ee0d">
               <id root="00fff87d-8797-49cf-8d94-820c44d20cd2"/>
               <code code="51727-6" codeSystem="2.16.840.1.113883.6.1" displayName="INACTIVE INGREDIENT SECTION"/>
               <title>
                  <content styleCode="bold">
                     <content styleCode="italics">Inactive ingredients</content>
                  </content>
               </title>
               <text>
                  <paragraph>carnauba wax, colloidal silicon dioxide, corn starch, FD&amp;C yellow #6 aluminum lake, hypromellose, lactose anhydrous, magnesium stearate, microcrystalline cellulose, polydextrose, polyethylene glycol, sodium starch glycolate, stearic acid, titanium dioxide</paragraph>
               </text>
               <effectiveTime value="20200327"/>
            </section>
         </component>
         <component>
            <section ID="LINK_20021051-98b2-49d2-aebd-53e312647c42">
               <id root="0d2e05be-73bd-4e7a-9a1b-c80ca243c988"/>
               <code code="53413-1" codeSystem="2.16.840.1.113883.6.1" displayName="OTC - QUESTIONS SECTION"/>
               <title>
                  <content styleCode="bold">
                     <content styleCode="italics">Questions or comments?</content>
                  </content>
               </title>
               <text>
                  <paragraph>
                     <content styleCode="bold">Call 1-800-426-9391 </content>8:30 AM-4:00 PM ET, Monday-Friday</paragraph>
               </text>
               <effectiveTime value="20200327"/>
            </section>
         </component>
         <component>
            <section ID="LINK_da252703-5c4a-4b06-aac8-7e4bce980fed">
               <id root="56c06f6b-631f-46ef-bf5c-e1416f50ccd0"/>
               <code code="51945-4" codeSystem="2.16.840.1.113883.6.1" displayName="PACKAGE LABEL.PRINCIPAL DISPLAY PANEL"/>
               <title>
                  <content styleCode="bold">
                     <content styleCode="italics">Principal Display Panel</content>
                  </content>
               </title>
               <text>
                  <paragraph>
                     <content styleCode="bold">
                        <content styleCode="italics">Compare to Motrin® IB<br/>Caplets </content>
                     </content>active ingredient<sup>†</sup>
                  </paragraph>
                  <paragraph>NDC 37808-393-13</paragraph>
                  <paragraph>
                     <content styleCode="bold">H-E-B®</content>
                  </paragraph>
                  <paragraph>
                     <content styleCode="bold">Ibuprofen<br/>
                     </content>Tablets USP, 200 mg <br/>Pain Reliever/Fever Reducer<content styleCode="bold">
                        <br/>(NSAID)</content>
                  </paragraph>
                  <paragraph>
                     <content styleCode="bold">For Body Aches and Pains</content>
                  </paragraph>
                  <paragraph>actual size<br/>
                  </paragraph>
                  <paragraph>
                     <content styleCode="bold">250 </content>
                     <content styleCode="bold">COATED CAPLETS**<br/>
                     </content>**Capsule-Shaped Tablets<br/>
                  </paragraph>
                  <paragraph>
                     <content styleCode="bold">TAMPER EVIDENT: DO NOT USE IF IMPRINTED<br/>SAFETY SEAL UNDER CAP IS BROKEN OR MISSING</content>
                  </paragraph>
                  <paragraph>
                     <sup>†</sup>This product is not manufactured or<br/>distributed by Johnson &amp; Johnson<br/>Corporation, owner of the registered<br/>trademark Motrin® IB Caplets.<br/>50844  REV0618A39313    11237-1810<br/>
                  </paragraph>
                  <paragraph>
                     <content styleCode="bold">MADE WITH PRIDE AND CARE FOR<br/>H-E-B®, SAN ANTONIO, TX 78204</content>
                  </paragraph>
                  <paragraph>
                     <content styleCode="bold">100%<br/>GUARANTEE<br/>
                        <content styleCode="italics">promise</content>
                     </content>
                  </paragraph>
                  <paragraph>
                     <content styleCode="bold">If you aren't completely<br/>pleased with this product, <br/>we'll be happy to replace it<br/>or refund your money. <br/>You have our word on it.</content>
                  </paragraph>
                  <renderMultiMedia referencedObject="MM1">
                     <caption>H.E.B 44-393</caption>
                  </renderMultiMedia>
               </text>
               <effectiveTime value="20200327"/>
               <component>
                  <observationMedia ID="MM1">
                     <text>H.E.B 44-393</text>
                     <value xsi:type="ED" mediaType="image/jpeg">
                        <reference value="ibuprofen-1.jpg"/>
                     </value>
                  </observationMedia>
               </component>
            </section>
         </component>
      </structuredBody>
   </component>
</document>