<?xml version="1.0" encoding="UTF-8"?><?xml-stylesheet href="http://www.accessdata.fda.gov/spl/stylesheet/spl.xsl" type="text/xsl"?>
<document xmlns="urn:hl7-org:v3" xmlns:xsi="http://www.w3.org/2001/XMLSchema-instance" xsi:schemaLocation="urn:hl7-org:v3 http://www.accessdata.fda.gov/spl/schema/spl.xsd">
   <id root="1951cb2d-381f-419f-947a-d3885b8d1d51"/>
   <code code="34390-5" codeSystem="2.16.840.1.113883.6.1" displayName="HUMAN OTC DRUG LABEL"/>
   <title>Kroger Co. Ibuprofen Tablets, 100 mg Drug Facts</title>
   <effectiveTime value="20180410"/>
   <setId root="5107e0cd-8df6-40b0-9171-dd88370e4337"/>
   <versionNumber value="3"/>
   <author>
      <time/>
      <assignedEntity>
         <representedOrganization>
            <id extension="006999528" root="1.3.6.1.4.1.519.1"/>
            <name>Kroger Company</name>
         </representedOrganization>
      </assignedEntity>
   </author>
   <component>
      <structuredBody>
         <component>
            <section>
               <id root="cd943358-5a51-4bd8-8d99-4c5fe0ce08bb"/>
               <code code="48780-1" codeSystem="2.16.840.1.113883.6.1" displayName="SPL product data elements section"/>
               <effectiveTime value="20180410"/>
               <subject>
                  <manufacturedProduct>
                     <manufacturedProduct>
                        <code code="30142-461" codeSystem="2.16.840.1.113883.6.69"/>
                        <name>ibuprofen</name>
                        <formCode code="C42893" codeSystem="2.16.840.1.113883.3.26.1.1" displayName="TABLET, CHEWABLE"/>
                        <asEntityWithGeneric>
                           <genericMedicine>
                              <name>Ibuprofen</name>
                           </genericMedicine>
                        </asEntityWithGeneric>
                        <ingredient classCode="ACTIB">
                           <quantity>
                              <numerator unit="mg" value="100"/>
                              <denominator unit="1" value="1"/>
                           </quantity>
                           <ingredientSubstance>
                              <code code="WK2XYI10QM" codeSystem="2.16.840.1.113883.4.9"/>
                              <name>IBUPROFEN</name>
                              <activeMoiety>
                                 <activeMoiety>
                                    <code code="WK2XYI10QM" codeSystem="2.16.840.1.113883.4.9"/>
                                    <name>IBUPROFEN</name>
                                 </activeMoiety>
                              </activeMoiety>
                           </ingredientSubstance>
                        </ingredient>
                        <ingredient classCode="IACT">
                           <ingredientSubstance>
                              <code code="23OV73Q5G9" codeSystem="2.16.840.1.113883.4.9"/>
                              <name>ACESULFAME POTASSIUM</name>
                           </ingredientSubstance>
                        </ingredient>
                        <ingredient classCode="IACT">
                           <ingredientSubstance>
                              <code code="3VRD35U26C" codeSystem="2.16.840.1.113883.4.9"/>
                              <name>AMMONIUM GLYCYRRHIZATE</name>
                           </ingredientSubstance>
                        </ingredient>
                        <ingredient classCode="IACT">
                           <ingredientSubstance>
                              <code code="Z0H242BBR1" codeSystem="2.16.840.1.113883.4.9"/>
                              <name>ASPARTAME</name>
                           </ingredientSubstance>
                        </ingredient>
                        <ingredient classCode="IACT">
                           <ingredientSubstance>
                              <code code="R12CBM0EIZ" codeSystem="2.16.840.1.113883.4.9"/>
                              <name>CARNAUBA WAX</name>
                           </ingredientSubstance>
                        </ingredient>
                        <ingredient classCode="IACT">
                           <ingredientSubstance>
                              <code code="M28OL1HH48" codeSystem="2.16.840.1.113883.4.9"/>
                              <name>CROSCARMELLOSE SODIUM</name>
                           </ingredientSubstance>
                        </ingredient>
                        <ingredient classCode="IACT">
                           <ingredientSubstance>
                              <code code="H77VEI93A8" codeSystem="2.16.840.1.113883.4.9"/>
                              <name>FD&amp;C YELLOW NO. 6</name>
                           </ingredientSubstance>
                        </ingredient>
                        <ingredient classCode="IACT">
                           <ingredientSubstance>
                              <code code="3NXW29V3WO" codeSystem="2.16.840.1.113883.4.9"/>
                              <name>HYPROMELLOSES</name>
                           </ingredientSubstance>
                        </ingredient>
                        <ingredient classCode="IACT">
                           <ingredientSubstance>
                              <code code="70097M6I30" codeSystem="2.16.840.1.113883.4.9"/>
                              <name>MAGNESIUM STEARATE</name>
                           </ingredientSubstance>
                        </ingredient>
                        <ingredient classCode="IACT">
                           <ingredientSubstance>
                              <code code="3OWL53L36A" codeSystem="2.16.840.1.113883.4.9"/>
                              <name>MANNITOL</name>
                           </ingredientSubstance>
                        </ingredient>
                        <ingredient classCode="IACT">
                           <ingredientSubstance>
                              <code code="ETJ7Z6XBU4" codeSystem="2.16.840.1.113883.4.9"/>
                              <name>SILICON DIOXIDE</name>
                           </ingredientSubstance>
                        </ingredient>
                        <ingredient classCode="IACT">
                           <ingredientSubstance>
                              <code code="368GB5141J" codeSystem="2.16.840.1.113883.4.9"/>
                              <name>SODIUM LAURYL SULFATE</name>
                           </ingredientSubstance>
                        </ingredient>
                        <ingredient classCode="IACT">
                           <ingredientSubstance>
                              <code code="241ATL177A" codeSystem="2.16.840.1.113883.4.9"/>
                              <name>SOYBEAN OIL</name>
                           </ingredientSubstance>
                        </ingredient>
                        <ingredient classCode="IACT">
                           <ingredientSubstance>
                              <code code="AB6MNQ6J6L" codeSystem="2.16.840.1.113883.4.9"/>
                              <name>SUCCINIC ACID</name>
                           </ingredientSubstance>
                        </ingredient>
                        <asContent>
                           <quantity>
                              <numerator unit="1" value="24"/>
                              <denominator value="1"/>
                           </quantity>
                           <containerPackagedProduct>
                              <code/>
                              <formCode code="C43169" codeSystem="2.16.840.1.113883.3.26.1.1" displayName="BOTTLE"/>
                              <asContent>
                                 <quantity>
                                    <numerator unit="1" value="1"/>
                                    <denominator value="1"/>
                                 </quantity>
                                 <containerPackagedProduct>
                                    <code code="30142-461-62" codeSystem="2.16.840.1.113883.6.69"/>
                                    <formCode code="C43182" codeSystem="2.16.840.1.113883.3.26.1.1" displayName="CARTON"/>
                                 </containerPackagedProduct>
                                 <subjectOf>
                                    <marketingAct>
                                       <code code="C53292" codeSystem="2.16.840.1.113883.3.26.1.1"/>
                                       <statusCode code="active"/>
                                       <effectiveTime>
                                          <low value="20040510"/>
                                       </effectiveTime>
                                    </marketingAct>
                                 </subjectOf>
                              </asContent>
                           </containerPackagedProduct>
                           <subjectOf>
                              <characteristic classCode="OBS">
                                 <code code="SPLCMBPRDTP" codeSystem="2.16.840.1.113883.1.11.19255"/>
                                 <value code="C112160" codeSystem="2.16.840.1.113883.3.26.1.1" displayName="Type 0: Not a Combination Product" xsi:type="CE"/>
                              </characteristic>
                           </subjectOf>
                        </asContent>
                     </manufacturedProduct>
                     <subjectOf>
                        <approval>
                           <id extension="ANDA076359" root="2.16.840.1.113883.3.150"/>
                           <code code="C73584" codeSystem="2.16.840.1.113883.3.26.1.1" displayName="ANDA"/>
                           <author>
                              <territorialAuthority>
                                 <territory>
                                    <code code="USA" codeSystem="2.16.840.1.113883.5.28"/>
                                 </territory>
                              </territorialAuthority>
                           </author>
                        </approval>
                     </subjectOf>
                     <subjectOf>
                        <marketingAct>
                           <code code="C53292" codeSystem="2.16.840.1.113883.3.26.1.1"/>
                           <statusCode code="active"/>
                           <effectiveTime>
                              <low value="20040510"/>
                           </effectiveTime>
                        </marketingAct>
                     </subjectOf>
                     <subjectOf>
                        <characteristic classCode="OBS">
                           <code code="SPLCOLOR" codeSystem="2.16.840.1.113883.1.11.19255"/>
                           <value code="C48331" codeSystem="2.16.840.1.113883.3.26.1.1" displayName="ORANGE" xsi:type="CE"/>
                        </characteristic>
                     </subjectOf>
                     <subjectOf>
                        <characteristic classCode="OBS">
                           <code code="SPLSIZE" codeSystem="2.16.840.1.113883.1.11.19255"/>
                           <value unit="mm" value="13" xsi:type="PQ"/>
                        </characteristic>
                     </subjectOf>
                     <subjectOf>
                        <characteristic classCode="OBS">
                           <code code="SPLSHAPE" codeSystem="2.16.840.1.113883.1.11.19255"/>
                           <value code="C48348" codeSystem="2.16.840.1.113883.3.26.1.1" displayName="ROUND" xsi:type="CE"/>
                        </characteristic>
                     </subjectOf>
                     <subjectOf>
                        <characteristic classCode="OBS">
                           <code code="SPLSCORE" codeSystem="2.16.840.1.113883.1.11.19255"/>
                           <value value="2" xsi:type="INT"/>
                        </characteristic>
                     </subjectOf>
                     <subjectOf>
                        <characteristic classCode="OBS">
                           <code code="SPLIMPRINT" codeSystem="2.16.840.1.113883.1.11.19255"/>
                           <value xsi:type="ST">L461</value>
                        </characteristic>
                     </subjectOf>
                     <subjectOf>
                        <characteristic classCode="OBS">
                           <code code="SPLFLAVOR" codeSystem="2.16.840.1.113883.1.11.19255"/>
                           <value code="C73406" codeSystem="2.16.840.1.113883.3.26.1.1" displayName="ORANGE" xsi:type="CE"/>
                        </characteristic>
                     </subjectOf>
                     <consumedIn>
                        <substanceAdministration>
                           <routeCode code="C38288" codeSystem="2.16.840.1.113883.3.26.1.1" displayName="ORAL"/>
                        </substanceAdministration>
                     </consumedIn>
                  </manufacturedProduct>
               </subject>
            </section>
         </component>
         <component>
            <section ID="i4i_OTC_Active_Ingredient_id_96c8308a-7e69-466d-b88e-f296dfcfccf5">
               <id root="2a2972c2-4c77-4aec-82e4-5117bc33d674"/>
               <code code="55106-9" codeSystem="2.16.840.1.113883.6.1" displayName="OTC - ACTIVE INGREDIENT SECTION"/>
               <title>Active ingredient (in each tablet)</title>
               <text>
                  <paragraph>Ibuprofen 100 mg (NSAID)*</paragraph>
                  <paragraph>*nonsteroidal anti-inflammatory drug</paragraph>
               </text>
               <effectiveTime value="20180410"/>
            </section>
         </component>
         <component>
            <section ID="i4i_OTC_Purpose_id_af24c265-4fa0-4c41-9bbd-6ddb56f8571d">
               <id root="6ed9aee6-2801-49e3-9d20-52460ea43547"/>
               <code code="55105-1" codeSystem="2.16.840.1.113883.6.1" displayName="OTC - PURPOSE SECTION"/>
               <title>Purposes</title>
               <text>
                  <paragraph>Pain reliever/fever reducer</paragraph>
               </text>
               <effectiveTime value="20180410"/>
            </section>
         </component>
         <component>
            <section ID="i4i_indications_id_e64096af-630f-4e29-8cc0-ec91ca040294">
               <id root="2c6398cb-c288-4133-abea-06752821b6a1"/>
               <code code="34067-9" codeSystem="2.16.840.1.113883.6.1" displayName="INDICATIONS &amp; USAGE SECTION"/>
               <title>Uses</title>
               <text>
                  <paragraph>temporarily:</paragraph>
                  <list listType="unordered">
                     <item>
                        <caption>•</caption>reduces fever</item>
                     <item>
                        <caption>•</caption>relieves minor aches and pains due to the common cold, flu, sore throat, headaches and toothaches</item>
                  </list>
               </text>
               <effectiveTime value="20140626"/>
            </section>
         </component>
         <component>
            <section ID="i4i_warnings_id_dd6e2aad-6621-4f86-beb6-5c0fb4c0467f">
               <id root="8a39636e-b678-4191-ac9e-f75dc51a139a"/>
               <code code="34071-1" codeSystem="2.16.840.1.113883.6.1" displayName="WARNINGS SECTION"/>
               <title>Warnings</title>
               <text>
                  <paragraph>Allergy alert: Ibuprofen may cause a severe allergic reaction, especially in people allergic to aspirin. Symptoms may include:</paragraph>
                  <list listType="unordered">
                     <item>
                        <caption>•</caption>hives  </item>
                     <item>
                        <caption>•</caption>facial swelling  </item>
                     <item>
                        <caption>•</caption>asthma (wheezing)</item>
                     <item>
                        <caption>•</caption>shock </item>
                     <item>
                        <caption>•</caption>skin reddening </item>
                     <item>
                        <caption>•</caption>rash </item>
                     <item>
                        <caption>•</caption>blisters</item>
                  </list>
                  <paragraph>If an allergic reaction occurs, stop use and seek medical help right away.</paragraph>
                  <paragraph>Stomach bleeding warning: This product contains an NSAID, which may cause severe stomach bleeding. The chance is higher if your child:</paragraph>
                  <list listType="unordered">
                     <item>
                        <caption>•</caption>has had stomach ulcers or bleeding problems</item>
                     <item>
                        <caption>•</caption>takes a blood thinning (anticoagulant) or steroid drug</item>
                     <item>
                        <caption>•</caption>takes other drugs containing prescription or nonprescription NSAIDs  [aspirin, ibuprofen, naproxen, or others] </item>
                     <item>
                        <caption>•</caption>takes more or for a longer time than directed</item>
                  </list>
                  <paragraph>Heart attack and stroke warning: NSAIDs, except aspirin, increase the risk of heart attack, heart failure, and stroke. These can be fatal. The risk is higher if you use more than directed or for longer than directed.</paragraph>
                  <paragraph>Sore throat warning: Severe or persistent sore throat or sore throat accompanied by high fever, headache, nausea, and vomiting may be serious.  Consult doctor promptly.  Do not use more than 2 days or administer to children under 3 years of age unless directed by doctor.</paragraph>
               </text>
               <effectiveTime value="20180410"/>
               <component>
                  <section ID="i4i_OTC_Do_not_use_id_ffb824ad-449e-474d-9474-1732207c8650">
                     <id root="dd4d45ec-de5b-4617-bf41-3c5f4ce2416f"/>
                     <code code="50570-1" codeSystem="2.16.840.1.113883.6.1" displayName="OTC - DO NOT USE SECTION"/>
                     <title>Do not use</title>
                     <text>
                        <list listType="unordered">
                           <item>
                              <caption>•</caption>if the child has ever had an allergic reaction to ibuprofen or any other pain reliever/fever reducer </item>
                           <item>
                              <caption>•</caption>right before or after heart surgery</item>
                        </list>
                     </text>
                     <effectiveTime value="20180410"/>
                  </section>
               </component>
               <component>
                  <section ID="i4i_OTC_Ask_Doctor_id_45778644-4d96-4fd9-b68c-425a6e70a216">
                     <id root="f1f9d1de-ff4b-4af0-980d-2682b3abc733"/>
                     <code code="50569-3" codeSystem="2.16.840.1.113883.6.1" displayName="OTC - ASK DOCTOR SECTION"/>
                     <title>Ask a doctor before use if</title>
                     <text>
                        <list listType="unordered">
                           <item>
                              <caption>•</caption>stomach bleeding warning applies to your child </item>
                           <item>
                              <caption>•</caption>child has a history of stomach problems, such as heartburn</item>
                           <item>
                              <caption>•</caption>child has problems or serious side effects from taking pain relievers or fever reducers</item>
                           <item>
                              <caption>•</caption>child has not been drinking fluids</item>
                           <item>
                              <caption>•</caption>child has lost a lot of fluid due to vomiting or diarrhea</item>
                           <item>
                              <caption>•</caption>child has high blood pressure, heart disease, liver cirrhosis, kidney disease, or had a stroke</item>
                           <item>
                              <caption>•</caption>child has asthma</item>
                           <item>
                              <caption>•</caption>child is taking a diuretic</item>
                        </list>
                     </text>
                     <effectiveTime value="20180410"/>
                  </section>
               </component>
               <component>
                  <section ID="i4i_OTC_Ask_Doctor_Pharmacist_id_41ef17ae-f746-4e6f-84c5-b41b235d9f13">
                     <id root="b346ea80-f9da-4a5b-ad3f-b4268e286e5e"/>
                     <code code="50568-5" codeSystem="2.16.840.1.113883.6.1" displayName="OTC - ASK DOCTOR/PHARMACIST SECTION"/>
                     <title>Ask a doctor or pharmacist before use if the child is</title>
                     <text>
                        <list listType="unordered">
                           <item>
                              <caption>•</caption>under a doctor’s care for any serious condition </item>
                           <item>
                              <caption>•</caption>taking any other drug  </item>
                        </list>
                     </text>
                     <effectiveTime value="20140626"/>
                  </section>
               </component>
               <component>
                  <section ID="i4i_OTC_When_Using_id_cad83d27-6a58-46d1-9438-eb0905d8db9c">
                     <id root="840faafa-e06d-4924-a684-5f97e8a819b4"/>
                     <code code="50567-7" codeSystem="2.16.840.1.113883.6.1" displayName="OTC - WHEN USING SECTION"/>
                     <title>When using this product</title>
                     <text>
                        <list listType="unordered">
                           <item>
                              <caption>•</caption>mouth or throat burning may occur; give with food or water</item>
                           <item>
                              <caption>•</caption>take with food or milk if stomach upset occurs</item>
                        </list>
                     </text>
                     <effectiveTime value="20180410"/>
                  </section>
               </component>
               <component>
                  <section ID="i4i_OTC_Stop_Use_id_461c03ad-1d63-4382-939d-d4043ad7c5e6">
                     <id root="beceabc7-f85d-4619-a877-f788173af2d3"/>
                     <code code="50566-9" codeSystem="2.16.840.1.113883.6.1" displayName="OTC - STOP USE SECTION"/>
                     <title>Stop use and ask a doctor if </title>
                     <text>
                        <list listType="unordered">
                           <item>
                              <caption>•</caption>child experiences any of the following signs of stomach bleeding:</item>
                           <item>
                              <caption>•</caption>feels faint  </item>
                           <item>
                              <caption>•</caption>vomits blood  </item>
                           <item>
                              <caption>•</caption>has bloody or black stools</item>
                           <item>
                              <caption>•</caption>has stomach pain that does not get better</item>
                           <item>
                              <caption>•</caption>child has symptoms of heart problems or stroke:</item>
                           <item>
                              <caption>•</caption>chest pain         </item>
                           <item>
                              <caption>•</caption>trouble breathing</item>
                           <item>
                              <caption>•</caption>weakness in one part or side of body</item>
                           <item>
                              <caption>•</caption>slurred speech   </item>
                           <item>
                              <caption>•</caption>leg swelling</item>
                           <item>
                              <caption>•</caption>the child does not get any relief within first day (24 hours) of treatment</item>
                           <item>
                              <caption>•</caption>fever or pain gets worse or lasts more than 3 days</item>
                           <item>
                              <caption>•</caption>redness or swelling is present in the painful area</item>
                           <item>
                              <caption>•</caption>any new symptoms appear</item>
                        </list>
                     </text>
                     <effectiveTime value="20180410"/>
                  </section>
               </component>
               <component>
                  <section ID="i4i_OTC_Keep_Away_Children_id_1a52bdca-8059-4841-a192-c14b0740c880">
                     <id root="e6ca952c-5a86-47d0-8418-6f26c374a5b3"/>
                     <code code="50565-1" codeSystem="2.16.840.1.113883.6.1" displayName="OTC - KEEP OUT OF REACH OF CHILDREN SECTION"/>
                     <title>Keep out of reach of children.</title>
                     <text>
                        <paragraph>In case of overdose, get medical help or contact a Poison Control Center right away. (1-800-222-1222)</paragraph>
                     </text>
                     <effectiveTime value="20090701"/>
                  </section>
               </component>
            </section>
         </component>
         <component>
            <section ID="i4i_dosage_admin_id_f17769ad-6a8e-44eb-8a78-9016e31eb1e2">
               <id root="e79060a6-d974-447d-9177-e7e10f7f48db"/>
               <code code="34068-7" codeSystem="2.16.840.1.113883.6.1" displayName="DOSAGE &amp; ADMINISTRATION SECTION"/>
               <title>Directions</title>
               <text>
                  <list listType="unordered">
                     <item>
                        <caption>•</caption>this product does not contain directions or complete warnings for adult use  </item>
                     <item>
                        <caption>•</caption>do not give more than directed</item>
                     <item>
                        <caption>•</caption>find right dose on chart below.  If possible, use weight to dose; otherwise use age. </item>
                     <item>
                        <caption>•</caption>if needed, repeat dose every 6-8 hours</item>
                     <item>
                        <caption>•</caption>do not use more than 4 times a day</item>
                  </list>
                  <table width="428.25pt">
                     <col width="31%"/>
                     <col width="29%"/>
                     <col width="29%"/>
                     <tbody>
                        <tr>
                           <td align="center" colspan="3" styleCode="Rrule Botrule Lrule Toprule " valign="middle">
                              <paragraph>Dosing Chart</paragraph>
                           </td>
                        </tr>
                        <tr>
                           <td align="center" styleCode="Rrule Lrule Botrule " valign="middle">
                              <paragraph>Weight (lb)</paragraph>
                           </td>
                           <td align="center" styleCode="Rrule Lrule Toprule Botrule " valign="middle">
                              <paragraph>Age (yr)</paragraph>
                           </td>
                           <td align="center" styleCode="Rrule Lrule Toprule Botrule " valign="middle">
                              <paragraph>Tablets</paragraph>
                           </td>
                        </tr>
                        <tr>
                           <td align="center" styleCode="Rrule Lrule Botrule " valign="middle">
                              <paragraph>under 24</paragraph>
                           </td>
                           <td align="center" styleCode="Rrule Lrule Toprule Botrule " valign="middle">
                              <paragraph>under 2</paragraph>
                           </td>
                           <td align="center" styleCode="Rrule Lrule Toprule Botrule " valign="middle">
                              <paragraph>ask a doctor</paragraph>
                           </td>
                        </tr>
                        <tr>
                           <td align="center" styleCode="Rrule Lrule Botrule " valign="middle">
                              <paragraph>24-35</paragraph>
                           </td>
                           <td align="center" styleCode="Rrule Lrule Toprule Botrule " valign="middle">
                              <paragraph>2-3</paragraph>
                           </td>
                           <td align="center" styleCode="Rrule Lrule Toprule Botrule " valign="middle">
                              <paragraph>1</paragraph>
                           </td>
                        </tr>
                        <tr>
                           <td align="center" styleCode="Rrule Lrule Botrule " valign="middle">
                              <paragraph>36-47</paragraph>
                           </td>
                           <td align="center" styleCode="Rrule Lrule Toprule Botrule " valign="middle">
                              <paragraph>4-5</paragraph>
                           </td>
                           <td align="center" styleCode="Rrule Lrule Toprule Botrule " valign="middle">
                              <paragraph>1 ½</paragraph>
                           </td>
                        </tr>
                        <tr>
                           <td align="center" styleCode="Rrule Lrule Botrule " valign="middle">
                              <paragraph>48-59</paragraph>
                           </td>
                           <td align="center" styleCode="Rrule Lrule Toprule Botrule " valign="middle">
                              <paragraph>6-8</paragraph>
                           </td>
                           <td align="center" styleCode="Rrule Lrule Toprule Botrule " valign="middle">
                              <paragraph>2</paragraph>
                           </td>
                        </tr>
                        <tr>
                           <td align="center" styleCode="Rrule Lrule Botrule " valign="middle">
                              <paragraph>60-71</paragraph>
                           </td>
                           <td align="center" styleCode="Rrule Lrule Toprule Botrule " valign="middle">
                              <paragraph>9-10</paragraph>
                           </td>
                           <td align="center" styleCode="Rrule Lrule Toprule Botrule " valign="middle">
                              <paragraph>2 ½</paragraph>
                           </td>
                        </tr>
                        <tr>
                           <td align="center" styleCode="Rrule Botrule Lrule Toprule " valign="middle">
                              <paragraph>72-95</paragraph>
                           </td>
                           <td align="center" styleCode="Rrule Botrule Lrule Toprule " valign="middle">
                              <paragraph>11</paragraph>
                           </td>
                           <td align="center" styleCode="Rrule Botrule Lrule Toprule " valign="middle">
                              <paragraph>3</paragraph>
                           </td>
                        </tr>
                     </tbody>
                  </table>
               </text>
               <effectiveTime value="20180410"/>
            </section>
         </component>
         <component>
            <section ID="i4i_storage_id_a165bbd7-2030-4894-af77-5538ac16dbab">
               <id root="4234f29d-ffb9-459a-83c6-ff3def6d30cf"/>
               <code code="44425-7" codeSystem="2.16.840.1.113883.6.1" displayName="STORAGE AND HANDLING SECTION"/>
               <title>Other information</title>
               <text>
                  <list listType="unordered">
                     <item>
                        <caption>•</caption>phenylketonurics: contains phenylalanine 6 mg per tablet        </item>
                     <item>
                        <caption>•</caption>store between 20-25°C (68-77°F)   </item>
                     <item>
                        <caption>•</caption>do not use if printed seal under cap is broken or missing</item>
                  </list>
               </text>
               <effectiveTime value="20180410"/>
            </section>
         </component>
         <component>
            <section ID="i4i_inactive_ingredients_id_cd7e22b4-cf23-4074-b5a5-620f1fed05d8">
               <id root="aaf8df5a-aea2-4f0f-b882-1e9179bddb8b"/>
               <code code="51727-6" codeSystem="2.16.840.1.113883.6.1" displayName="INACTIVE INGREDIENT SECTION"/>
               <title>Inactive ingredients</title>
               <text>
                  <paragraph>acesulfame potassium, ammonium glycyrrhizin, aspartame, carnauba wax, croscarmellose sodium, FD&amp;C yellow no. 6 aluminum lake, hypromellose, magnesium stearate, mannitol, natural and artificial flavors, silicon dioxide, sodium lauryl sulfate, soybean oil, succinic acid</paragraph>
               </text>
               <effectiveTime value="20180410"/>
            </section>
         </component>
         <component>
            <section ID="i4i_OTC_Questions_id_1be9ab50-2bc8-49bc-9a60-a0d9c4216878">
               <id root="a706317a-80ce-438c-b548-3afa9b538e2e"/>
               <code code="53413-1" codeSystem="2.16.840.1.113883.6.1" displayName="OTC - QUESTIONS SECTION"/>
               <title>Questions or comments?</title>
               <text>
                  <paragraph>1-800-632-6900</paragraph>
               </text>
               <effectiveTime value="20090701"/>
            </section>
         </component>
         <component>
            <section ID="i4i_Principal_display_panel_id_03e6a3c7-c03d-42d6-a9dc-3eef5418a1f5">
               <id root="39a6586c-32bc-4bd9-b18c-27e298a185c5"/>
               <code code="51945-4" codeSystem="2.16.840.1.113883.6.1" displayName="PACKAGE LABEL.PRINCIPAL DISPLAY PANEL"/>
               <title>Principal Display Panel</title>
               <text>
                  <paragraph>COMPARE TO the active ingredient of MOTRIN® JUNIOR STRENGTH </paragraph>
                  <paragraph>See side panel</paragraph>
                  <paragraph>SEE NEW WARNINGS</paragraph>
                  <paragraph>FOR AGES 2 TO 11</paragraph>
                  <paragraph>LASTS UP TO 8 HOURS</paragraph>
                  <paragraph>Junior Strength</paragraph>
                  <paragraph>Ibuprofen Tablets, 100 mg</paragraph>
                  <paragraph>Our Pharmacists Recommend</paragraph>
                  <paragraph>Pain Reliever/Fever Reducer (NSAID)</paragraph>
                  <paragraph>CHEWABLE</paragraph>
                  <paragraph>Orange Flavor</paragraph>
                  <paragraph>24 CHEWABLE TABLETS</paragraph>
                  <paragraph>actual size</paragraph>
                  <renderMultiMedia ID="id-294910111" referencedObject="B08F86D6-962D-477F-9470-B24EEA104BEB"/>
               </text>
               <effectiveTime value="20180410"/>
               <component>
                  <observationMedia ID="B08F86D6-962D-477F-9470-B24EEA104BEB">
                     <text>46145-junior-ibuprofen.jpg</text>
                     <value mediaType="image/jpeg" xsi:type="ED">
                        <reference value="46145-junior-ibuprofen.jpg"/>
                     </value>
                  </observationMedia>
               </component>
            </section>
         </component>
      </structuredBody>
   </component>
</document>