<?xml version="1.0" encoding="UTF-8"?><?xml-stylesheet href="http://www.accessdata.fda.gov/spl/stylesheet/spl.xsl" type="text/xsl"?>
<document xmlns="urn:hl7-org:v3" xmlns:xsi="http://www.w3.org/2001/XMLSchema-instance" xsi:schemaLocation="urn:hl7-org:v3 https://www.accessdata.fda.gov/spl/schema/spl.xsd">
   <id root="1a09bb11-7cfb-46c4-aa33-71e8d1b7c29b"/>
   <code code="34390-5" displayName="HUMAN OTC DRUG LABEL" codeSystem="2.16.840.1.113883.6.1"/>
   <title>Drug Facts</title>
   <effectiveTime value="20181227"/>
   <setId root="3f66d753-39ce-4566-ad2f-60369a9585ee"/>
   <versionNumber value="2"/>
   <author>
      <time/>
      <assignedEntity>
         <representedOrganization>
            <id extension="006961700" root="1.3.6.1.4.1.519.1"/>
            <name>TARGET Corporation</name>
         </representedOrganization>
      </assignedEntity>
   </author>
   <component>
      <structuredBody>
         <component>
            <section>
               <id root="b70f424d-8e5e-4716-9608-2d03c9f1c124"/>
               <code code="48780-1" displayName="SPL LISTING DATA ELEMENTS SECTION" codeSystem="2.16.840.1.113883.6.1"/>
               <effectiveTime value="20181227"/>
               <subject>
                  <manufacturedProduct>
                     <manufacturedProduct>
                        <code code="11673-249" codeSystem="2.16.840.1.113883.6.69"/>
                        <name>Ibuprofen</name>
                        <formCode code="C42897" displayName="TABLET, COATED" codeSystem="2.16.840.1.113883.3.26.1.1"/>
                        <asEntityWithGeneric>
                           <genericMedicine>
                              <name>Ibuprofen</name>
                           </genericMedicine>
                        </asEntityWithGeneric>
                        <ingredient classCode="ACTIB">
                           <quantity>
                              <numerator unit="mg" value="200"/>
                              <denominator unit="1" value="1"/>
                           </quantity>
                           <ingredientSubstance>
                              <code code="WK2XYI10QM" codeSystem="2.16.840.1.113883.4.9"/>
                              <name>IBUPROFEN</name>
                              <activeMoiety>
                                 <activeMoiety>
                                    <code code="WK2XYI10QM" codeSystem="2.16.840.1.113883.4.9"/>
                                    <name>IBUPROFEN</name>
                                 </activeMoiety>
                              </activeMoiety>
                           </ingredientSubstance>
                        </ingredient>
                        <ingredient classCode="IACT">
                           <ingredientSubstance>
                              <code code="ETJ7Z6XBU4" codeSystem="2.16.840.1.113883.4.9"/>
                              <name>SILICON DIOXIDE</name>
                           </ingredientSubstance>
                        </ingredient>
                        <ingredient classCode="IACT">
                           <ingredientSubstance>
                              <code code="O8232NY3SJ" codeSystem="2.16.840.1.113883.4.9"/>
                              <name>STARCH, CORN</name>
                           </ingredientSubstance>
                        </ingredient>
                        <ingredient classCode="IACT">
                           <ingredientSubstance>
                              <code code="3NXW29V3WO" codeSystem="2.16.840.1.113883.4.9"/>
                              <name>HYPROMELLOSES</name>
                           </ingredientSubstance>
                        </ingredient>
                        <ingredient classCode="IACT">
                           <ingredientSubstance>
                              <code code="1K09F3G675" codeSystem="2.16.840.1.113883.4.9"/>
                              <name>FERRIC OXIDE RED</name>
                           </ingredientSubstance>
                        </ingredient>
                        <ingredient classCode="IACT">
                           <ingredientSubstance>
                              <code code="EWQ57Q8I5X" codeSystem="2.16.840.1.113883.4.9"/>
                              <name>LACTOSE MONOHYDRATE</name>
                           </ingredientSubstance>
                        </ingredient>
                        <ingredient classCode="IACT">
                           <ingredientSubstance>
                              <code code="U725QWY32X" codeSystem="2.16.840.1.113883.4.9"/>
                              <name>POVIDONE K30</name>
                           </ingredientSubstance>
                        </ingredient>
                        <ingredient classCode="IACT">
                           <ingredientSubstance>
                              <code code="AG9B65PV6B" codeSystem="2.16.840.1.113883.4.9"/>
                              <name>SODIUM STARCH GLYCOLATE TYPE A CORN</name>
                           </ingredientSubstance>
                        </ingredient>
                        <ingredient classCode="IACT">
                           <ingredientSubstance>
                              <code code="4ELV7Z65AP" codeSystem="2.16.840.1.113883.4.9"/>
                              <name>STEARIC ACID</name>
                           </ingredientSubstance>
                        </ingredient>
                        <ingredient classCode="IACT">
                           <ingredientSubstance>
                              <code code="15FIX9V2JP" codeSystem="2.16.840.1.113883.4.9"/>
                              <name>TITANIUM DIOXIDE</name>
                           </ingredientSubstance>
                        </ingredient>
                        <ingredient classCode="IACT">
                           <ingredientSubstance>
                              <code code="XHX3C3X673" codeSystem="2.16.840.1.113883.4.9"/>
                              <name>TRIACETIN</name>
                           </ingredientSubstance>
                        </ingredient>
                        <asContent>
                           <quantity>
                              <numerator unit="1" value="50"/>
                              <denominator value="1"/>
                           </quantity>
                           <containerPackagedProduct>
                              <code/>
                              <formCode code="C43173" displayName="BOTTLE, PLASTIC" codeSystem="2.16.840.1.113883.3.26.1.1"/>
                              <asContent>
                                 <quantity>
                                    <numerator unit="1" value="1"/>
                                    <denominator value="1"/>
                                 </quantity>
                                 <containerPackagedProduct>
                                    <code code="11673-249-50" codeSystem="2.16.840.1.113883.6.69"/>
                                    <formCode code="C43178" displayName="BOX" codeSystem="2.16.840.1.113883.3.26.1.1"/>
                                 </containerPackagedProduct>
                                 <subjectOf>
                                    <marketingAct>
                                       <code code="C53292" codeSystem="2.16.840.1.113883.3.26.1.1"/>
                                       <statusCode code="completed"/>
                                       <effectiveTime>
                                          <low value="20140328"/>
                                          <high value="20201231"/>
                                       </effectiveTime>
                                    </marketingAct>
                                 </subjectOf>
                              </asContent>
                           </containerPackagedProduct>
                           <subjectOf>
                              <characteristic>
                                 <code code="SPLCMBPRDTP" codeSystem="2.16.840.1.113883.1.11.19255"/>
                                 <value code="C112160" displayName="Type 0: Not a Combination Product" codeSystem="2.16.840.1.113883.3.26.1.1" xsi:type="CV"/>
                              </characteristic>
                           </subjectOf>
                        </asContent>
                     </manufacturedProduct>
                     <subjectOf>
                        <approval>
                           <id extension="ANDA079174" root="2.16.840.1.113883.3.150"/>
                           <code code="C73584" displayName="ANDA" codeSystem="2.16.840.1.113883.3.26.1.1"/>
                           <author>
                              <territorialAuthority>
                                 <territory>
                                    <code code="USA" codeSystem="2.16.840.1.113883.5.28"/>
                                 </territory>
                              </territorialAuthority>
                           </author>
                        </approval>
                     </subjectOf>
                     <subjectOf>
                        <marketingAct>
                           <code code="C53292" codeSystem="2.16.840.1.113883.3.26.1.1"/>
                           <statusCode code="completed"/>
                           <effectiveTime>
                              <low value="20140328"/>
                              <high value="20201231"/>
                           </effectiveTime>
                        </marketingAct>
                     </subjectOf>
                     <subjectOf>
                        <characteristic classCode="OBS">
                           <code code="SPLCOLOR" codeSystem="2.16.840.1.113883.1.11.19255"/>
                           <value code="C48332" displayName="BROWN" codeSystem="2.16.840.1.113883.3.26.1.1" xsi:type="CV"/>
                        </characteristic>
                     </subjectOf>
                     <subjectOf>
                        <characteristic classCode="OBS">
                           <code code="SPLIMPRINT" codeSystem="2.16.840.1.113883.1.11.19255"/>
                           <value xsi:type="ST">G2</value>
                        </characteristic>
                     </subjectOf>
                     <subjectOf>
                        <characteristic classCode="OBS">
                           <code code="SPLSCORE" codeSystem="2.16.840.1.113883.1.11.19255"/>
                           <value value="1" xsi:type="INT"/>
                        </characteristic>
                     </subjectOf>
                     <subjectOf>
                        <characteristic classCode="OBS">
                           <code code="SPLSHAPE" codeSystem="2.16.840.1.113883.1.11.19255"/>
                           <value code="C48348" displayName="ROUND" codeSystem="2.16.840.1.113883.3.26.1.1" xsi:type="CV"/>
                        </characteristic>
                     </subjectOf>
                     <subjectOf>
                        <characteristic classCode="OBS">
                           <code code="SPLSIZE" codeSystem="2.16.840.1.113883.1.11.19255"/>
                           <value unit="mm" value="10" xsi:type="PQ"/>
                        </characteristic>
                     </subjectOf>
                     <consumedIn>
                        <substanceAdministration>
                           <routeCode code="C38288" displayName="ORAL" codeSystem="2.16.840.1.113883.3.26.1.1"/>
                        </substanceAdministration>
                     </consumedIn>
                  </manufacturedProduct>
               </subject>
            </section>
         </component>
         <component>
            <section ID="LINK_458be977-3d6f-494d-811d-140d9c3a4ae1">
               <id root="1e84600e-1024-422b-ba62-e936a40f5468"/>
               <code code="55106-9" codeSystem="2.16.840.1.113883.6.1" displayName="OTC - ACTIVE INGREDIENT SECTION"/>
               <title>Active ingredient (in each tablet)</title>
               <text>
                  <paragraph>Ibuprofen USP,</paragraph>
                  <paragraph>200 mg (NSAID)*</paragraph>
                  <paragraph>*nonsteroidal anti-inflammatory drug</paragraph>
               </text>
               <effectiveTime value="20181227"/>
            </section>
         </component>
         <component>
            <section ID="LINK_056a99d9-4a71-4fea-91fc-3a85163b36b8">
               <id root="dedc9b18-f9d1-47f6-83da-cfdf9755eff0"/>
               <code code="55105-1" codeSystem="2.16.840.1.113883.6.1" displayName="OTC - PURPOSE SECTION"/>
               <title>Purpose</title>
               <text>
                  <paragraph>Pain reliever/fever reducer</paragraph>
               </text>
               <effectiveTime value="20181227"/>
            </section>
         </component>
         <component>
            <section ID="LINK_bd87a9c5-9d5d-4ab2-ade7-3301e276b1d6">
               <id root="1c57634d-1030-48ba-8c93-939cb21f76e0"/>
               <code code="34067-9" codeSystem="2.16.840.1.113883.6.1" displayName="INDICATIONS &amp; USAGE SECTION"/>
               <title>Uses</title>
               <text>
                  <list listType="unordered" styleCode="Disk">
                     <item>temporarily relieves minor aches and pains due to: 

<list listType="unordered" styleCode="Circle">
                           <item>headache

</item>
                           <item>muscular aches

</item>
                           <item>toothache

</item>
                           <item>minor pain of arthritis

</item>
                           <item>backache

</item>
                           <item>the common cold

</item>
                           <item>menstrual cramps</item>
                        </list>
                     </item>
                     <item>temporarily reduces fever</item>
                  </list>
               </text>
               <effectiveTime value="20181227"/>
            </section>
         </component>
         <component>
            <section ID="LINK_8fc6e119-bf50-4efb-86ab-f44fc501ef5a">
               <id root="cef2f077-2a6c-4878-856c-31a19b62e322"/>
               <code code="34071-1" codeSystem="2.16.840.1.113883.6.1" displayName="WARNINGS SECTION"/>
               <title>Warnings</title>
               <text>
                  <paragraph>
                     <content styleCode="bold">Allergy alert</content>: Ibuprofen may cause a severe allergic reaction, especially in people allergic to aspirin. Symptoms may include:</paragraph>
                  <list listType="unordered" styleCode="Disk">
                     <item>hives</item>
                     <item>facial swelling</item>
                     <item>asthma (wheezing)</item>
                     <item>shock</item>
                     <item>skin reddening</item>
                     <item>rash</item>
                     <item>blisters</item>
                  </list>
                  <paragraph>If an allergic reaction occurs, stop use and seek medical help right away.</paragraph>
                  <paragraph>
                     <content styleCode="bold">Stomach bleeding warning</content>: This product contains an NSAID, which may cause severe stomach bleeding. The chance is higher if you:</paragraph>
                  <list listType="unordered" styleCode="Disk">
                     <item>are age 60 or older</item>
                     <item>have had stomach ulcers or bleeding problems</item>
                     <item>take a blood thinning (anticoagulant) or steroid drug</item>
                     <item>take other drugs containing prescription or nonprescription NSAIDs (aspirin, ibuprofen, naproxen, or others)</item>
                     <item>have 3 or more alcoholic drinks every day while using this product</item>
                     <item>take more or for a longer time than directed</item>
                  </list>
               </text>
               <effectiveTime value="20181227"/>
               <component>
                  <section ID="LINK_6826ee86-c670-41a6-87cc-63cafff30b85">
                     <id root="3e61e530-8a38-4598-95d7-01312e29adf5"/>
                     <code code="50570-1" codeSystem="2.16.840.1.113883.6.1" displayName="OTC - DO NOT USE SECTION"/>
                     <title>Do not use</title>
                     <text>
                        <list listType="unordered" styleCode="Disk">
                           <item>if you have ever had an allergic reaction to any other pain reliever/fever reducer</item>
                           <item>right before or after heart surgery</item>
                        </list>
                     </text>
                     <effectiveTime value="20181227"/>
                  </section>
               </component>
               <component>
                  <section ID="LINK_f27557e2-975e-4fd0-a15f-4a8e548b668e">
                     <id root="11662ecc-e4ab-4017-bdef-6cecae964022"/>
                     <code code="50569-3" codeSystem="2.16.840.1.113883.6.1" displayName="OTC - ASK DOCTOR SECTION"/>
                     <title>Ask a doctor before use if</title>
                     <text>
                        <list listType="unordered" styleCode="Disk">
                           <item>stomach bleeding warning applies to you</item>
                           <item>you have problems or serious side effects from taking pain relievers or fever reducers</item>
                           <item>you have a history of stomach problems, such as heartburn</item>
                           <item>you have high blood pressure, heart disease, liver cirrhosis, or kidney disease</item>
                           <item>you have asthma</item>
                           <item>you are taking a diuretic</item>
                        </list>
                     </text>
                     <effectiveTime value="20181227"/>
                  </section>
               </component>
               <component>
                  <section ID="LINK_2f929e1c-da78-4a1c-90bd-651f67801760">
                     <id root="4355b3cf-492d-451b-a379-746273994be1"/>
                     <code code="50568-5" codeSystem="2.16.840.1.113883.6.1" displayName="OTC - ASK DOCTOR/PHARMACIST SECTION"/>
                     <title>Ask a doctor or pharmacist before use if you are</title>
                     <text>
                        <list listType="unordered" styleCode="Disk">
                           <item>under a doctor's care for any serious condition</item>
                           <item>taking aspirin for heart attack or stroke, because ibuprofen may decrease this benefit of aspirin</item>
                           <item>taking any other drug</item>
                        </list>
                     </text>
                     <effectiveTime value="20181227"/>
                  </section>
               </component>
               <component>
                  <section ID="LINK_efcfa115-fb13-4006-b295-905e86cb5ec3">
                     <id root="f08aeb67-5149-4fb9-8410-8cf5c72ab96d"/>
                     <code code="50567-7" codeSystem="2.16.840.1.113883.6.1" displayName="OTC - WHEN USING SECTION"/>
                     <title>When using this product</title>
                     <text>
                        <list listType="unordered" styleCode="Disk">
                           <item>take with food or milk if stomach upset occurs</item>
                           <item>the risk of heart attack or stroke may increase if you use more than directed or for longer than directed</item>
                        </list>
                     </text>
                     <effectiveTime value="20181227"/>
                  </section>
               </component>
               <component>
                  <section ID="LINK_90e35b09-d2b1-47d6-a321-a0cdbbef1a7a">
                     <id root="9d7589a1-e887-4791-9ec3-735fc3ed1cf3"/>
                     <code code="50566-9" codeSystem="2.16.840.1.113883.6.1" displayName="OTC - STOP USE SECTION"/>
                     <title>Stop use and ask a doctor if</title>
                     <text>
                        <list listType="unordered" styleCode="Disk">
                           <item>you experience any of the following signs of stomach bleeding:
<list listType="unordered" styleCode="Circle">
                                 <item>feel faint
</item>
                                 <item>have bloody or black stools
</item>
                                 <item>vomit blood
</item>
                                 <item>have stomach pain that does not get better</item>
                              </list>
                           </item>
                           <item>pain gets worse or lasts more than 10 days
</item>
                           <item>fever gets worse or lasts more than 3 days
</item>
                           <item>redness or swelling is present in the painful area
</item>
                           <item>any new symptoms appear</item>
                        </list>
                     </text>
                     <effectiveTime value="20181227"/>
                  </section>
               </component>
               <component>
                  <section ID="LINK_e7ce3c02-5808-470a-9ed9-5f128a887dc7">
                     <id root="4a38a905-a9d1-4595-a4c0-c277036efe9b"/>
                     <code code="53414-9" codeSystem="2.16.840.1.113883.6.1" displayName="OTC - PREGNANCY OR BREAST FEEDING SECTION"/>
                     <title>If pregnant or breast-feeding,</title>
                     <text>
                        <paragraph>ask a health professional before use. It is especially important not to use ibuprofen during the last 3 months of pregnancy unless definitely directed to do so by a doctor because it may cause problems in the unborn child or complications during delivery.</paragraph>
                     </text>
                     <effectiveTime value="20181227"/>
                  </section>
               </component>
               <component>
                  <section ID="LINK_3c6a92b4-32b0-4153-a703-792235f83a36">
                     <id root="42040244-120c-4464-be90-f3ad6f83f305"/>
                     <code code="50565-1" codeSystem="2.16.840.1.113883.6.1" displayName="OTC - KEEP OUT OF REACH OF CHILDREN SECTION"/>
                     <title>Keep out of reach of children.</title>
                     <text>
                        <paragraph>In case of overdose, get medical help or contact a Poison Control Center right away. (1-800-222-1222)</paragraph>
                     </text>
                     <effectiveTime value="20181227"/>
                  </section>
               </component>
            </section>
         </component>
         <component>
            <section ID="LINK_022ff4eb-3954-451b-84a6-904c1b1a7611">
               <id root="8ec382a0-28c6-4bd5-b30b-96465e48b0af"/>
               <code code="34068-7" codeSystem="2.16.840.1.113883.6.1" displayName="DOSAGE &amp; ADMINISTRATION SECTION"/>
               <title>Directions</title>
               <text>
                  <list listType="unordered" styleCode="Disk">
                     <item>
                        <content styleCode="bold">do not take more than directed</content>
                     </item>
                     <item>
                        <content styleCode="bold">the smallest effective dose should be used</content>
                     </item>
                     <item>adults and children 12 years and older:
<list listType="unordered" styleCode="Circle">
                           <item>take 1 tablet every 4 to 6 hours while symptoms persist</item>
                           <item>if pain or fever does not respond to 1 tablet, 2 tablets may be used</item>
                           <item>do not exceed 6 tablets in 24 hours, unless directed by a doctor</item>
                        </list>
                     </item>
                     <item>children under 12 years: ask a doctor</item>
                  </list>
               </text>
               <effectiveTime value="20181227"/>
            </section>
         </component>
         <component>
            <section ID="LINK_24353f98-31fd-4a8d-9cf9-b09a876068ef">
               <id root="85f3de77-96a7-400b-b17a-fe0f9b62b21a"/>
               <code code="60561-8" codeSystem="2.16.840.1.113883.6.1" displayName="OTHER SAFETY INFORMATION"/>
               <title>Other information</title>
               <text>
                  <list listType="unordered" styleCode="Disk">
                     <item>store between 20º-25ºC (68º-77ºF)</item>
                  </list>
               </text>
               <effectiveTime value="20181227"/>
            </section>
         </component>
         <component>
            <section ID="LINK_b8d9de5a-316f-448c-8932-5f8b1a61d654">
               <id root="f4b1f4a7-410a-47a7-b815-80e62c72c1c3"/>
               <code code="51727-6" codeSystem="2.16.840.1.113883.6.1" displayName="INACTIVE INGREDIENT SECTION"/>
               <title>Inactive ingredients</title>
               <text>
                  <paragraph>colloidal silicon dioxide, corn starch, hypromellose, iron oxide red, lactose monohydrate, povidone (k-30), sodium starch glycolate, stearic acid, titanium dioxide, triacetin</paragraph>
               </text>
               <effectiveTime value="20181227"/>
            </section>
         </component>
         <component>
            <section ID="LINK_52c48d83-ba36-4b63-8d58-b18f8a46dd17">
               <id root="4bf1c47b-6276-4ecb-9203-92c05c308d8f"/>
               <code code="53413-1" codeSystem="2.16.840.1.113883.6.1" displayName="OTC - QUESTIONS SECTION"/>
               <title>Questions or comments?</title>
               <text>
                  <paragraph>Call <content styleCode="bold">1-800-910-6874</content>
                  </paragraph>
               </text>
               <effectiveTime value="20181227"/>
            </section>
         </component>
         <component>
            <section ID="LINK_bf43fa2b-3f15-4a25-b792-bbf1de3a227e">
               <id root="cb19984b-c374-45a2-a17c-68780efda5d3"/>
               <code code="51945-4" codeSystem="2.16.840.1.113883.6.1" displayName="PACKAGE LABEL.PRINCIPAL DISPLAY PANEL"/>
               <title>Principal Display Panel</title>
               <text>
                  <paragraph>Compare to active ingredient in Advil®**</paragraph>
                  <paragraph>
                     <content styleCode="bold">Ibuprofen</content>
                  </paragraph>
                  <paragraph>Tablets usp, 200 mg</paragraph>
                  <paragraph>Pain reliever/Fever reducer <content styleCode="bold">(NSAID)</content>
                  </paragraph>
                  <paragraph>TABLETS</paragraph>
                  <paragraph>**This product is not manufactured or distributed by Pfizer Consumer Healthcare, owner of the registered trademark Advil®.</paragraph>
                  <paragraph>Dist. by Target Corporation</paragraph>
                  <paragraph>Minneapolis, MN 55403</paragraph>
                  <paragraph>
                     <content styleCode="bold">Product of India</content>
                  </paragraph>
                  <paragraph>Shop Target.com</paragraph>
                  <paragraph>
                     <content styleCode="bold">DO NOT USE IF TAMPER-EVIDENT SEAL UNDER BOTTLE CAP IMPRINTED WITH "<content styleCode="italics">SEALED FOR YOUR PROTECTION</content>" IS BROKEN OR MISSING.</content>
                  </paragraph>
                  <paragraph>
                     <content styleCode="bold">KEEP OUTER CARTON FOR COMPLETE WARNINGS AND PRODUCT INFORMATION.</content>
                  </paragraph>
               </text>
               <effectiveTime value="20181227"/>
            </section>
         </component>
         <component>
            <section ID="LINK_a9acbf88-8f52-4378-a41d-922fc34ca109">
               <id root="d793125f-daf6-4ff7-93a4-a973a5f92bf6"/>
               <code code="51945-4" codeSystem="2.16.840.1.113883.6.1" displayName="PACKAGE LABEL.PRINCIPAL DISPLAY PANEL"/>
               <title>Product Label</title>
               <text>
                  <renderMultiMedia referencedObject="MM1">
                     <caption>Target Ibuprofen Tablets</caption>
                  </renderMultiMedia>
               </text>
               <effectiveTime value="20181227"/>
               <component>
                  <observationMedia ID="MM1">
                     <text>Ibuprofen 200 mg Brown tablets</text>
                     <value xsi:type="ED" mediaType="image/jpeg">
                        <reference value="ibuprofen-200-mg-brown-tablet-grn-delisted-1.jpg"/>
                     </value>
                  </observationMedia>
               </component>
            </section>
         </component>
      </structuredBody>
   </component>
</document>