<?xml version="1.0" encoding="UTF-8"?><?xml-stylesheet href="http://www.accessdata.fda.gov/spl/stylesheet/spl.xsl" type="text/xsl"?>
<document xmlns="urn:hl7-org:v3" xmlns:xsi="http://www.w3.org/2001/XMLSchema-instance" xsi:schemaLocation="urn:hl7-org:v3 http://www.accessdata.fda.gov/spl/schema/spl.xsd">
   <id root="1cb44e65-c708-4ac1-a7e8-b59077f9d6a0"/>
   <code code="34390-5" codeSystem="2.16.840.1.113883.6.1" displayName="HUMAN OTC DRUG LABEL"/>
   <effectiveTime value="20150403"/>
   <setId root="c01538b0-ca4c-434a-be8f-fe023deb84e1"/>
   <versionNumber value="1"/>
   <author>
      <time/>
      <assignedEntity>
         <representedOrganization>
            <id root="1.3.6.1.4.1.519.1" extension="036936831"/>
            <name>Provision Medical Products</name>
            <assignedEntity>
               <assignedOrganization>
                  <id extension="036936831" root="1.3.6.1.4.1.519.1"/>
                  <name>Provision Medical Products</name>
                  <assignedEntity>
                     <assignedOrganization>
                        <id root="1.3.6.1.4.1.519.1" extension="085752004"/>
                        <name>Ultraseal Corporation</name>
                     </assignedOrganization>
                     <performance>
                        <actDefinition>
                           <code code="C84731" displayName="pack" codeSystem="2.16.840.1.113883.3.26.1.1"/>
                           <product>
                              <manufacturedProduct classCode="MANU">
                                 <manufacturedMaterialKind>
                                    <code code="69103-2525" codeSystem="2.16.840.1.113883.6.69"/>
                                 </manufacturedMaterialKind>
                              </manufacturedProduct>
                           </product>
                        </actDefinition>
                     </performance>
                  </assignedEntity>
                  <assignedEntity>
                     <assignedOrganization>
                        <id root="1.3.6.1.4.1.519.1" extension="915786829"/>
                        <name>SHASUN PHARMACEUTICALS LIMITED</name>
                     </assignedOrganization>
                     <performance>
                        <actDefinition>
                           <code code="C43360" displayName="manufacture" codeSystem="2.16.840.1.113883.3.26.1.1"/>
                           <product>
                              <manufacturedProduct classCode="MANU">
                                 <manufacturedMaterialKind>
                                    <code code="69103-2525" codeSystem="2.16.840.1.113883.6.69"/>
                                 </manufacturedMaterialKind>
                              </manufacturedProduct>
                           </product>
                        </actDefinition>
                     </performance>
                  </assignedEntity>
               </assignedOrganization>
            </assignedEntity>
         </representedOrganization>
      </assignedEntity>
   </author>
   <component>
      <structuredBody>
         <component>
            <section>
               <id root="89700da3-f64e-41eb-9f7f-16dfe2302409"/>
               <code code="48780-1" codeSystem="2.16.840.1.113883.6.1" displayName="SPL product data elements section"/>
               <title/>
               <text/>
               <effectiveTime value="20150406"/>
               <subject>
                  <manufacturedProduct>
                     <manufacturedProduct>
                        <code code="69103-2525" codeSystem="2.16.840.1.113883.6.69"/>
                        <name>Flex-Prin</name>
                        <formCode code="C42998" codeSystem="2.16.840.1.113883.3.26.1.1" displayName="TABLET"/>
                        <asEntityWithGeneric>
                           <genericMedicine>
                              <name>Ibuprofen</name>
                           </genericMedicine>
                        </asEntityWithGeneric>
                        <ingredient classCode="ACTIB">
                           <quantity>
                              <numerator value="200" unit="mg"/>
                              <denominator value="1" unit="1"/>
                           </quantity>
                           <ingredientSubstance>
                              <code code="WK2XYI10QM" codeSystem="2.16.840.1.113883.4.9"/>
                              <name>IBUPROFEN</name>
                              <activeMoiety>
                                 <activeMoiety>
                                    <code code="WK2XYI10QM" codeSystem="2.16.840.1.113883.4.9"/>
                                    <name>IBUPROFEN</name>
                                 </activeMoiety>
                              </activeMoiety>
                           </ingredientSubstance>
                        </ingredient>
                        <ingredient classCode="IACT">
                           <ingredientSubstance>
                              <code code="M28OL1HH48" codeSystem="2.16.840.1.113883.4.9"/>
                              <name>CROSCARMELLOSE SODIUM</name>
                           </ingredientSubstance>
                        </ingredient>
                        <ingredient classCode="IACT">
                           <ingredientSubstance>
                              <code code="R12CBM0EIZ" codeSystem="2.16.840.1.113883.4.9"/>
                              <name>CARNAUBA WAX</name>
                           </ingredientSubstance>
                        </ingredient>
                        <ingredient classCode="IACT">
                           <ingredientSubstance>
                              <code code="3NXW29V3WO" codeSystem="2.16.840.1.113883.4.9"/>
                              <name>HYPROMELLOSES</name>
                           </ingredientSubstance>
                        </ingredient>
                        <ingredient classCode="IACT">
                           <ingredientSubstance>
                              <code code="B697894SGQ" codeSystem="2.16.840.1.113883.4.9"/>
                              <name>POLYETHYLENE GLYCOL 400</name>
                           </ingredientSubstance>
                        </ingredient>
                        <ingredient classCode="IACT">
                           <ingredientSubstance>
                              <code code="4ELV7Z65AP" codeSystem="2.16.840.1.113883.4.9"/>
                              <name>STEARIC ACID</name>
                           </ingredientSubstance>
                        </ingredient>
                        <ingredient classCode="IACT">
                           <ingredientSubstance>
                              <code code="OP1R32D61U" codeSystem="2.16.840.1.113883.4.9"/>
                              <name>CELLULOSE, MICROCRYSTALLINE</name>
                           </ingredientSubstance>
                        </ingredient>
                        <ingredient classCode="IACT">
                           <ingredientSubstance>
                              <code code="U725QWY32X" codeSystem="2.16.840.1.113883.4.9"/>
                              <name>POVIDONE K30</name>
                           </ingredientSubstance>
                        </ingredient>
                        <ingredient classCode="IACT">
                           <ingredientSubstance>
                              <code code="O8232NY3SJ" codeSystem="2.16.840.1.113883.4.9"/>
                              <name>STARCH, PREGELATINIZED CORN</name>
                           </ingredientSubstance>
                        </ingredient>
                        <ingredient classCode="IACT">
                           <ingredientSubstance>
                              <code code="6OZP39ZG8H" codeSystem="2.16.840.1.113883.4.9"/>
                              <name>POLYSORBATE 80</name>
                           </ingredientSubstance>
                        </ingredient>
                        <ingredient classCode="IACT">
                           <ingredientSubstance>
                              <code code="ETJ7Z6XBU4" codeSystem="2.16.840.1.113883.4.9"/>
                              <name>SILICON DIOXIDE</name>
                           </ingredientSubstance>
                        </ingredient>
                        <ingredient classCode="IACT">
                           <ingredientSubstance>
                              <code code="15FIX9V2JP" codeSystem="2.16.840.1.113883.4.9"/>
                              <name>TITANIUM DIOXIDE</name>
                           </ingredientSubstance>
                        </ingredient>
                        <ingredient classCode="IACT">
                           <ingredientSubstance>
                              <code code="7SEV7J4R1U" codeSystem="2.16.840.1.113883.4.9"/>
                              <name>TALC</name>
                           </ingredientSubstance>
                        </ingredient>
                        <asContent>
                           <quantity>
                              <numerator value="2" unit="1"/>
                              <denominator value="1" unit="1"/>
                           </quantity>
                           <containerPackagedProduct>
                              <code/>
                              <formCode code="C43199" displayName="PACKET" codeSystem="2.16.840.1.113883.3.26.1.1"/>
                              <asContent>
                                 <quantity>
                                    <numerator value="250" unit="1"/>
                                    <denominator value="1" unit="1"/>
                                 </quantity>
                                 <containerPackagedProduct>
                                    <code code="69103-2525-5" codeSystem="2.16.840.1.113883.6.69"/>
                                    <formCode code="C43182" displayName="CARTON" codeSystem="2.16.840.1.113883.3.26.1.1"/>
                                 </containerPackagedProduct>
                                 <subjectOf>
                                    <marketingAct>
                                       <code code="C53292" codeSystem="2.16.840.1.113883.3.26.1.1"/>
                                       <statusCode code="active"/>
                                       <effectiveTime>
                                          <low value="20150405"/>
                                       </effectiveTime>
                                    </marketingAct>
                                 </subjectOf>
                              </asContent>
                           </containerPackagedProduct>
                           <subjectOf>
                              <characteristic classCode="OBS">
                                 <code code="SPLCMBPRDTP" codeSystem="2.16.840.1.113883.1.11.19255"/>
                                 <value code="C112160" displayName="Type 0: Not a Combination Product" codeSystem="2.16.840.1.113883.3.26.1.1" xsi:type="CE"/>
                              </characteristic>
                           </subjectOf>
                        </asContent>
                        <asContent>
                           <quantity>
                              <numerator value="2" unit="1"/>
                              <denominator value="1" unit="1"/>
                           </quantity>
                           <containerPackagedProduct>
                              <code/>
                              <formCode code="C43199" displayName="PACKET" codeSystem="2.16.840.1.113883.3.26.1.1"/>
                              <asContent>
                                 <quantity>
                                    <numerator value="100" unit="1"/>
                                    <denominator value="1" unit="1"/>
                                 </quantity>
                                 <containerPackagedProduct>
                                    <code code="69103-2525-6" codeSystem="2.16.840.1.113883.6.69"/>
                                    <formCode code="C43182" displayName="CARTON" codeSystem="2.16.840.1.113883.3.26.1.1"/>
                                 </containerPackagedProduct>
                                 <subjectOf>
                                    <marketingAct>
                                       <code code="C53292" codeSystem="2.16.840.1.113883.3.26.1.1"/>
                                       <statusCode code="active"/>
                                       <effectiveTime>
                                          <low value="20150405"/>
                                       </effectiveTime>
                                    </marketingAct>
                                 </subjectOf>
                              </asContent>
                           </containerPackagedProduct>
                           <subjectOf>
                              <characteristic classCode="OBS">
                                 <code code="SPLCMBPRDTP" codeSystem="2.16.840.1.113883.1.11.19255"/>
                                 <value code="C112160" displayName="Type 0: Not a Combination Product" codeSystem="2.16.840.1.113883.3.26.1.1" xsi:type="CE"/>
                              </characteristic>
                           </subjectOf>
                        </asContent>
                     </manufacturedProduct>
                     <subjectOf>
                        <marketingAct>
                           <code code="C53292" codeSystem="2.16.840.1.113883.3.26.1.1"/>
                           <statusCode code="active"/>
                           <effectiveTime>
                              <low value="20150331"/>
                           </effectiveTime>
                        </marketingAct>
                     </subjectOf>
                     <subjectOf>
                        <approval>
                           <id extension="ANDA079129" root="2.16.840.1.113883.3.150"/>
                           <code code="C73584" codeSystem="2.16.840.1.113883.3.26.1.1" displayName="ANDA"/>
                           <author>
                              <territorialAuthority>
                                 <territory>
                                    <code code="USA" codeSystem="2.16.840.1.113883.5.28"/>
                                 </territory>
                              </territorialAuthority>
                           </author>
                        </approval>
                     </subjectOf>
                     <subjectOf>
                        <characteristic>
                           <code code="SPLCOLOR" codeSystem="2.16.840.1.113883.1.11.19255"/>
                           <value code="C48332" codeSystem="2.16.840.1.113883.3.26.1.1" displayName="brown" xsi:type="CE"/>
                        </characteristic>
                     </subjectOf>
                     <subjectOf>
                        <characteristic>
                           <code code="SPLSHAPE" codeSystem="2.16.840.1.113883.1.11.19255"/>
                           <value code="C48348" codeSystem="2.16.840.1.113883.3.26.1.1" displayName="ROUND" xsi:type="CE"/>
                        </characteristic>
                     </subjectOf>
                     <subjectOf>
                        <characteristic>
                           <code code="SPLSIZE" codeSystem="2.16.840.1.113883.1.11.19255"/>
                           <value unit="mm" value="10" xsi:type="PQ"/>
                        </characteristic>
                     </subjectOf>
                     <subjectOf>
                        <characteristic>
                           <code code="SPLIMPRINT" codeSystem="2.16.840.1.113883.1.11.19255"/>
                           <value xsi:type="ST">IBU200</value>
                        </characteristic>
                     </subjectOf>
                     <subjectOf>
                        <characteristic>
                           <code code="SPLSCORE" codeSystem="2.16.840.1.113883.1.11.19255"/>
                           <value xsi:type="INT" value="1"/>
                        </characteristic>
                     </subjectOf>
                     <consumedIn>
                        <substanceAdministration>
                           <routeCode code="C38288" codeSystem="2.16.840.1.113883.3.26.1.1" displayName="ORAL"/>
                        </substanceAdministration>
                     </consumedIn>
                  </manufacturedProduct>
               </subject>
            </section>
         </component>
         <component>
            <section ID="Lf33325ad-cc9a-44b0-93da-a15334716df2">
               <id root="cdffe80b-7711-4d85-bed8-6b546af516d4"/>
               <code code="34067-9" codeSystem="2.16.840.1.113883.6.1" displayName="INDICATIONS &amp; USAGE SECTION"/>
               <text>
                  <paragraph>Uses: temporarily relieves minor aches and pains due to:•headache • minor pain of arthritis • the common cold • toothache • backache • menstrual cramps • muscular aches • temporarily reduces fever</paragraph>
                  <paragraph/>
                  <paragraph/>
               </text>
               <effectiveTime value="20150406"/>
            </section>
         </component>
         <component>
            <section ID="Lca2fb692-cdf4-4195-aee8-3807a34a680e">
               <id root="6c06f9bb-901e-4961-9fb0-11ee775bccd6"/>
               <code code="53414-9" codeSystem="2.16.840.1.113883.6.1" displayName="OTC - PREGNANCY OR BREAST FEEDING SECTION"/>
               <text>
                  <paragraph>If pregnant or breast-feeding, ask a health</paragraph>
                  <paragraph>professional before use. It is especially important not to</paragraph>
                  <paragraph>use Ibuprofen during the last 3 months of pregnancy</paragraph>
                  <paragraph>unless directed to do so by a doctor because it may</paragraph>
                  <paragraph>cause problems in the unborn</paragraph>
                  <paragraph>child or complications during delivery.</paragraph>
                  <paragraph/>
               </text>
               <effectiveTime value="20150406"/>
            </section>
         </component>
         <component>
            <section ID="L9cc148e3-d4e2-47c6-81ba-7e73a5642b49">
               <id root="c458b76e-5bf7-4ecd-9bdf-3c6a58cab9f0"/>
               <code code="50565-1" codeSystem="2.16.840.1.113883.6.1" displayName="OTC - KEEP OUT OF REACH OF CHILDREN SECTION"/>
               <text>
                  <paragraph>KEEP OUT OF REACH OF CHILDREN. In</paragraph>
                  <paragraph>case of overdose, get medical help or</paragraph>
                  <paragraph>contact a Poison Control Center right</paragraph>
                  <paragraph>away.</paragraph>
                  <paragraph/>
               </text>
               <effectiveTime value="20150406"/>
            </section>
         </component>
         <component>
            <section ID="Le1ecbeda-4e5a-4b4a-9f9a-2f4d7b311278">
               <id root="a0308c56-bc71-427b-8594-e58c769fbccc"/>
               <code code="34071-1" codeSystem="2.16.840.1.113883.6.1" displayName="WARNINGS SECTION"/>
               <text>
                  <paragraph>Warnings:</paragraph>
                  <paragraph>Allergy Alert: Ibuprofen may cause a severe allergic</paragraph>
                  <paragraph>reaction which may include:</paragraph>
                  <paragraph>• hives • shock • facial swelling • asthma (wheezing)</paragraph>
                  <paragraph>Alcohol Warning: If you consume 3 or more alcoholic</paragraph>
                  <paragraph>drinks every day, ask your doctor whether you should</paragraph>
                  <paragraph>take Ibuprofen or other pain relievers/ fever reducers.</paragraph>
                  <paragraph>Ibuprofen may cause stomach bleeding.</paragraph>
                  <paragraph>Do not use:</paragraph>
                  <paragraph>• if you have ever had an allergic reaction to any</paragraph>
                  <paragraph>other pain reliever/fever reducer</paragraph>
                  <paragraph>Ask a doctor before use if you have:</paragraph>
                  <paragraph>• stomach pain</paragraph>
                  <paragraph>• problems or serious side eects from taking</paragraph>
                  <paragraph>pain relievers or fever reducers</paragraph>
                  <paragraph>Ask a doctor or pharmacist before use if you are:</paragraph>
                  <paragraph>• under a doctor's care for any serious condition</paragraph>
                  <paragraph>• taking any other drug</paragraph>
                  <paragraph>• taking any other product that contains Ibuprofen,</paragraph>
                  <paragraph>or any other pain reliever/fever reducer</paragraph>
                  <paragraph>When using this product give with food or milk if</paragraph>
                  <paragraph>stomach upset occurs.</paragraph>
                  <paragraph>Stop use and ask a doctor if:</paragraph>
                  <paragraph>• an allergic reaction occurs. Seek medical help right</paragraph>
                  <paragraph>away • pain gets worse or lasts more than 10 days</paragraph>
                  <paragraph>• fever gets worse or lasts more than 3 days</paragraph>
                  <paragraph>• stomach pain or upset gets worse or lasts</paragraph>
                  <paragraph>• any new symptoms appear • redness or swelling is</paragraph>
                  <paragraph>present in the painful area</paragraph>
               </text>
               <effectiveTime value="20150406"/>
            </section>
         </component>
         <component>
            <section ID="Lf32ac422-4cb0-4ff3-8270-782254eb4bd5">
               <id root="fbb41a37-7842-4a39-b0fa-da512499ff36"/>
               <code code="34068-7" codeSystem="2.16.840.1.113883.6.1" displayName="DOSAGE &amp; ADMINISTRATION SECTION"/>
               <text>
                  <paragraph>Directions:</paragraph>
                  <paragraph>• Do not take more than directed.</paragraph>
                  <paragraph>Adults and children 12 years and older</paragraph>
                  <paragraph>• Take 1  tablet every 4 to 6  hours while symptoms</paragraph>
                  <paragraph>• If pain or fever does not respond to 1 tablet, 2 tablets may be used. </paragraph>
                  <paragraph>Do not exceed 6 tablets in 24 hours, unless as directed by a doctor.</paragraph>
                  <paragraph>• The smallest effective dose should be used.</paragraph>
                  <paragraph>Children under 12 year</paragraph>
                  <paragraph>• Ask a doctor.</paragraph>
                  <paragraph/>
                  <paragraph/>
               </text>
               <effectiveTime value="20150406"/>
            </section>
         </component>
         <component>
            <section ID="L0dbcf7db-bbcb-4052-85c7-c488eb17c8ed">
               <id root="37d6ced7-eb78-4038-a61d-354f27d1abc8"/>
               <code code="51727-6" codeSystem="2.16.840.1.113883.6.1" displayName="INACTIVE INGREDIENT SECTION"/>
               <text>
                  <paragraph>Inactive Ingredients:</paragraph>
                  <paragraph>carnauba wax, croscarmellose sodium,</paragraph>
                  <paragraph>hydroxypropyl methylcellulose,</paragraph>
                  <paragraph>microcrystalline cellulose,</paragraph>
                  <paragraph>polyethylene glycol, polysorbate 80,</paragraph>
                  <paragraph>povidone, pregelatinized starch, silicon</paragraph>
                  <paragraph>dioxide, sodium starch glycolate,</paragraph>
                  <paragraph>stearic acid and titanium dioxide.</paragraph>
               </text>
               <effectiveTime value="20150406"/>
            </section>
         </component>
         <component>
            <section ID="L2329b1b7-33cb-402d-9531-9f9a0900c8f0">
               <id root="86cf3026-6558-48df-b023-fe995f53f78d"/>
               <code code="55106-9" codeSystem="2.16.840.1.113883.6.1" displayName="OTC - ACTIVE INGREDIENT SECTION"/>
               <text>
                  <paragraph>ACTIVE INGREDIENT-IBUPROFEN 200 MG</paragraph>
               </text>
               <effectiveTime value="20150406"/>
            </section>
         </component>
         <component>
            <section ID="Lecd2028e-15c8-447a-9e20-a9109e3a069e">
               <id root="e3a75ae3-36f2-456e-bd72-55ead9464ec5"/>
               <code code="55105-1" codeSystem="2.16.840.1.113883.6.1" displayName="OTC - PURPOSE SECTION"/>
               <text>
                  <paragraph>PAIN RELIEVER/FEVER REDUCER</paragraph>
               </text>
               <effectiveTime value="20150406"/>
            </section>
         </component>
         <component>
            <section ID="Laa4cc986-3206-44e3-82e5-ad449244fd47">
               <id root="7050b554-10bb-4eb2-aba8-feb2f34af52e"/>
               <code code="51945-4" codeSystem="2.16.840.1.113883.6.1" displayName="PACKAGE LABEL.PRINCIPAL DISPLAY PANEL"/>
               <text>
                  <paragraph>
                     <renderMultiMedia referencedObject="L05ac17a4-e289-4fc0-8c1d-91b1b87c5767"/>
                  </paragraph>
               </text>
               <effectiveTime value="20150406"/>
               <component>
                  <observationMedia ID="L05ac17a4-e289-4fc0-8c1d-91b1b87c5767">
                     <text>FLEX PRIN BOX</text>
                     <value mediaType="image/jpeg" xsi:type="ED">
                        <reference value="Ibuprofen.jpg"/>
                     </value>
                  </observationMedia>
               </component>
            </section>
         </component>
      </structuredBody>
   </component>
</document>