<?xml version="1.0" encoding="UTF-8"?><?xml-stylesheet href="http://www.accessdata.fda.gov/spl/stylesheet/spl.xsl" type="text/xsl"?>
<document xmlns="urn:hl7-org:v3" xmlns:xsi="http://www.w3.org/2001/XMLSchema-instance" xsi:schemaLocation="urn:hl7-org:v3 https://www.accessdata.fda.gov/spl/schema/spl.xsd">
   <id root="1d71acfa-3e4d-43d5-9614-26967dfdd03d"/>
   <code code="34390-5" displayName="HUMAN OTC DRUG LABEL" codeSystem="2.16.840.1.113883.6.1"/>
   <title>Exchange Select 44-291</title>
   <effectiveTime value="20191121"/>
   <setId root="718a4b73-5f46-4676-afda-f0b4819f5862"/>
   <versionNumber value="10"/>
   <author>
      <time/>
      <assignedEntity>
         <representedOrganization>
            <id extension="001695568" root="1.3.6.1.4.1.519.1"/>
            <name>ARMY AND AIR FORCE EXCHANGE SERVICE</name>
            <assignedEntity>
               <assignedOrganization>
                  <assignedEntity>
                     <assignedOrganization>
                        <id extension="038154464" root="1.3.6.1.4.1.519.1"/>
                        <name>LNK International, Inc.</name>
                     </assignedOrganization>
                     <performance>
                        <actDefinition>
                           <code code="C84731" displayName="PACK" codeSystem="2.16.840.1.113883.3.26.1.1"/>
                           <product>
                              <manufacturedProduct classCode="MANU">
                                 <manufacturedMaterialKind>
                                    <code code="55301-291" codeSystem="2.16.840.1.113883.6.69"/>
                                 </manufacturedMaterialKind>
                              </manufacturedProduct>
                           </product>
                        </actDefinition>
                     </performance>
                  </assignedEntity>
                  <assignedEntity>
                     <assignedOrganization>
                        <id extension="832867894" root="1.3.6.1.4.1.519.1"/>
                        <name>LNK International, Inc.</name>
                     </assignedOrganization>
                     <performance>
                        <actDefinition>
                           <code code="C43360" displayName="MANUFACTURE" codeSystem="2.16.840.1.113883.3.26.1.1"/>
                           <product>
                              <manufacturedProduct classCode="MANU">
                                 <manufacturedMaterialKind>
                                    <code code="55301-291" codeSystem="2.16.840.1.113883.6.69"/>
                                 </manufacturedMaterialKind>
                              </manufacturedProduct>
                           </product>
                        </actDefinition>
                     </performance>
                  </assignedEntity>
                  <assignedEntity>
                     <assignedOrganization>
                        <id extension="868734088" root="1.3.6.1.4.1.519.1"/>
                        <name>LNK International, Inc.</name>
                     </assignedOrganization>
                     <performance>
                        <actDefinition>
                           <code code="C84731" displayName="PACK" codeSystem="2.16.840.1.113883.3.26.1.1"/>
                           <product>
                              <manufacturedProduct classCode="MANU">
                                 <manufacturedMaterialKind>
                                    <code code="55301-291" codeSystem="2.16.840.1.113883.6.69"/>
                                 </manufacturedMaterialKind>
                              </manufacturedProduct>
                           </product>
                        </actDefinition>
                     </performance>
                  </assignedEntity>
                  <assignedEntity>
                     <assignedOrganization>
                        <id extension="832867837" root="1.3.6.1.4.1.519.1"/>
                        <name>LNK International, Inc.</name>
                     </assignedOrganization>
                     <performance>
                        <actDefinition>
                           <code code="C84731" displayName="PACK" codeSystem="2.16.840.1.113883.3.26.1.1"/>
                           <product>
                              <manufacturedProduct classCode="MANU">
                                 <manufacturedMaterialKind>
                                    <code code="55301-291" codeSystem="2.16.840.1.113883.6.69"/>
                                 </manufacturedMaterialKind>
                              </manufacturedProduct>
                           </product>
                        </actDefinition>
                     </performance>
                  </assignedEntity>
                  <assignedEntity>
                     <assignedOrganization>
                        <id extension="967626305" root="1.3.6.1.4.1.519.1"/>
                        <name>LNK International, Inc.</name>
                     </assignedOrganization>
                     <performance>
                        <actDefinition>
                           <code code="C84731" displayName="PACK" codeSystem="2.16.840.1.113883.3.26.1.1"/>
                           <product>
                              <manufacturedProduct classCode="MANU">
                                 <manufacturedMaterialKind>
                                    <code code="55301-291" codeSystem="2.16.840.1.113883.6.69"/>
                                 </manufacturedMaterialKind>
                              </manufacturedProduct>
                           </product>
                        </actDefinition>
                     </performance>
                  </assignedEntity>
               </assignedOrganization>
            </assignedEntity>
         </representedOrganization>
      </assignedEntity>
   </author>
   <component>
      <structuredBody>
         <component>
            <section>
               <id root="1d8febf3-aa30-4826-9ac1-187fad018163"/>
               <code code="48780-1" displayName="SPL LISTING DATA ELEMENTS SECTION" codeSystem="2.16.840.1.113883.6.1"/>
               <effectiveTime value="20191121"/>
               <subject>
                  <manufacturedProduct>
                     <manufacturedProduct>
                        <code code="55301-291" codeSystem="2.16.840.1.113883.6.69"/>
                        <name>Ibuprofen</name>
                        <formCode code="C42998" displayName="TABLET" codeSystem="2.16.840.1.113883.3.26.1.1"/>
                        <asEntityWithGeneric>
                           <genericMedicine>
                              <name>Ibuprofen</name>
                           </genericMedicine>
                        </asEntityWithGeneric>
                        <ingredient classCode="ACTIB">
                           <quantity>
                              <numerator unit="mg" value="200"/>
                              <denominator unit="1" value="1"/>
                           </quantity>
                           <ingredientSubstance>
                              <code code="WK2XYI10QM" codeSystem="2.16.840.1.113883.4.9"/>
                              <name>IBUPROFEN</name>
                              <activeMoiety>
                                 <activeMoiety>
                                    <code code="WK2XYI10QM" codeSystem="2.16.840.1.113883.4.9"/>
                                    <name>IBUPROFEN</name>
                                 </activeMoiety>
                              </activeMoiety>
                           </ingredientSubstance>
                        </ingredient>
                        <ingredient classCode="IACT">
                           <ingredientSubstance>
                              <code code="3NXW29V3WO" codeSystem="2.16.840.1.113883.4.9"/>
                              <name>HYPROMELLOSE, UNSPECIFIED</name>
                           </ingredientSubstance>
                        </ingredient>
                        <ingredient classCode="IACT">
                           <ingredientSubstance>
                              <code code="70097M6I30" codeSystem="2.16.840.1.113883.4.9"/>
                              <name>MAGNESIUM STEARATE</name>
                           </ingredientSubstance>
                        </ingredient>
                        <ingredient classCode="IACT">
                           <ingredientSubstance>
                              <code code="OP1R32D61U" codeSystem="2.16.840.1.113883.4.9"/>
                              <name>CELLULOSE, MICROCRYSTALLINE</name>
                           </ingredientSubstance>
                        </ingredient>
                        <ingredient classCode="IACT">
                           <ingredientSubstance>
                              <code code="VH2XOU12IE" codeSystem="2.16.840.1.113883.4.9"/>
                              <name>POLYDEXTROSE</name>
                           </ingredientSubstance>
                        </ingredient>
                        <ingredient classCode="IACT">
                           <ingredientSubstance>
                              <code code="3WJQ0SDW1A" codeSystem="2.16.840.1.113883.4.9"/>
                              <name>POLYETHYLENE GLYCOL, UNSPECIFIED</name>
                           </ingredientSubstance>
                        </ingredient>
                        <ingredient classCode="IACT">
                           <ingredientSubstance>
                              <code code="4ELV7Z65AP" codeSystem="2.16.840.1.113883.4.9"/>
                              <name>STEARIC ACID</name>
                           </ingredientSubstance>
                        </ingredient>
                        <ingredient classCode="IACT">
                           <ingredientSubstance>
                              <code code="15FIX9V2JP" codeSystem="2.16.840.1.113883.4.9"/>
                              <name>TITANIUM DIOXIDE</name>
                           </ingredientSubstance>
                        </ingredient>
                        <ingredient classCode="IACT">
                           <ingredientSubstance>
                              <code code="R12CBM0EIZ" codeSystem="2.16.840.1.113883.4.9"/>
                              <name>CARNAUBA WAX</name>
                           </ingredientSubstance>
                        </ingredient>
                        <ingredient classCode="IACT">
                           <ingredientSubstance>
                              <code code="O8232NY3SJ" codeSystem="2.16.840.1.113883.4.9"/>
                              <name>STARCH, CORN</name>
                           </ingredientSubstance>
                        </ingredient>
                        <ingredient classCode="IACT">
                           <ingredientSubstance>
                              <code code="3SY5LH9PMK" codeSystem="2.16.840.1.113883.4.9"/>
                              <name>ANHYDROUS LACTOSE</name>
                           </ingredientSubstance>
                        </ingredient>
                        <ingredient classCode="IACT">
                           <ingredientSubstance>
                              <code code="ETJ7Z6XBU4" codeSystem="2.16.840.1.113883.4.9"/>
                              <name>SILICON DIOXIDE</name>
                           </ingredientSubstance>
                        </ingredient>
                        <ingredient classCode="IACT">
                           <ingredientSubstance>
                              <code code="1K09F3G675" codeSystem="2.16.840.1.113883.4.9"/>
                              <name>FERRIC OXIDE RED</name>
                           </ingredientSubstance>
                        </ingredient>
                        <ingredient classCode="IACT">
                           <ingredientSubstance>
                              <code code="5856J3G2A2" codeSystem="2.16.840.1.113883.4.9"/>
                              <name>SODIUM STARCH GLYCOLATE TYPE A POTATO</name>
                           </ingredientSubstance>
                        </ingredient>
                        <asContent>
                           <quantity>
                              <numerator unit="1" value="10"/>
                              <denominator value="1"/>
                           </quantity>
                           <containerPackagedProduct>
                              <code/>
                              <formCode code="C43169" displayName="BOTTLE" codeSystem="2.16.840.1.113883.3.26.1.1"/>
                              <asContent>
                                 <quantity>
                                    <numerator unit="1" value="1"/>
                                    <denominator value="1"/>
                                 </quantity>
                                 <containerPackagedProduct>
                                    <code code="55301-291-03" codeSystem="2.16.840.1.113883.6.69"/>
                                    <formCode code="C43233" displayName="PACKAGE" codeSystem="2.16.840.1.113883.3.26.1.1"/>
                                 </containerPackagedProduct>
                                 <subjectOf>
                                    <marketingAct>
                                       <code code="C53292" codeSystem="2.16.840.1.113883.3.26.1.1"/>
                                       <statusCode code="active"/>
                                       <effectiveTime>
                                          <low value="19880524"/>
                                       </effectiveTime>
                                    </marketingAct>
                                 </subjectOf>
                              </asContent>
                           </containerPackagedProduct>
                           <subjectOf>
                              <characteristic>
                                 <code code="SPLCMBPRDTP" codeSystem="2.16.840.1.113883.1.11.19255"/>
                                 <value code="C112160" displayName="Type 0: Not a Combination Product" codeSystem="2.16.840.1.113883.3.26.1.1" xsi:type="CV"/>
                              </characteristic>
                           </subjectOf>
                        </asContent>
                        <asContent>
                           <quantity>
                              <numerator unit="1" value="100"/>
                              <denominator value="1"/>
                           </quantity>
                           <containerPackagedProduct>
                              <code/>
                              <formCode code="C43173" displayName="BOTTLE, PLASTIC" codeSystem="2.16.840.1.113883.3.26.1.1"/>
                              <asContent>
                                 <quantity>
                                    <numerator unit="1" value="1"/>
                                    <denominator value="1"/>
                                 </quantity>
                                 <containerPackagedProduct>
                                    <code code="55301-291-12" codeSystem="2.16.840.1.113883.6.69"/>
                                    <formCode code="C43182" displayName="CARTON" codeSystem="2.16.840.1.113883.3.26.1.1"/>
                                 </containerPackagedProduct>
                                 <subjectOf>
                                    <marketingAct>
                                       <code code="C53292" codeSystem="2.16.840.1.113883.3.26.1.1"/>
                                       <statusCode code="active"/>
                                       <effectiveTime>
                                          <low value="19880524"/>
                                       </effectiveTime>
                                    </marketingAct>
                                 </subjectOf>
                              </asContent>
                           </containerPackagedProduct>
                           <subjectOf>
                              <characteristic>
                                 <code code="SPLCMBPRDTP" codeSystem="2.16.840.1.113883.1.11.19255"/>
                                 <value code="C112160" displayName="Type 0: Not a Combination Product" codeSystem="2.16.840.1.113883.3.26.1.1" xsi:type="CV"/>
                              </characteristic>
                           </subjectOf>
                        </asContent>
                        <asContent>
                           <quantity>
                              <numerator unit="1" value="200"/>
                              <denominator value="1"/>
                           </quantity>
                           <containerPackagedProduct>
                              <code code="55301-291-06" codeSystem="2.16.840.1.113883.6.69"/>
                              <formCode code="C43173" displayName="BOTTLE, PLASTIC" codeSystem="2.16.840.1.113883.3.26.1.1"/>
                           </containerPackagedProduct>
                           <subjectOf>
                              <characteristic>
                                 <code code="SPLCMBPRDTP" codeSystem="2.16.840.1.113883.1.11.19255"/>
                                 <value code="C112160" displayName="Type 0: Not a Combination Product" codeSystem="2.16.840.1.113883.3.26.1.1" xsi:type="CV"/>
                              </characteristic>
                           </subjectOf>
                           <subjectOf>
                              <marketingAct>
                                 <code code="C53292" codeSystem="2.16.840.1.113883.3.26.1.1"/>
                                 <statusCode code="active"/>
                                 <effectiveTime>
                                    <low value="19880524"/>
                                 </effectiveTime>
                              </marketingAct>
                           </subjectOf>
                        </asContent>
                        <asContent>
                           <quantity>
                              <numerator unit="1" value="500"/>
                              <denominator value="1"/>
                           </quantity>
                           <containerPackagedProduct>
                              <code code="55301-291-14" codeSystem="2.16.840.1.113883.6.69"/>
                              <formCode code="C43173" displayName="BOTTLE, PLASTIC" codeSystem="2.16.840.1.113883.3.26.1.1"/>
                           </containerPackagedProduct>
                           <subjectOf>
                              <characteristic>
                                 <code code="SPLCMBPRDTP" codeSystem="2.16.840.1.113883.1.11.19255"/>
                                 <value code="C112160" displayName="Type 0: Not a Combination Product" codeSystem="2.16.840.1.113883.3.26.1.1" xsi:type="CV"/>
                              </characteristic>
                           </subjectOf>
                           <subjectOf>
                              <marketingAct>
                                 <code code="C53292" codeSystem="2.16.840.1.113883.3.26.1.1"/>
                                 <statusCode code="active"/>
                                 <effectiveTime>
                                    <low value="19880524"/>
                                 </effectiveTime>
                              </marketingAct>
                           </subjectOf>
                        </asContent>
                     </manufacturedProduct>
                     <subjectOf>
                        <approval>
                           <id extension="ANDA075010" root="2.16.840.1.113883.3.150"/>
                           <code code="C73584" displayName="ANDA" codeSystem="2.16.840.1.113883.3.26.1.1"/>
                           <author>
                              <territorialAuthority>
                                 <territory>
                                    <code code="USA" codeSystem="2.16.840.1.113883.5.28"/>
                                 </territory>
                              </territorialAuthority>
                           </author>
                        </approval>
                     </subjectOf>
                     <subjectOf>
                        <marketingAct>
                           <code code="C53292" codeSystem="2.16.840.1.113883.3.26.1.1"/>
                           <statusCode code="active"/>
                           <effectiveTime>
                              <low value="19880524"/>
                           </effectiveTime>
                        </marketingAct>
                     </subjectOf>
                     <subjectOf>
                        <characteristic classCode="OBS">
                           <code code="SPLCOLOR" codeSystem="2.16.840.1.113883.1.11.19255"/>
                           <value code="C48332" displayName="BROWN" codeSystem="2.16.840.1.113883.3.26.1.1" xsi:type="CV"/>
                        </characteristic>
                     </subjectOf>
                     <subjectOf>
                        <characteristic classCode="OBS">
                           <code code="SPLIMPRINT" codeSystem="2.16.840.1.113883.1.11.19255"/>
                           <value xsi:type="ST">44;291</value>
                        </characteristic>
                     </subjectOf>
                     <subjectOf>
                        <characteristic classCode="OBS">
                           <code code="SPLSCORE" codeSystem="2.16.840.1.113883.1.11.19255"/>
                           <value value="1" xsi:type="INT"/>
                        </characteristic>
                     </subjectOf>
                     <subjectOf>
                        <characteristic classCode="OBS">
                           <code code="SPLSHAPE" codeSystem="2.16.840.1.113883.1.11.19255"/>
                           <value code="C48348" displayName="ROUND" codeSystem="2.16.840.1.113883.3.26.1.1" xsi:type="CV"/>
                        </characteristic>
                     </subjectOf>
                     <subjectOf>
                        <characteristic classCode="OBS">
                           <code code="SPLSIZE" codeSystem="2.16.840.1.113883.1.11.19255"/>
                           <value unit="mm" value="10" xsi:type="PQ"/>
                        </characteristic>
                     </subjectOf>
                     <consumedIn>
                        <substanceAdministration>
                           <routeCode code="C38288" displayName="ORAL" codeSystem="2.16.840.1.113883.3.26.1.1"/>
                        </substanceAdministration>
                     </consumedIn>
                  </manufacturedProduct>
               </subject>
            </section>
         </component>
         <component>
            <section ID="LINK_e42f5598-e0e0-4a13-a086-dd47f2af4bcc">
               <id root="a05c4bfe-162d-4d88-b0f7-0e9498e9b9b0"/>
               <code code="55106-9" codeSystem="2.16.840.1.113883.6.1" displayName="OTC - ACTIVE INGREDIENT SECTION"/>
               <title>
                  <content styleCode="italics">
                     <content styleCode="bold">Active ingredient (in each brown tablet)</content>
                  </content>
               </title>
               <text>
                  <paragraph>Ibuprofen USP, 200 mg (NSAID)*</paragraph>
                  <paragraph>*nonsteroidal anti-inflammatory drug</paragraph>
               </text>
               <effectiveTime value="20160222"/>
            </section>
         </component>
         <component>
            <section ID="LINK_07a54c2a-6fe0-464a-80da-15536799ed43">
               <id root="549b6ab4-865f-406f-b622-8c5d39d3e5b5"/>
               <code code="55105-1" codeSystem="2.16.840.1.113883.6.1" displayName="OTC - PURPOSE SECTION"/>
               <title>
                  <content styleCode="bold">
                     <content styleCode="italics">Purpose</content>
                  </content>
               </title>
               <text>
                  <paragraph>Pain reliever/fever reducer</paragraph>
               </text>
               <effectiveTime value="20160222"/>
            </section>
         </component>
         <component>
            <section ID="LINK_974cfb2b-21ae-4c3b-ae44-b45a4e08c3ea">
               <id root="5c89c96b-2b76-4985-b777-f1a9c59c0f1c"/>
               <code code="34067-9" codeSystem="2.16.840.1.113883.6.1" displayName="INDICATIONS &amp; USAGE SECTION"/>
               <title>
                  <content styleCode="bold">
                     <content styleCode="italics">Uses</content>
                  </content>
               </title>
               <text>
                  <list listType="unordered" styleCode="Disc">
                     <item>temporarily relieves minor aches and pains due to:<list listType="unordered" styleCode="Disc">
                           <item>menstrual cramps</item>
                           <item>headaches</item>
                           <item>toothache</item>
                           <item>backache</item>
                           <item>the common cold</item>
                           <item>muscular aches<br/>
                           </item>
                           <item>minor pain of arthritis</item>
                        </list>
                     </item>
                     <item>temporarily reduces fever</item>
                  </list>
               </text>
               <effectiveTime value="20181126"/>
            </section>
         </component>
         <component>
            <section ID="LINK_8dceb2e8-600c-42c9-b892-c9d39a2ed801">
               <id root="5be3b93e-2ad1-4bb3-9789-327f9bf9d513"/>
               <code code="34071-1" codeSystem="2.16.840.1.113883.6.1" displayName="WARNINGS SECTION"/>
               <title>
                  <content styleCode="bold">
                     <content styleCode="italics">Warnings</content>
                  </content>
               </title>
               <text>
                  <paragraph>
                     <content styleCode="bold">Allergy alert:</content> Ibuprofen may cause a severe allergic reaction, especially in people allergic to aspirin. Symptoms may include:<br/>
                  </paragraph>
                  <list listType="unordered" styleCode="Disk">
                     <item>hives</item>
                     <item>facial swelling</item>
                     <item>asthma (wheezing)</item>
                     <item>shock</item>
                     <item>skin reddening</item>
                     <item>rash</item>
                     <item>blisters<br/>
                     </item>
                  </list>
                  <paragraph>If an allergic reaction occurs, stop use and seek medical help right away.<br/>
                  </paragraph>
                  <paragraph>
                     <content styleCode="bold">Stomach bleeding warning:</content> This product contains an NSAID, which may cause severe stomach bleeding. The chance is higher if you:</paragraph>
                  <list listType="unordered" styleCode="Disk">
                     <item>have had stomach ulcers or bleeding problems</item>
                     <item>take a blood thinning (anticoagulant) or steroid drug</item>
                     <item>are age 60 or older</item>
                     <item>take other drugs containing prescription or nonprescription NSAIDs [aspirin, ibuprofen, naproxen, or others]</item>
                     <item>have 3 or more alcoholic drinks every day while using this product</item>
                     <item>take more or for a longer time than directed</item>
                  </list>
                  <paragraph>
                     <content styleCode="bold">Heart attack and stroke warning:</content> NSAIDs, except aspirin, increase the risk of heart attack, heart failure, and stroke. These can be fatal. The risk is higher if you use more than directed or for longer than directed.<br/>
                  </paragraph>
               </text>
               <effectiveTime value="20181126"/>
               <component>
                  <section ID="LINK_1502fcee-98bd-4620-a355-771e5d3376e3">
                     <id root="3f5ea0ac-c99b-4d39-a5dc-4575fc8e5172"/>
                     <code code="50570-1" codeSystem="2.16.840.1.113883.6.1" displayName="OTC - DO NOT USE SECTION"/>
                     <title>
                        <content styleCode="bold">Do not use</content>
                     </title>
                     <text>
                        <list listType="unordered" styleCode="Disc">
                           <item>if you have ever had an allergic reaction to any other pain reliever/fever reducer</item>
                           <item>right before or after heart surgery</item>
                        </list>
                     </text>
                     <effectiveTime value="20170810"/>
                  </section>
               </component>
               <component>
                  <section ID="LINK_6219755a-6b99-45b7-b93b-adb983350d89">
                     <id root="16f83d59-8da8-4419-86a1-3e0e9d29ebd9"/>
                     <code code="50569-3" codeSystem="2.16.840.1.113883.6.1" displayName="OTC - ASK DOCTOR SECTION"/>
                     <title>
                        <content styleCode="bold">Ask a doctor before use if</content>
                     </title>
                     <text>
                        <list listType="unordered" styleCode="Disc">
                           <item>stomach bleeding warning applies to you</item>
                           <item>you have a history of stomach problems, such as heartburn</item>
                           <item>you have problems or serious side effects from taking pain relievers or fever reducers</item>
                           <item>you are taking a diuretic</item>
                           <item>you have high blood pressure, heart disease, liver cirrhosis, kidney disease, asthma, or had a stroke</item>
                        </list>
                     </text>
                     <effectiveTime value="20181126"/>
                  </section>
               </component>
               <component>
                  <section ID="LINK_22fcfda9-c8dd-4624-897d-03cfcd045051">
                     <id root="f4774c0c-e2c8-4da3-8581-ceb25bddc93b"/>
                     <code code="50568-5" codeSystem="2.16.840.1.113883.6.1" displayName="OTC - ASK DOCTOR/PHARMACIST SECTION"/>
                     <title>
                        <content styleCode="bold">Ask a doctor or pharmacist before use if you are</content>
                     </title>
                     <text>
                        <list listType="unordered" styleCode="Disc">
                           <item>under a doctor's care for any serious condition</item>
                           <item>taking aspirin for heart attack or stroke, because ibuprofen may decrease this benefit of aspirin</item>
                           <item>taking any other drug</item>
                        </list>
                     </text>
                     <effectiveTime value="20170810"/>
                  </section>
               </component>
               <component>
                  <section ID="LINK_2d49949d-cddd-4c2a-8908-685e84ec6357">
                     <id root="4d8f2cbe-c5d6-466f-98c3-ab3733b5b8d3"/>
                     <code code="50567-7" codeSystem="2.16.840.1.113883.6.1" displayName="OTC - WHEN USING SECTION"/>
                     <title>
                        <content styleCode="bold">When using this product</content>
                     </title>
                     <text>
                        <list listType="unordered" styleCode="Disc">
                           <item>take with food or milk if stomach upset occurs<br/>
                           </item>
                        </list>
                     </text>
                     <effectiveTime value="20170810"/>
                  </section>
               </component>
               <component>
                  <section ID="LINK_dd54cc65-dddd-4f29-87d2-6b3bcd31053f">
                     <id root="2cd85548-75eb-4348-873b-a1c6541d5c1e"/>
                     <code code="50566-9" codeSystem="2.16.840.1.113883.6.1" displayName="OTC - STOP USE SECTION"/>
                     <title>
                        <content styleCode="bold">Stop use and ask a doctor if</content>
                     </title>
                     <text>
                        <list listType="unordered" styleCode="Disc">
                           <item> you experience any of the following signs of stomach bleeding:<list listType="unordered" styleCode="Disc">
                                 <item>vomit blood</item>
                                 <item>feel faint<br/>
                                 </item>
                                 <item>have stomach pain that does not get better</item>
                                 <item>have bloody or black stools</item>
                              </list>
                           </item>
                           <item>you have symptoms of heart problems or stroke:</item>
                        </list>
                        <list listType="unordered" styleCode="Disc">
                           <item>chest pain</item>
                           <item>leg swelling</item>
                           <item>trouble breathing</item>
                           <item>slurred speech</item>
                           <item>weakness in one part or side of body</item>
                        </list>
                        <list listType="unordered" styleCode="Disc">
                           <item>fever gets worse or lasts more than 3 days<br/>
                           </item>
                           <item>pain gets worse or lasts more than 10 days<br/>
                           </item>
                           <item>redness or swelling is present in the painful area</item>
                           <item>any new symptoms appear</item>
                        </list>
                     </text>
                     <effectiveTime value="20181126"/>
                  </section>
               </component>
               <component>
                  <section ID="LINK_20271d92-8eb6-4fd1-93e3-6b57d497bf32">
                     <id root="70457992-2b64-4875-adc8-8255e22db7a9"/>
                     <code code="53414-9" codeSystem="2.16.840.1.113883.6.1" displayName="OTC - PREGNANCY OR BREAST FEEDING SECTION"/>
                     <title>
                        <content styleCode="bold">If pregnant or breast-feeding,</content>
                     </title>
                     <text>
                        <paragraph>ask a health professional before use. It is especially important not to use ibuprofen during the last 3 months of pregnancy unless definitely directed to do so by a doctor because it may cause problems in the unborn child or complications during delivery.</paragraph>
                     </text>
                     <effectiveTime value="20160222"/>
                  </section>
               </component>
               <component>
                  <section ID="LINK_02f6b20b-0d3b-4ac4-8e46-79865219ae8a">
                     <id root="1e9d1c86-b319-4907-9564-d97bb01a296d"/>
                     <code code="50565-1" codeSystem="2.16.840.1.113883.6.1" displayName="OTC - KEEP OUT OF REACH OF CHILDREN SECTION"/>
                     <title>
                        <content styleCode="bold">Keep out of reach of children.</content>
                     </title>
                     <text>
                        <paragraph>In case of overdose, get medical help or contact a Poison Control Center (1-800-222-1222) right away.</paragraph>
                     </text>
                     <effectiveTime value="20170810"/>
                  </section>
               </component>
            </section>
         </component>
         <component>
            <section ID="LINK_e704197e-49dd-4de1-b2ad-af5c756cdd1a">
               <id root="bbc6ed8a-28cf-484a-bc41-3f817fe9fb08"/>
               <code code="34068-7" codeSystem="2.16.840.1.113883.6.1" displayName="DOSAGE &amp; ADMINISTRATION SECTION"/>
               <title>
                  <content styleCode="bold">
                     <content styleCode="italics">Directions</content>
                  </content>
               </title>
               <text>
                  <list listType="unordered" styleCode="Disc">
                     <item>
                        <content styleCode="bold">do not take more than directed</content>
                     </item>
                     <item>
                        <content styleCode="bold">the smallest effective dose should be used</content>
                     </item>
                     <item>adults and children 12 years and over: take 1 tablet every 4 to 6 hours while symptoms persist<list listType="unordered" styleCode="Disc">
                           <item>if pain or fever does not respond to 1 tablet, 2 tablets may be used</item>
                           <item>do not exceed 6 tablets in 24 hours, unless directed by a doctor</item>
                        </list>
                     </item>
                     <item>children under 12 years: ask a doctor</item>
                  </list>
               </text>
               <effectiveTime value="20181126"/>
            </section>
         </component>
         <component>
            <section ID="LINK_f09bdfd4-42c4-4889-bec2-38802031f505">
               <id root="8cdfc410-43f7-44b3-b7de-649520608b78"/>
               <code code="44425-7" codeSystem="2.16.840.1.113883.6.1" displayName="STORAGE AND HANDLING SECTION"/>
               <title>
                  <content styleCode="bold">
                     <content styleCode="italics">Other information</content>
                  </content>
               </title>
               <text>
                  <list listType="unordered" styleCode="Disc">
                     <item>store between 20º-25ºC (68º-77ºF)</item>
                     <item>avoid excessive heat 40ºC (104ºF)</item>
                     <item>use by expiration date on package</item>
                  </list>
               </text>
               <effectiveTime value="20170810"/>
            </section>
         </component>
         <component>
            <section ID="LINK_3e94284f-31b3-4da1-91ef-4d1a2a389907">
               <id root="2aabf1eb-b156-4359-b6a4-2669df9b2773"/>
               <code code="51727-6" codeSystem="2.16.840.1.113883.6.1" displayName="INACTIVE INGREDIENT SECTION"/>
               <title>
                  <content styleCode="bold">
                     <content styleCode="italics">Inactive ingredients</content>
                  </content>
               </title>
               <text>
                  <paragraph>carnauba wax, colloidal silicon dioxide, corn starch, hypromellose, lactose anhydrous, magnesium stearate, microcrystalline cellulose, polydextrose, polyethylene glycol, red iron oxide, sodium starch glycolate, stearic acid, titanium dioxide</paragraph>
               </text>
               <effectiveTime value="20170810"/>
            </section>
         </component>
         <component>
            <section ID="LINK_a175de73-5b82-4fd4-b01d-8f5fd32051f8">
               <id root="1b6df4ae-295e-49d2-a544-26ba61a1b4eb"/>
               <code code="53413-1" codeSystem="2.16.840.1.113883.6.1" displayName="OTC - QUESTIONS SECTION"/>
               <title>
                  <content styleCode="bold">
                     <content styleCode="italics">Questions or comments?</content>
                  </content>
               </title>
               <text>
                  <paragraph> <content styleCode="bold">Call 1-800-426-9391 </content>8:30 AM-4:00 PM ET, Monday - Friday</paragraph>
               </text>
               <effectiveTime value="20160222"/>
            </section>
         </component>
         <component>
            <section ID="LINK_a191a35c-4802-42e8-aeee-b5d81bab744a">
               <id root="37727533-d30f-49a6-80e2-4da7d5921b33"/>
               <code code="51945-4" codeSystem="2.16.840.1.113883.6.1" displayName="PACKAGE LABEL.PRINCIPAL DISPLAY PANEL"/>
               <title>
                  <content styleCode="bold">Principal Display Panel</content>
               </title>
               <text>
                  <paragraph>
                     <content styleCode="bold">exchange √ select<sup>™</sup>
                     </content>
                  </paragraph>
                  <paragraph>Compare To The Active Ingredient<br/> of Advil<sup>®</sup> Tablets<sup>† </sup>
                  </paragraph>
                  <paragraph>
                     <content styleCode="bold">Ibuprofen<br/>
                     </content>IBUPROFEN Tablets USP, 200 mg<content styleCode="bold"> <br/>
                     </content>Pain Reliever/Fever Reducer <content styleCode="bold">(NSAID)</content>
                  </paragraph>
                  <paragraph>
                     <content styleCode="bold">10</content> Coated Tablets</paragraph>
                  <paragraph>
                     <content styleCode="bold">
                        <content styleCode="italics">Tablets</content>
                     </content>
                     <br/>Actual Size</paragraph>
                  <paragraph>
                     <content styleCode="bold">√ </content>quality value</paragraph>
                  <paragraph>
                     <sup>†</sup>This product is not manufactured or distributed by Wyeth LLC, owner of the registered trademark Advil<sup>®</sup> Tablets.<br/>50844        REV0618C29103</paragraph>
                  <paragraph>
                     <content styleCode="bold">"SATISFACTION GUARANTEED OR YOUR MONEY BACK" </content>1-800-426-9391<content styleCode="bold">
                        <br/>
                     </content>Manufactured For Your Military Exchanges<br/>Distributed by: LNK International, Inc.,<br/>Hauppauge, NY 11788<br/>
                     <br/>
                  </paragraph>
                  <paragraph>
                     <content styleCode="bold">TAMPER EVIDENT: Use Only if This Blister is Intact</content>
                  </paragraph>
                  <paragraph>
                     <content styleCode="bold">
                        <renderMultiMedia referencedObject="MM1">
                           <caption>Exchange Select 44-291</caption>
                        </renderMultiMedia>
                     </content>
                  </paragraph>
               </text>
               <effectiveTime value="20181126"/>
               <component>
                  <observationMedia ID="MM1">
                     <text>Exchange Select 44-291</text>
                     <value xsi:type="ED" mediaType="image/jpeg">
                        <reference value="exchange-select-44-291-1.jpg"/>
                     </value>
                  </observationMedia>
               </component>
            </section>
         </component>
      </structuredBody>
   </component>
</document>