<?xml version="1.0" encoding="UTF-8"?><?xml-stylesheet href="http://www.accessdata.fda.gov/spl/stylesheet/spl.xsl" type="text/xsl"?>
<document xmlns="urn:hl7-org:v3" xmlns:xsi="http://www.w3.org/2001/XMLSchema-instance" xsi:schemaLocation="urn:hl7-org:v3 http://www.accessdata.fda.gov/spl/schema/spl.xsd">
   <id root="1dab5315-5028-57ad-e054-00144ff8d46c"/>
   <code code="34391-3" codeSystem="2.16.840.1.113883.6.1" displayName="HUMAN PRESCRIPTION DRUG LABEL"/>
   <title>Inflamation Reduction Pack</title>
   <effectiveTime value="20150818"/>
   <setId root="1dab5315-5027-57ad-e054-00144ff8d46c"/>
   <versionNumber value="2"/>
   <author>
      <time/>
      <assignedEntity>
         <representedOrganization>
            <id root="1.3.6.1.4.1.519.1" extension="036572986"/>
            <name>TMIG, Inc.</name>
            <assignedEntity>
               <assignedOrganization>
                  <id root="1.3.6.1.4.1.519.1" extension="036572986"/>
                  <name>TMIG, Inc.</name>
                  <assignedEntity>
                     <assignedOrganization>
                        <id root="1.3.6.1.4.1.519.1" extension="079124340"/>
                        <name>EPM Packaging</name>
                     </assignedOrganization>
                     <performance>
                        <actDefinition>
                           <code code="C73606" displayName="repack" codeSystem="2.16.840.1.113883.3.26.1.1"/>
                           <product>
                              <manufacturedProduct classCode="MANU">
                                 <manufacturedMaterialKind>
                                    <code code="69176-010" codeSystem="2.16.840.1.113883.6.69"/>
                                 </manufacturedMaterialKind>
                              </manufacturedProduct>
                           </product>
                        </actDefinition>
                     </performance>
                  </assignedEntity>
                  <assignedEntity>
                     <assignedOrganization>
                        <id root="1.3.6.1.4.1.519.1" extension="103039178"/>
                        <name>Garcoa, Inc.</name>
                     </assignedOrganization>
                     <performance>
                        <actDefinition>
                           <code code="C43360" displayName="manufacture" codeSystem="2.16.840.1.113883.3.26.1.1"/>
                           <product>
                              <manufacturedProduct classCode="MANU">
                                 <manufacturedMaterialKind>
                                    <code code="0536-2525" codeSystem="2.16.840.1.113883.6.69"/>
                                 </manufacturedMaterialKind>
                              </manufacturedProduct>
                           </product>
                        </actDefinition>
                     </performance>
                  </assignedEntity>
                  <assignedEntity>
                     <assignedOrganization>
                        <id root="1.3.6.1.4.1.519.1" extension="110342024"/>
                        <name>Sandoz Inc.</name>
                     </assignedOrganization>
                     <performance>
                        <actDefinition>
                           <code code="C43360" displayName="manufacture" codeSystem="2.16.840.1.113883.3.26.1.1"/>
                           <product>
                              <manufacturedProduct classCode="MANU">
                                 <manufacturedMaterialKind>
                                    <code code="0781-1883" codeSystem="2.16.840.1.113883.6.69"/>
                                 </manufacturedMaterialKind>
                              </manufacturedProduct>
                           </product>
                        </actDefinition>
                     </performance>
                  </assignedEntity>
                  <assignedEntity>
                     <assignedOrganization>
                        <id root="1.3.6.1.4.1.519.1" extension="623114928"/>
                        <name>Actavis Elizabeth LLC</name>
                     </assignedOrganization>
                     <performance>
                        <actDefinition>
                           <code code="C43360" displayName="manufacture" codeSystem="2.16.840.1.113883.3.26.1.1"/>
                           <product>
                              <manufacturedProduct classCode="MANU">
                                 <manufacturedMaterialKind>
                                    <code code="0228-2551" codeSystem="2.16.840.1.113883.6.69"/>
                                 </manufacturedMaterialKind>
                              </manufacturedProduct>
                           </product>
                        </actDefinition>
                     </performance>
                  </assignedEntity>
               </assignedOrganization>
            </assignedEntity>
         </representedOrganization>
      </assignedEntity>
   </author>
   <component>
      <structuredBody>
         <component>
            <section>
               <id root="1e0ff6d0-a10e-16cd-e054-00144ff8d46c"/>
               <code code="48780-1" codeSystem="2.16.840.1.113883.6.1" displayName="SPL product data elements section"/>
               <effectiveTime value="20150818"/>
               <subject>
                  <manufacturedProduct>
                     <manufacturedProduct>
                        <code code="69176-010" codeSystem="2.16.840.1.113883.6.69"/>
                        <name>Inflammation Reduction Pack</name>
                        <formCode code="C47916" codeSystem="2.16.840.1.113883.3.26.1.1" displayName="KIT"/>
                        <asEntityWithGeneric>
                           <genericMedicine>
                              <name>Inflammation Reduction Pack</name>
                           </genericMedicine>
                        </asEntityWithGeneric>
                        <asContent>
                           <quantity>
                              <numerator value="1" unit="1"/>
                              <denominator value="1"/>
                           </quantity>
                           <containerPackagedProduct>
                              <code code="69176-010-01" codeSystem="2.16.840.1.113883.6.69"/>
                              <formCode code="C43197" codeSystem="2.16.840.1.113883.3.26.1.1" displayName="KIT"/>
                           </containerPackagedProduct>
                           <subjectOf>
                              <characteristic>
                                 <code code="SPLCMBPRDTP" codeSystem="2.16.840.1.113883.1.11.19255"/>
                                 <value code="C112160" codeSystem="2.16.840.1.113883.3.26.1.1" displayName="Type 0: Not a Combination Product" xsi:type="CV"/>
                              </characteristic>
                           </subjectOf>
                           <subjectOf>
                              <marketingAct>
                                 <code code="C53292" codeSystem="2.16.840.1.113883.3.26.1.1"/>
                                 <statusCode code="active"/>
                                 <effectiveTime>
                                    <low value="20150818"/>
                                 </effectiveTime>
                              </marketingAct>
                           </subjectOf>
                        </asContent>
                        <part>
                           <quantity>
                              <numerator value="1" unit="1"/>
                              <denominator value="1"/>
                           </quantity>
                           <partProduct>
                              <code code="0536-2525" codeSystem="2.16.840.1.113883.6.69"/>
                              <name>Rugby Capsaicin<suffix>External Analgesic</suffix>
                              </name>
                              <formCode code="C28944" codeSystem="2.16.840.1.113883.3.26.1.1" displayName="CREAM"/>
                              <asEntityWithGeneric>
                                 <genericMedicine>
                                    <name>Capsaicin</name>
                                 </genericMedicine>
                              </asEntityWithGeneric>
                              <ingredient classCode="IACT">
                                 <ingredientSubstance>
                                    <code code="0057334FAB" codeSystem="2.16.840.1.113883.4.9"/>
                                    <name>PPG-20 METHYL GLUCOSE ETHER DISTEARATE</name>
                                 </ingredientSubstance>
                              </ingredient>
                              <ingredient classCode="ACTIB">
                                 <quantity>
                                    <numerator unit="g" value="0.025"/>
                                    <denominator unit="g" value="100"/>
                                 </quantity>
                                 <ingredientSubstance>
                                    <code code="S07O44R1ZM" codeSystem="2.16.840.1.113883.4.9"/>
                                    <name>CAPSAICIN</name>
                                    <activeMoiety>
                                       <activeMoiety>
                                          <code code="S07O44R1ZM" codeSystem="2.16.840.1.113883.4.9"/>
                                          <name>CAPSAICIN</name>
                                       </activeMoiety>
                                    </activeMoiety>
                                 </ingredientSubstance>
                              </ingredient>
                              <ingredient classCode="IACT">
                                 <ingredientSubstance>
                                    <code code="4Q43814HXS" codeSystem="2.16.840.1.113883.4.9"/>
                                    <name>CETYL ACETATE</name>
                                 </ingredientSubstance>
                              </ingredient>
                              <ingredient classCode="IACT">
                                 <ingredientSubstance>
                                    <code code="6DC9Q167V3" codeSystem="2.16.840.1.113883.4.9"/>
                                    <name>PROPYLENE GLYCOL</name>
                                 </ingredientSubstance>
                              </ingredient>
                              <ingredient classCode="IACT">
                                 <ingredientSubstance>
                                    <code code="4OH5W9UM87" codeSystem="2.16.840.1.113883.4.9"/>
                                    <name>STEARETH-100</name>
                                 </ingredientSubstance>
                              </ingredient>
                              <ingredient classCode="IACT">
                                 <ingredientSubstance>
                                    <code code="4ELV7Z65AP" codeSystem="2.16.840.1.113883.4.9"/>
                                    <name>STEARIC ACID</name>
                                 </ingredientSubstance>
                              </ingredient>
                              <ingredient classCode="IACT">
                                 <ingredientSubstance>
                                    <code code="2KR89I4H1Y" codeSystem="2.16.840.1.113883.4.9"/>
                                    <name>STEARYL ALCOHOL</name>
                                 </ingredientSubstance>
                              </ingredient>
                              <ingredient classCode="IACT">
                                 <ingredientSubstance>
                                    <code code="9O3K93S3TK" codeSystem="2.16.840.1.113883.4.9"/>
                                    <name>TROLAMINE</name>
                                 </ingredientSubstance>
                              </ingredient>
                              <ingredient classCode="IACT">
                                 <ingredientSubstance>
                                    <code code="059QF0KO0R" codeSystem="2.16.840.1.113883.4.9"/>
                                    <name>WATER</name>
                                 </ingredientSubstance>
                              </ingredient>
                              <ingredient classCode="IACT">
                                 <ingredientSubstance>
                                    <code code="71DD5V995L" codeSystem="2.16.840.1.113883.4.9"/>
                                    <name>CARBOMER COPOLYMER TYPE A (ALLYL PENTAERYTHRITOL CROSSLINKED)</name>
                                 </ingredientSubstance>
                              </ingredient>
                              <ingredient classCode="IACT">
                                 <ingredientSubstance>
                                    <code code="Z8IX2SC1OH" codeSystem="2.16.840.1.113883.4.9"/>
                                    <name>PROPYLPARABEN</name>
                                 </ingredientSubstance>
                              </ingredient>
                              <ingredient classCode="IACT">
                                 <ingredientSubstance>
                                    <code code="A2I8C7HI9T" codeSystem="2.16.840.1.113883.4.9"/>
                                    <name>METHYLPARABEN</name>
                                 </ingredientSubstance>
                              </ingredient>
                           </partProduct>
                           <subjectOf>
                              <approval>
                                 <id extension="part348" root="2.16.840.1.113883.3.149"/>
                                 <code code="C73604" codeSystem="2.16.840.1.113883.3.26.1.1" displayName="OTC monograph not final"/>
                                 <author>
                                    <territorialAuthority>
                                       <territory>
                                          <code code="USA" codeSystem="2.16.840.1.113883.5.28"/>
                                       </territory>
                                    </territorialAuthority>
                                 </author>
                              </approval>
                           </subjectOf>
                           <subjectOf>
                              <marketingAct>
                                 <code code="C53292" codeSystem="2.16.840.1.113883.3.26.1.1"/>
                                 <statusCode code="active"/>
                                 <effectiveTime>
                                    <low value="20120301"/>
                                 </effectiveTime>
                              </marketingAct>
                           </subjectOf>
                           <subjectOf>
                              <characteristic classCode="OBS">
                                 <code code="SPLCOLOR" codeSystem="2.16.840.1.113883.1.11.19255"/>
                                 <value code="C48325" codeSystem="2.16.840.1.113883.3.26.1.1" displayName="white" xsi:type="CE">
                                    <originalText/>
                                 </value>
                              </characteristic>
                           </subjectOf>
                           <consumedIn>
                              <substanceAdministration>
                                 <routeCode code="C38304" codeSystem="2.16.840.1.113883.3.26.1.1" displayName="TOPICAL"/>
                              </substanceAdministration>
                           </consumedIn>
                        </part>
                        <part>
                           <quantity>
                              <numerator value="1" unit="1"/>
                              <denominator value="1"/>
                           </quantity>
                           <partProduct>
                              <code code="0228-2551" codeSystem="2.16.840.1.113883.6.69"/>
                              <name>Diclofenac Sodium</name>
                              <formCode code="C42905" codeSystem="2.16.840.1.113883.3.26.1.1" displayName="TABLET, DELAYED RELEASE"/>
                              <asEntityWithGeneric>
                                 <genericMedicine>
                                    <name>Diclofenac Sodium</name>
                                 </genericMedicine>
                              </asEntityWithGeneric>
                              <ingredient classCode="ACTIB">
                                 <quantity>
                                    <numerator unit="mg" value="75"/>
                                    <denominator unit="1" value="1"/>
                                 </quantity>
                                 <ingredientSubstance>
                                    <code code="QTG126297Q" codeSystem="2.16.840.1.113883.4.9"/>
                                    <name>DICLOFENAC SODIUM</name>
                                    <activeMoiety>
                                       <activeMoiety>
                                          <code code="144O8QL0L1" codeSystem="2.16.840.1.113883.4.9"/>
                                          <name>DICLOFENAC</name>
                                       </activeMoiety>
                                    </activeMoiety>
                                 </ingredientSubstance>
                              </ingredient>
                              <ingredient classCode="IACT">
                                 <ingredientSubstance>
                                    <code code="6OZP39ZG8H" codeSystem="2.16.840.1.113883.4.9"/>
                                    <name>POLYSORBATE 80</name>
                                 </ingredientSubstance>
                              </ingredient>
                              <ingredient classCode="IACT">
                                 <ingredientSubstance>
                                    <code code="C269C4G2ZQ" codeSystem="2.16.840.1.113883.4.9"/>
                                    <name>SODIUM ALGINATE</name>
                                 </ingredientSubstance>
                              </ingredient>
                              <ingredient classCode="IACT">
                                 <ingredientSubstance>
                                    <code code="4ELV7Z65AP" codeSystem="2.16.840.1.113883.4.9"/>
                                    <name>STEARIC ACID</name>
                                 </ingredientSubstance>
                              </ingredient>
                              <ingredient classCode="IACT">
                                 <ingredientSubstance>
                                    <code code="XM0M87F357" codeSystem="2.16.840.1.113883.4.9"/>
                                    <name>FERROSOFERRIC OXIDE</name>
                                 </ingredientSubstance>
                              </ingredient>
                              <ingredient classCode="IACT">
                                 <ingredientSubstance>
                                    <code code="15FIX9V2JP" codeSystem="2.16.840.1.113883.4.9"/>
                                    <name>TITANIUM DIOXIDE</name>
                                 </ingredientSubstance>
                              </ingredient>
                              <ingredient classCode="IACT">
                                 <ingredientSubstance>
                                    <code code="3NXW29V3WO" codeSystem="2.16.840.1.113883.4.9"/>
                                    <name>HYPROMELLOSES</name>
                                 </ingredientSubstance>
                              </ingredient>
                              <ingredient classCode="IACT">
                                 <ingredientSubstance>
                                    <code code="EWQ57Q8I5X" codeSystem="2.16.840.1.113883.4.9"/>
                                    <name>LACTOSE MONOHYDRATE</name>
                                 </ingredientSubstance>
                              </ingredient>
                              <ingredient classCode="IACT">
                                 <ingredientSubstance>
                                    <code code="70097M6I30" codeSystem="2.16.840.1.113883.4.9"/>
                                    <name>MAGNESIUM STEARATE</name>
                                 </ingredientSubstance>
                              </ingredient>
                              <ingredient classCode="IACT">
                                 <ingredientSubstance>
                                    <code code="3WJQ0SDW1A" codeSystem="2.16.840.1.113883.4.9"/>
                                    <name>POLYETHYLENE GLYCOLS</name>
                                 </ingredientSubstance>
                              </ingredient>
                              <ingredient classCode="IACT">
                                 <ingredientSubstance>
                                    <code code="6DC9Q167V3" codeSystem="2.16.840.1.113883.4.9"/>
                                    <name>PROPYLENE GLYCOL</name>
                                 </ingredientSubstance>
                              </ingredient>
                              <ingredient classCode="IACT">
                                 <ingredientSubstance>
                                    <code code="ETJ7Z6XBU4" codeSystem="2.16.840.1.113883.4.9"/>
                                    <name>SILICON DIOXIDE</name>
                                 </ingredientSubstance>
                              </ingredient>
                              <ingredient classCode="IACT">
                                 <ingredientSubstance>
                                    <code code="7SEV7J4R1U" codeSystem="2.16.840.1.113883.4.9"/>
                                    <name>TALC</name>
                                 </ingredientSubstance>
                              </ingredient>
                              <ingredient classCode="IACT">
                                 <ingredientSubstance>
                                    <code code="5856J3G2A2" codeSystem="2.16.840.1.113883.4.9"/>
                                    <name>SODIUM STARCH GLYCOLATE TYPE A POTATO</name>
                                 </ingredientSubstance>
                              </ingredient>
                              <ingredient classCode="IACT">
                                 <ingredientSubstance>
                                    <code code="OP1R32D61U" codeSystem="2.16.840.1.113883.4.9"/>
                                    <name>CELLULOSE, MICROCRYSTALLINE</name>
                                 </ingredientSubstance>
                              </ingredient>
                           </partProduct>
                           <subjectOf>
                              <approval>
                                 <id extension="ANDA074514" root="2.16.840.1.113883.3.150"/>
                                 <code code="C73584" codeSystem="2.16.840.1.113883.3.26.1.1" displayName="ANDA"/>
                                 <author>
                                    <territorialAuthority>
                                       <territory>
                                          <code code="USA" codeSystem="2.16.840.1.113883.5.28"/>
                                       </territory>
                                    </territorialAuthority>
                                 </author>
                              </approval>
                           </subjectOf>
                           <subjectOf>
                              <marketingAct>
                                 <code code="C53292" codeSystem="2.16.840.1.113883.3.26.1.1"/>
                                 <statusCode code="active"/>
                                 <effectiveTime>
                                    <low value="19960326"/>
                                 </effectiveTime>
                              </marketingAct>
                           </subjectOf>
                           <subjectOf>
                              <characteristic classCode="OBS">
                                 <code code="SPLSCORE" codeSystem="2.16.840.1.113883.1.11.19255"/>
                                 <value value="1" xsi:type="INT"/>
                              </characteristic>
                           </subjectOf>
                           <subjectOf>
                              <characteristic classCode="OBS">
                                 <code code="SPLIMPRINT" codeSystem="2.16.840.1.113883.1.11.19255"/>
                                 <value xsi:type="ST">R;551</value>
                              </characteristic>
                           </subjectOf>
                           <subjectOf>
                              <characteristic classCode="OBS">
                                 <code code="SPLSIZE" codeSystem="2.16.840.1.113883.1.11.19255"/>
                                 <value unit="mm" value="9" xsi:type="PQ"/>
                              </characteristic>
                           </subjectOf>
                           <subjectOf>
                              <characteristic classCode="OBS">
                                 <code code="SPLCOLOR" codeSystem="2.16.840.1.113883.1.11.19255"/>
                                 <value code="C48325" codeSystem="2.16.840.1.113883.3.26.1.1" displayName="white" xsi:type="CE">
                                    <originalText/>
                                 </value>
                              </characteristic>
                           </subjectOf>
                           <subjectOf>
                              <characteristic classCode="OBS">
                                 <code code="SPLSHAPE" codeSystem="2.16.840.1.113883.1.11.19255"/>
                                 <value code="C48348" codeSystem="2.16.840.1.113883.3.26.1.1" displayName="ROUND" xsi:type="CE">
                                    <originalText/>
                                 </value>
                              </characteristic>
                           </subjectOf>
                           <consumedIn>
                              <substanceAdministration>
                                 <routeCode code="C38288" codeSystem="2.16.840.1.113883.3.26.1.1" displayName="ORAL"/>
                              </substanceAdministration>
                           </consumedIn>
                        </part>
                        <part>
                           <quantity>
                              <numerator value="1" unit="1"/>
                              <denominator value="1"/>
                           </quantity>
                           <partProduct>
                              <code code="0781-1883" codeSystem="2.16.840.1.113883.6.69"/>
                              <name>Ranitidine Hydrochloride</name>
                              <formCode code="C42931" codeSystem="2.16.840.1.113883.3.26.1.1" displayName="TABLET, FILM COATED"/>
                              <asEntityWithGeneric>
                                 <genericMedicine>
                                    <name>Ranitidine Hydrochloride</name>
                                 </genericMedicine>
                              </asEntityWithGeneric>
                              <ingredient classCode="IACT">
                                 <ingredientSubstance>
                                    <code code="V95R5KMY2B" codeSystem="2.16.840.1.113883.4.9"/>
                                    <name>PEPPERMINT</name>
                                 </ingredientSubstance>
                              </ingredient>
                              <ingredient classCode="IACT">
                                 <ingredientSubstance>
                                    <code code="5856J3G2A2" codeSystem="2.16.840.1.113883.4.9"/>
                                    <name>SODIUM STARCH GLYCOLATE TYPE A POTATO</name>
                                 </ingredientSubstance>
                              </ingredient>
                              <ingredient classCode="IACT">
                                 <ingredientSubstance>
                                    <code code="8Z96QXD6UM" codeSystem="2.16.840.1.113883.4.9"/>
                                    <name>TRIETHYL CITRATE</name>
                                 </ingredientSubstance>
                              </ingredient>
                              <ingredient classCode="ACTIM">
                                 <quantity>
                                    <numerator unit="mg" value="150"/>
                                    <denominator unit="1" value="1"/>
                                 </quantity>
                                 <ingredientSubstance>
                                    <code code="BK76465IHM" codeSystem="2.16.840.1.113883.4.9"/>
                                    <name>RANITIDINE HYDROCHLORIDE</name>
                                    <activeMoiety>
                                       <activeMoiety>
                                          <code code="884KT10YB7" codeSystem="2.16.840.1.113883.4.9"/>
                                          <name>RANITIDINE</name>
                                       </activeMoiety>
                                    </activeMoiety>
                                 </ingredientSubstance>
                              </ingredient>
                              <ingredient classCode="IACT">
                                 <ingredientSubstance>
                                    <code code="2S42T2808B" codeSystem="2.16.840.1.113883.4.9"/>
                                    <name>D&amp;C RED NO. 30</name>
                                 </ingredientSubstance>
                              </ingredient>
                              <ingredient classCode="IACT">
                                 <ingredientSubstance>
                                    <code code="RFW2ET671P" codeSystem="2.16.840.1.113883.4.9"/>
                                    <name>HYDROXYPROPYL CELLULOSE (TYPE H)</name>
                                 </ingredientSubstance>
                              </ingredient>
                              <ingredient classCode="IACT">
                                 <ingredientSubstance>
                                    <code code="0VUT3PMY82" codeSystem="2.16.840.1.113883.4.9"/>
                                    <name>HYPROMELLOSE 2910 (3 MPA.S)</name>
                                 </ingredientSubstance>
                              </ingredient>
                              <ingredient classCode="IACT">
                                 <ingredientSubstance>
                                    <code code="70097M6I30" codeSystem="2.16.840.1.113883.4.9"/>
                                    <name>MAGNESIUM STEARATE</name>
                                 </ingredientSubstance>
                              </ingredient>
                              <ingredient classCode="IACT">
                                 <ingredientSubstance>
                                    <code code="OP1R32D61U" codeSystem="2.16.840.1.113883.4.9"/>
                                    <name>CELLULOSE, MICROCRYSTALLINE</name>
                                 </ingredientSubstance>
                              </ingredient>
                              <ingredient classCode="IACT">
                                 <ingredientSubstance>
                                    <code code="15FIX9V2JP" codeSystem="2.16.840.1.113883.4.9"/>
                                    <name>TITANIUM DIOXIDE</name>
                                 </ingredientSubstance>
                              </ingredient>
                           </partProduct>
                           <subjectOf>
                              <approval>
                                 <id extension="ANDA074655" root="2.16.840.1.113883.3.150"/>
                                 <code code="C73584" codeSystem="2.16.840.1.113883.3.26.1.1" displayName="ANDA"/>
                                 <author>
                                    <territorialAuthority>
                                       <territory>
                                          <code code="USA" codeSystem="2.16.840.1.113883.5.28"/>
                                       </territory>
                                    </territorialAuthority>
                                 </author>
                              </approval>
                           </subjectOf>
                           <subjectOf>
                              <marketingAct>
                                 <code code="C53292" codeSystem="2.16.840.1.113883.3.26.1.1"/>
                                 <statusCode code="active"/>
                                 <effectiveTime>
                                    <low value="19971022"/>
                                 </effectiveTime>
                              </marketingAct>
                           </subjectOf>
                           <subjectOf>
                              <characteristic classCode="OBS">
                                 <code code="SPLCOLOR" codeSystem="2.16.840.1.113883.1.11.19255"/>
                                 <value code="C48328" codeSystem="2.16.840.1.113883.3.26.1.1" displayName="pink" xsi:type="CE">
                                    <originalText/>
                                 </value>
                              </characteristic>
                           </subjectOf>
                           <subjectOf>
                              <characteristic classCode="OBS">
                                 <code code="SPLSHAPE" codeSystem="2.16.840.1.113883.1.11.19255"/>
                                 <value code="C48348" codeSystem="2.16.840.1.113883.3.26.1.1" displayName="ROUND" xsi:type="CE">
                                    <originalText/>
                                 </value>
                              </characteristic>
                           </subjectOf>
                           <subjectOf>
                              <characteristic classCode="OBS">
                                 <code code="SPLSCORE" codeSystem="2.16.840.1.113883.1.11.19255"/>
                                 <value nullFlavor="OTH" xsi:type="INT"/>
                              </characteristic>
                           </subjectOf>
                           <subjectOf>
                              <characteristic classCode="OBS">
                                 <code code="SPLSIZE" codeSystem="2.16.840.1.113883.1.11.19255"/>
                                 <value unit="mm" value="8" xsi:type="PQ"/>
                              </characteristic>
                           </subjectOf>
                           <subjectOf>
                              <characteristic classCode="OBS">
                                 <code code="SPLIMPRINT" codeSystem="2.16.840.1.113883.1.11.19255"/>
                                 <value xsi:type="ST">GG;705</value>
                              </characteristic>
                           </subjectOf>
                           <consumedIn>
                              <substanceAdministration>
                                 <routeCode code="C38304" codeSystem="2.16.840.1.113883.3.26.1.1" displayName="TOPICAL"/>
                              </substanceAdministration>
                           </consumedIn>
                        </part>
                     </manufacturedProduct>
                     <subjectOf>
                        <approval>
                           <id extension="ANDA074514" root="2.16.840.1.113883.3.150"/>
                           <code code="C73584" codeSystem="2.16.840.1.113883.3.26.1.1" displayName="ANDA"/>
                           <author>
                              <territorialAuthority>
                                 <territory>
                                    <code code="USA" codeSystem="2.16.840.1.113883.5.28"/>
                                 </territory>
                              </territorialAuthority>
                           </author>
                        </approval>
                     </subjectOf>
                     <subjectOf>
                        <marketingAct>
                           <code code="C53292" codeSystem="2.16.840.1.113883.3.26.1.1"/>
                           <statusCode code="active"/>
                           <effectiveTime>
                              <low value="20150818"/>
                           </effectiveTime>
                        </marketingAct>
                     </subjectOf>
                  </manufacturedProduct>
               </subject>
            </section>
         </component>
         <component>
            <section ID="id_link_1e0f4c3e-a6db-6cb0-e054-00144ff8d46c">
               <id root="1e0f4c3e-a6dc-6cb0-e054-00144ff8d46c"/>
               <code code="34089-3" codeSystem="2.16.840.1.113883.6.1" displayName="DESCRIPTION SECTION"/>
               <title>
                  <content styleCode="bold">Kit Description</content>
               </title>
               <text>
                  <paragraph>
                     <content styleCode="bold">Capsaicin Cream 0.025%</content>
                  </paragraph>
                  <paragraph>
                     <content styleCode="bold">Ranitidine Tablet USP 150mg</content>
                  </paragraph>
                  <paragraph>
                     <content styleCode="bold">Diclofenac Sodium Tablet 75mg</content>
                  </paragraph>
               </text>
               <effectiveTime value="20150818"/>
            </section>
         </component>
         <component>
            <section ID="id_link_1d9b83ed-426f-397e-e054-00144ff8d46c">
               <id root="1d9b83ed-426e-397e-e054-00144ff8d46c"/>
               <code code="34089-3" codeSystem="2.16.840.1.113883.6.1" displayName="DESCRIPTION SECTION"/>
               <title>
                  <content styleCode="bold">Ranitidine hydrochloride</content>
               </title>
               <text>
                  <paragraph>Ranitidine hydrochloride (HCl), is a histamine H2-receptor antagonist. Chemically it is N-[2-[[[5-[(dimethylamino)methyl]-2-furanyl]methyl]thio]ethyl]-N’-methyl-2-nitro-1,1-ethenediamine, HCl.</paragraph>
                  <paragraph>It has the following structure:</paragraph>
                  <paragraph> ranitidine hydrochloride chemical structure
  <br/>
The empirical formula is C13H22N4O3S • HCl, representing a molecular weight of 350.87.
 </paragraph>
                  <paragraph>Ranitidine HCl is a white to pale yellow, granular substance that is soluble in water. It has a slightly bitter taste and sulfur like odor.</paragraph>
                  <paragraph>Each tablet, for oral administration contains 168 mg or 336 mg of ranitidine hydrochloride equivalent to 150 mg and 300 mg of ranitidine, respectively. Inactive ingredients: D &amp; C Red #30 Aluminum Lake, hydroxypropyl cellulose, hydroxypropyl methylcellulose, magnesium stearate, microcrystalline cellulose, triethyl citrate, sodium starch glycolate, titanium dioxide and flavoring. The 300 mg also contains: D &amp; C Yellow #10 Aluminum Lake.</paragraph>
                  <paragraph>Each capsule, for oral administration contains 168 mg or 336 mg of ranitidine hydrochloride equivalent to 150 mg and 300 mg of ranitidine, respectively. Inactive ingredients: Ammonium hydroxide, colloidal silicon dioxide, corn starch, FD &amp; C Blue #1, FD &amp; C Red #40, FD &amp; C Yellow #6, gelatin, magnesium stearate, pharmaceutical glaze, propylene glycol, silicon dioxide, simethicone, sodium lauryl sulfate, sodium starch glycolate, and titanium dioxide.</paragraph>
               </text>
               <effectiveTime value="20150818"/>
            </section>
         </component>
         <component>
            <section ID="id_link_1d9b83ed-4272-397e-e054-00144ff8d46c">
               <id root="1d9b83ed-4271-397e-e054-00144ff8d46c"/>
               <code code="34089-3" codeSystem="2.16.840.1.113883.6.1" displayName="DESCRIPTION SECTION"/>
               <title>
                  <content styleCode="bold">Diclofenac sodium</content>
               </title>
               <text>
                  <paragraph>Diclofenac sodium delayed-release tablets, USP are a benzeneacetic acid derivative. The chemical name is 2-[(2,6-dichlorophenyl)amino] benzeneacetic acid, monosodium salt. The molecular weight is 318.13. Its molecular formula is C14H10Cl2NNaO2, and it has the following structural formula</paragraph>
                  <paragraph>78e77986-figure-01
  <br/>
Each enteric-coated tablet for oral administration contains 50 mg or 75 mg of diclofenac sodium, USP. In addition, each tablet contains the following inactive ingredients: aluminum hydrate, colloidal silicon dioxide, hypromellose, lactose monohydrate, magnesium stearate, microcrystalline cellulose, polyethylene glycol, polysorbate 80, polyvinyl acetate phthalate, propylene glycol, silica, sodium alginate, sodium starch glycolate (Type A), stearic acid, synthetic black iron oxide, talc, and titanium dioxide.
 </paragraph>
               </text>
               <effectiveTime value="20150818"/>
            </section>
         </component>
         <component>
            <section ID="id_link_1d9bc9e5-4bdb-535a-e054-00144ff88e88">
               <id root="1d9b26a7-717b-1039-e054-00144ff8d46c"/>
               <code code="34071-1" codeSystem="2.16.840.1.113883.6.1" displayName="WARNINGS SECTION"/>
               <title>
                  <content styleCode="bold">Capsaisin 0.025%</content>
               </title>
               <text>
                  <paragraph>For external use only
  <br/>
Read all warnings and directions before use. Test first on small area of skin.
  <br/>
Do not use
  <br/>
on wounds or damaged skin
  <br/>
if you are allergic to capsicum or chili peppers
  <br/>
When using this product
  <br/>
you may experience a burning sensation. The intensity of this reaction varies among individuals and may be severe. With regular use, this sensation generally disappears after several days.
  <br/>
avoid contact with the eyes, lips, nose and mucous membranes
  <br/>
do not tightly wrap or bandage the treated area
  <br/>
do not apply heat to the treated area immediately before or after use
  <br/>
Stop use and ask a doctor if
  <br/>
condition worsens or does not improve after regular use
  <br/>
severe burning persists or blistering occurs
  <br/>
Keep out of reach of children. If swallowed, get medical help or contact a Poison Control Center immediately.
 </paragraph>
               </text>
               <effectiveTime value="20150818"/>
            </section>
         </component>
         <component>
            <section ID="id_link_1d9b26a7-717a-1039-e054-00144ff8d46c">
               <id root="1d9b26a7-7179-1039-e054-00144ff8d46c"/>
               <code code="34071-1" codeSystem="2.16.840.1.113883.6.1" displayName="WARNINGS SECTION"/>
               <title>
                  <content styleCode="bold">Diclofenac Sodium</content>
               </title>
               <text>
                  <paragraph>Cardiovascular Effects
  <br/>
Cardiovascular Thrombotic Events
 </paragraph>
                  <paragraph>Clinical trials of several COX-2 selective and nonselective NSAIDs of up to three years duration have shown an increased risk of serious cardiovascular (CV) thrombotic events, myocardial infarction, and stroke, which can be fatal. All NSAIDs, both COX-2 selective and nonselective, may have a similar risk. Patients with known CV disease or risk factors for CV disease may be at greater risk. To minimize the potential risk for an adverse CV event in patients treated with an NSAID, the lowest effective dose should be used for the shortest duration possible. Physicians and patients should remain alert for the development of such events, even in the absence of previous CV symptoms. Patients should be informed about the signs and/or symptoms of serious CV events and the steps to take if they occur.</paragraph>
                  <paragraph>There is no consistent evidence that concurrent use of aspirin mitigates the increased risk of serious CV thrombotic events associated with NSAID use. The concurrent use of aspirin and an NSAID does increase the risk of serious GI events (see WARNINGS, GI EFFECTS).</paragraph>
                  <paragraph>Two large, controlled, clinical trials of a COX-2 selective NSAID for the treatment of pain in the first 10-14 days following CABG surgery found an increased incidence of myocardial infarction and stroke (see CONTRAINDICATIONS).</paragraph>
                  <paragraph>Hypertension
  <br/>
NSAIDs can lead to onset of new hypertension or worsening of pre-existing hypertension, either of which may contribute to the increased incidence of CV events. Patients taking thiazides or loop diuretics may have impaired response to these therapies when taking NSAIDs. NSAIDs, including diclofenac sodium delayed-release tablets, USP should be used with caution in patients with hypertension. Blood pressure (BP) should be monitored closely during the initiation of NSAID treatment and throughout the course of therapy.
 </paragraph>
                  <paragraph>Congestive Heart Failure and Edema
  <br/>
Fluid retention and edema have been observed in some patients taking NSAIDs. Diclofenac sodium delayed-release should be used with caution in patients with fluid retention or heart failure.
 </paragraph>
                  <paragraph>Gastrointestinal (GI) Effects - Risk Of GI Ulceration, Bleeding, And Perforation
  <br/>
NSAIDs, including diclofenac sodium delayed-release, can cause serious gastrointestinal (GI) adverse events including inflammation, bleeding, ulceration, and perforation of the stomach, small intestine, or large intestine, which can be fatal. These serious adverse events can occur at any time, with or without warning symptoms, in patients treated with NSAIDs. Only one in five patients, who develop a serious upper GI adverse event on NSAID therapy, is symptomatic. Upper GI ulcers, gross bleeding, or perforation caused by NSAIDs occur in approximately 1% of patients treated for 3-6 months, and in about 2%-4% of patients treated for one year. These trends continue with longer duration of use, increasing the likelihood of developing a serious GI event at some time during the course of therapy. However, even short-term therapy is not without risk.
 </paragraph>
                  <paragraph>NSAIDs should be prescribed with extreme caution in those with a prior history of ulcer disease or gastrointestinal bleeding. Patients with a prior history of peptic ulcer disease and/or gastrointestinal bleeding who use NSAIDs have a greater than 10-fold increased risk for developing a GI bleed compared to patients with neither of these risk factors. Other factors that increase the risk for GI bleeding in patients treated with NSAIDs include concomitant use of oral corticosteroids or anticoagulants, longer duration of NSAID therapy, smoking, use of alcohol, older age, and poor general health status. Most spontaneous reports of fatal GI events are in elderly or debilitated patients and therefore, special care should be taken in treating this population.</paragraph>
                  <paragraph>To minimize the potential risk for an adverse GI event in patients treated with an NSAID, the lowest effective dose should be used for the shortest possible duration. Patients and physicians should remain alert for signs and symptoms of GI ulceration and bleeding during NSAID therapy and promptly initiate additional evaluation and treatment if a serious GI adverse event is suspected. This should include discontinuation of the NSAID until a serious GI adverse event is ruled out. For high risk patients, alternate therapies that do not involve NSAIDs should be considered.</paragraph>
                  <paragraph>Renal Effects
  <br/>
Caution should be used when initiating treatment with diclofenac sodium delayed-release in patients with considerable dehydration.
 </paragraph>
                  <paragraph>Long-term administration of NSAIDs has resulted in renal papillary necrosis and other renal injury. Renal toxicity has also been seen in patients in whom renal prostaglandins have a compensatory role in the maintenance of renal perfusion. In these patients, administration of a nonsteroidal anti-inflammatory drug may cause a dose-dependent reduction in prostaglandin formation and, secondarily, in renal blood flow, which may precipitate overt renal decompensation. Patients at greatest risk of this reaction are those with impaired renal function, heart failure, liver dysfunction, those taking diuretics and ACE inhibitors, and the elderly. Discontinuation of NSAID therapy is usually followed by recovery to the pretreatment state.</paragraph>
                  <paragraph>Advanced Renal Disease</paragraph>
                  <paragraph>No information is available from controlled clinical studies regarding the use of diclofenac sodium delayed-release in patients with advanced renal disease. Therefore, treatment with diclofenac sodium delayed-release is not recommended in these patients with advanced renal disease. If diclofenac sodium delayed-release therapy must be initiated, close monitoring of the patient's renal function is advisable.</paragraph>
                  <paragraph>Hepatic Effects
  <br/>
Elevations of one or more liver tests may occur during therapy with diclofenac sodium delayed-release. These laboratory abnormalities may progress, may remain unchanged, or may be transient with continued therapy. Borderline elevations (i.e., less than 3 times the ULN [ULN = the upper limit of the normal range]) or greater elevations of transaminases occurred in about 15% of diclofenac-treated patients. Of the markers of hepatic function, ALT (SGPT) is recommended for the monitoring of liver injury.
 </paragraph>
                  <paragraph>In clinical trials, meaningful elevations (i.e., more than 3 times the ULN) of AST (GOT) (ALT was not measured in all studies) occurred in about 2% of approximately 5,700 patients at some time during diclofenac treatment. In a large, open-label, controlled trial of 3,700 patients treated for 2-6 months, patients were monitored first at 8 weeks and 1,200 patients were monitored again at 24 weeks. Meaningful elevations of ALT and/or AST occurred in about 4% of patients and included marked elevations (i.e., more than 8 times the ULN) in about 1% of the 3,700 patients. In that open-label study, a higher incidence of borderline (less than 3 times the ULN), moderate (3-8 times the ULN), and marked (&gt;8 times the ULN) elevations of ALT or AST was observed in patients receiving diclofenac when compared to other NSAIDs. Elevations in transaminases were seen more frequently in patients with osteoarthritis than in those with rheumatoid arthritis.</paragraph>
                  <paragraph>Almost all meaningful elevations in transaminases were detected before patients became symptomatic. Abnormal tests occurred during the first 2 months of therapy with diclofenac in 42 of the 51 patients in all trials who developed marked transaminase elevations.</paragraph>
                  <paragraph>In postmarketing reports, cases of drug-induced hepatotoxicity have been reported in the first month, and in some cases, the first 2 months of therapy, but can occur at any time during treatment with diclofenac. Postmarketing surveillance has reported cases of severe hepatic reactions, including liver necrosis, jaundice, fulminant hepatitis with and without jaundice, and liver failure. Some of these reported cases resulted in fatalities or liver transplantation.</paragraph>
                  <paragraph>Physicians should measure transaminases periodically in patients receiving long-term therapy with diclofenac, because severe hepatotoxicity may develop without a prodrome of distinguishing symptoms. The optimum times for making the first and subsequent transaminase measurements are not known. Based on clinical trial data and postmarketing experiences, transaminases should be monitored within 4 to 8 weeks after initiating treatment with diclofenac. However, severe hepatic reactions can occur at any time during treatment with diclofenac.</paragraph>
                  <paragraph>If abnormal liver tests persist or worsen, if clinical signs and/or symptoms consistent with liver disease develop, or if systemic manifestations occur (e.g., eosinophilia, rash, abdominal pain, diarrhea, dark urine, etc.), diclofenac sodium delayed-release should be discontinued immediately.</paragraph>
                  <paragraph>To minimize the possibility that hepatic injury will become severe between transaminase measurements, physicians should inform patients of the warning signs and symptoms of hepatotoxicity (e.g., nausea, fatigue, lethargy, diarrhea, pruritus, jaundice, right upper quadrant tenderness, and "flu-like" symptoms), and the appropriate action patients should take if these signs and symptoms appear.</paragraph>
                  <paragraph>To minimize the potential risk for an adverse liver related event in patients treated with diclofenac sodium delayed-release, the lowest effective dose should be used for the shortest duration possible. Caution should be exercised in prescribing diclofenac sodium delayed-release with concomitant drugs that are known to be potentially hepatotoxic (e.g., antibiotics, anti-epileptics).</paragraph>
                  <paragraph>Anaphylactic Reactions
  <br/>
As with other NSAIDs, anaphylactic reactions may occur both in patients with the aspirin triad and in patients without known sensitivity to NSAIDs or known prior exposure to diclofenac sodium delayed-release. Diclofenac sodium delayed-release should not be given to patients with the aspirin triad. This symptom complex typically occurs in asthmatic patients who experience rhinitis with or without nasal polyps, or who exhibit severe, potentially fatal bronchospasm after taking aspirin or other NSAIDs. (See CONTRAINDICATIONS and PRECAUTIONS, PREEXISTING ASTHMA.) Anaphylaxis-type reactions have been reported with NSAID products, including with diclofenac products, such as diclofenac sodium delayed-release. Emergency help should be sought in cases where an anaphylactic reaction occurs.
 </paragraph>
                  <paragraph>Skin Reactions
  <br/>
NSAIDs, including diclofenac sodium delayed-release, can cause serious skin adverse events such as exfoliative dermatitis, Stevens-Johnson Syndrome (SJS), and toxic epidermal necrolysis (TEN), which can be fatal. These serious events may occur without warning. Patients should be informed about the signs and symptoms of serious skin manifestations and use of the drug should be discontinued at the first appearance of skin rash or any other sign of hypersensitivity.
 </paragraph>
                  <paragraph>Pregnancy
  <br/>
In late pregnancy, as with other NSAIDs, diclofenac sodium delayed-release should be avoided because it may cause premature closure of the ductus arteriosus.
 </paragraph>
               </text>
               <effectiveTime value="20150818"/>
            </section>
         </component>
         <component>
            <section ID="id_link_1d9bd9a4-2c10-5637-e054-00144ff88e88">
               <id root="1d9bd9a4-2c0f-5637-e054-00144ff88e88"/>
               <code code="34071-1" codeSystem="2.16.840.1.113883.6.1" displayName="WARNINGS SECTION"/>
               <title>Ranitidine Hydochloride</title>
               <text/>
               <effectiveTime value="20150818"/>
            </section>
         </component>
         <component>
            <section ID="id_link_1d9bd9a4-2c15-5637-e054-00144ff88e88">
               <id root="1d9bd9a4-2c14-5637-e054-00144ff88e88"/>
               <code code="51945-4" codeSystem="2.16.840.1.113883.6.1" displayName="PACKAGE LABEL.PRINCIPAL DISPLAY PANEL"/>
               <title>Capsaisain cream</title>
               <text>
                  <paragraph>
                     <renderMultiMedia referencedObject="img_1d9bd9a4-2c13-5637-e054-00144ff88e88"/>
                  </paragraph>
               </text>
               <effectiveTime value="20150818"/>
               <component>
                  <observationMedia ID="img_1d9bd9a4-2c13-5637-e054-00144ff88e88">
                     <text>cream</text>
                     <value mediaType="image/jpeg" xsi:type="ED">
                        <reference value="capsaicin.jpg"/>
                     </value>
                  </observationMedia>
               </component>
            </section>
         </component>
         <component>
            <section ID="id_link_1d9b26a7-7180-1039-e054-00144ff8d46c">
               <id root="1d9b26a7-717f-1039-e054-00144ff8d46c"/>
               <code code="51945-4" codeSystem="2.16.840.1.113883.6.1" displayName="PACKAGE LABEL.PRINCIPAL DISPLAY PANEL"/>
               <title>Ranitdine </title>
               <text>
                  <paragraph>
                     <renderMultiMedia referencedObject="img_1d9b26a7-717e-1039-e054-00144ff8d46c"/>
                  </paragraph>
               </text>
               <effectiveTime value="20150818"/>
               <component>
                  <observationMedia ID="img_1d9b26a7-717e-1039-e054-00144ff8d46c">
                     <text>ranit</text>
                     <value mediaType="image/jpeg" xsi:type="ED">
                        <reference value="ranit.jpg"/>
                     </value>
                  </observationMedia>
               </component>
            </section>
         </component>
         <component>
            <section ID="id_link_1d9bd9a4-2c18-5637-e054-00144ff88e88">
               <id root="1d9bd9a4-2c17-5637-e054-00144ff88e88"/>
               <code code="51945-4" codeSystem="2.16.840.1.113883.6.1" displayName="PACKAGE LABEL.PRINCIPAL DISPLAY PANEL"/>
               <title>Diclofenac</title>
               <text>
                  <paragraph>
                     <renderMultiMedia referencedObject="img_1d9bd9a4-2c16-5637-e054-00144ff88e88"/>
                  </paragraph>
               </text>
               <effectiveTime value="20150818"/>
               <component>
                  <observationMedia ID="img_1d9bd9a4-2c16-5637-e054-00144ff88e88">
                     <text>diclofenac</text>
                     <value mediaType="image/jpeg" xsi:type="ED">
                        <reference value="diclof.jpg"/>
                     </value>
                  </observationMedia>
               </component>
            </section>
         </component>
         <component>
            <section ID="id_link_1d9bd9a4-2c1a-5637-e054-00144ff88e88">
               <id root="1d9bd9a4-2c19-5637-e054-00144ff88e88"/>
               <code code="34090-1" codeSystem="2.16.840.1.113883.6.1" displayName="CLINICAL PHARMACOLOGY SECTION"/>
               <title>Ranitdine</title>
               <text>
                  <paragraph>Ranitidine is a competitive, reversible inhibitor of the action of histamine at the histamine H2-receptors, including receptors on the gastric cells. Ranitidine does not lower serum Ca++ in hypercalcemic states. Ranitidine is not a anticholinergic agent.</paragraph>
                  <paragraph>Pharmacokinetics
  <br/>
Absorption
 </paragraph>
                  <paragraph>Ranitidine tablets and ranitidine capsules are 50% absorbed after oral administration, compared to an intravenous (IV) injection with mean peak levels of 440 to 545 ng/mL occurring 2 to 3 hours after a 150 mg dose. Absorption is not significantly impaired by the administration of food or antacids. Propantheline slightly delays and increases peak blood levels of ranitidine, probably by delaying gastric emptying and transit time. In one study, simultaneous administration of high-potency antacid (150 mmol) in fasting subjects has been reported to decrease the absorption of ranitidine.</paragraph>
                  <paragraph>Distribution</paragraph>
                  <paragraph>The volume of distribution is about 1.4 L/kg. Serum protein binding averages 15%.</paragraph>
                  <paragraph>Metabolism</paragraph>
                  <paragraph>In humans, the N-oxide is the principal metabolite in the urine; however, this amounts to &lt;4% of the dose. Other metabolites are the S-oxide (1%) and the desmethyl ranitidine (1%). The remainder of the administered dose is found in the stool. Studies in patients with hepatic dysfunction (compensated cirrhosis) indicate that there are minor, but clinically insignificant, alterations in ranitidine half-life, distribution, clearance, and bioavailability.</paragraph>
                  <paragraph>Excretion</paragraph>
                  <paragraph>The principal route of excretion is the urine, with approximately 30% of the orally administered dose collected in the urine as unchanged drug in 24 hours. Renal clearance is about 410 mL/min, indicating active tubular excretion. The elimination half-life is 2.5 to 3 hours. Four patients with clinically significant renal function impairment (creatinine clearance 25 to 35 mL/min) administered 50 mg of ranitidine intravenously had an average plasma half-life of 4.8 hours, a ranitidine clearance of 29 mL/min, and a volume of distribution of 1.76 L/kg. In general, these parameters appear to be altered in proportion to creatinine clearance (see DOSAGE AND ADMINISTRATION).</paragraph>
                  <paragraph>Geriatrics</paragraph>
                  <paragraph>The plasma half-life is prolonged and total clearance is reduced in the elderly population due to a decrease in renal function. The elimination half-life is 3 to 4 hours. Peak levels average 526 ng/mL following a 150 mg twice daily dose and occur in about 3 hours (see PRECAUTIONS: GERIATRIC USE and DOSAGE AND ADMINISTRATION: DOSAGE ADJUSTMENT FOR PATIENTS WITH IMPAIRED RENAL FUNCTION).</paragraph>
                  <paragraph>Pediatrics</paragraph>
                  <paragraph>There are no significant differences in the pharmacokinetic parameter values for ranitidine in pediatric patients (from 1 month up to 16 years of age) and healthy adults when correction is made for body weight. The average bioavailability of ranitidine given orally to pediatric patients is 48% which is comparable to the bioavailability of ranitidine in the adult population. All other pharmacokinetic parameter values (t1/2, Vd, and CL) are similar to those observed with intravenous ranitidine use in pediatric patients. Estimates of Cmax and Tmax are displayed in Table 1.</paragraph>
               </text>
               <effectiveTime value="20150818"/>
            </section>
         </component>
         <component>
            <section ID="id_link_1d9b26a7-7182-1039-e054-00144ff8d46c">
               <id root="1d9b26a7-7181-1039-e054-00144ff8d46c"/>
               <code code="34067-9" codeSystem="2.16.840.1.113883.6.1" displayName="INDICATIONS &amp; USAGE SECTION"/>
               <title>Ranitdine</title>
               <text>
                  <paragraph>Ranitidine is indicated in:</paragraph>
                  <paragraph>Short-term treatment of active duodenal ulcer. Most patients heal within 4 weeks. Studies available to date have not assessed the safety of ranitidine in uncomplicated duodenal ulcer for periods of more than 8 weeks.
  <br/>
Maintenance therapy for duodenal ulcer patients at reduced dosage after healing of acute ulcers. No placebo-controlled comparative studies have been carried out for periods of longer than 1 year.
  <br/>
The treatment of pathological hypersecretory conditions (e.g., Zollinger-Ellison syndrome and systemic mastocytosis).
  <br/>
Short-term treatment of active, benign gastric ulcer. Most patients heal within 6 weeks and the usefulness of further treatment has not been demonstrated. Studies available to date have not assessed the safety of ranitidine in uncomplicated, benign gastric ulcer for periods of more than 6 weeks.
  <br/>
Maintenance therapy for gastric ulcer patients at reduced dosage after healing of acute ulcers. Placebo-controlled studies have been carried out for 1 year.
  <br/>
Treatment of GERD. Symptomatic relief commonly occurs within 24 hours after starting therapy with ranitidine 150 mg two times a day.
  <br/>
Treatment of endoscopically diagnosed erosive esophagitis. Symptomatic relief of heartburn commonly occurs within 24 hours of therapy initiation with ranitidine 150 mg 4 times daily.
  <br/>
Maintenance of healing of erosive esophagitis. Placebo-controlled trials have been carried out for 48 weeks.
  <br/>
Concomitant antacids should be given as needed for pain relief to patients with active duodenal ulcer; active, benign gastric ulcer; hypersecretory states; GERD; and erosive esophagitis.
 </paragraph>
               </text>
               <effectiveTime value="20150818"/>
            </section>
         </component>
         <component>
            <section ID="id_link_1d9b26a7-7184-1039-e054-00144ff8d46c">
               <id root="1d9b26a7-7183-1039-e054-00144ff8d46c"/>
               <code code="42232-9" codeSystem="2.16.840.1.113883.6.1" displayName="PRECAUTIONS SECTION"/>
               <title>Ranitidine</title>
               <text/>
               <effectiveTime value="20150818"/>
            </section>
         </component>
         <component>
            <section ID="id_link_1d9c0611-5f24-5f06-e054-00144ff88e88">
               <id root="1d9c0611-5f23-5f06-e054-00144ff88e88"/>
               <code code="34068-7" codeSystem="2.16.840.1.113883.6.1" displayName="DOSAGE &amp; ADMINISTRATION SECTION"/>
               <title>Ranitdine</title>
               <text>
                  <paragraph>Active Duodenal Ulcer
  <br/>
The current recommended adult oral dosage of ranitidine for duodenal ulcer is 150 mg twice daily. An alternative dosage of 300 mg once daily after the evening meal or at bedtime can be used for patients in whom dosing convenience is important. The advantages of one treatment regimen compared to the other in a particular patient population have yet to be demonstrated (see CLINICAL PHARMACOLOGY: CLINICAL TRIALS: ACTIVE DUODENAL ULCER). Smaller doses have been shown to be equally effective in inhibiting gastric acid secretion in US studies, and several foreign trials have shown that 100 mg twice daily is as effective as the 150 mg dose.
 </paragraph>
                  <paragraph>Antacid should be given as needed for relief of pain (see CLINICAL PHARMACOLOGY: PHARMACOKINETICS).</paragraph>
               </text>
               <effectiveTime value="20150818"/>
            </section>
         </component>
      </structuredBody>
   </component>
</document>