<?xml version="1.0" encoding="UTF-8"?><?xml-stylesheet href="https://www.accessdata.fda.gov/spl/stylesheet/spl.xsl" type="text/xsl"?>
<document xmlns="urn:hl7-org:v3" xmlns:xsi="http://www.w3.org/2001/XMLSchema-instance" xsi:schemaLocation="urn:hl7-org:v3 https://www.accessdata.fda.gov/spl/schema/spl.xsd">
   <id root="1ddb4081-dedd-44c8-b634-185ff2c9b908"/>
   <code code="34390-5" codeSystem="2.16.840.1.113883.6.1" displayName="HUMAN OTC DRUG LABEL"/>
   <title>H-E-B<sub>®</sub> Cold &amp; Sinus Relief</title>
   <effectiveTime value="20180417"/>
   <setId root="421a0a2b-4238-4f1f-8824-6b3468f33470"/>
   <versionNumber value="4"/>
   <author>
      <time/>
      <assignedEntity>
         <representedOrganization>
            <id extension="007924756" root="1.3.6.1.4.1.519.1"/>
            <name>HEB</name>
            <assignedEntity>
               <assignedOrganization>
                  <id extension="937890044" root="1.3.6.1.4.1.519.1"/>
                  <name>Ranbaxy Pharmaceuticals Inc.</name>
                  <assignedEntity>
                     <assignedOrganization>
                        <id extension="184769029" root="1.3.6.1.4.1.519.1"/>
                        <name>Ohm Laboratories Inc.</name>
                     </assignedOrganization>
                     <performance>
                        <actDefinition>
                           <code code="C43360" codeSystem="2.16.840.1.113883.3.26.1.1" displayName="MANUFACTURE"/>
                           <product>
                              <manufacturedProduct classCode="MANU">
                                 <manufacturedMaterialKind>
                                    <code code="37808-423" codeSystem="2.16.840.1.113883.6.69"/>
                                 </manufacturedMaterialKind>
                              </manufacturedProduct>
                           </product>
                        </actDefinition>
                     </performance>
                  </assignedEntity>
               </assignedOrganization>
            </assignedEntity>
         </representedOrganization>
      </assignedEntity>
   </author>
   <component>
      <structuredBody>
         <component>
            <section>
               <id root="276d30e8-7eb6-45da-9109-cd8dbf1960e0"/>
               <code code="48780-1" codeSystem="2.16.840.1.113883.6.1" displayName="SPL product data elements section"/>
               <effectiveTime value="20180417"/>
               <subject>
                  <manufacturedProduct>
                     <manufacturedProduct>
                        <code code="37808-423" codeSystem="2.16.840.1.113883.6.69"/>
                        <name>Ibuprofen and Pseudoephedrine Hydrochloride</name>
                        <formCode code="C42992" codeSystem="2.16.840.1.113883.3.26.1.1" displayName="TABLET, SUGAR COATED"/>
                        <asEntityWithGeneric>
                           <genericMedicine>
                              <name>Ibuprofen and Pseudoephedrine Hydrochloride</name>
                           </genericMedicine>
                        </asEntityWithGeneric>
                        <ingredient classCode="ACTIB">
                           <quantity>
                              <numerator unit="mg" value="200"/>
                              <denominator unit="1" value="1"/>
                           </quantity>
                           <ingredientSubstance>
                              <code code="WK2XYI10QM" codeSystem="2.16.840.1.113883.4.9"/>
                              <name>IBUPROFEN</name>
                              <activeMoiety>
                                 <activeMoiety>
                                    <code code="WK2XYI10QM" codeSystem="2.16.840.1.113883.4.9"/>
                                    <name>IBUPROFEN</name>
                                 </activeMoiety>
                              </activeMoiety>
                           </ingredientSubstance>
                        </ingredient>
                        <ingredient classCode="ACTIB">
                           <quantity>
                              <numerator unit="mg" value="30"/>
                              <denominator unit="1" value="1"/>
                           </quantity>
                           <ingredientSubstance>
                              <code code="6V9V2RYJ8N" codeSystem="2.16.840.1.113883.4.9"/>
                              <name>PSEUDOEPHEDRINE HYDROCHLORIDE</name>
                              <activeMoiety>
                                 <activeMoiety>
                                    <code code="7CUC9DDI9F" codeSystem="2.16.840.1.113883.4.9"/>
                                    <name>PSEUDOEPHEDRINE</name>
                                 </activeMoiety>
                              </activeMoiety>
                           </ingredientSubstance>
                        </ingredient>
                        <ingredient classCode="IACT">
                           <ingredientSubstance>
                              <code code="5C5403N26O" codeSystem="2.16.840.1.113883.4.9"/>
                              <name>ACACIA</name>
                           </ingredientSubstance>
                        </ingredient>
                        <ingredient classCode="IACT">
                           <ingredientSubstance>
                              <code code="H0G9379FGK" codeSystem="2.16.840.1.113883.4.9"/>
                              <name>CALCIUM CARBONATE</name>
                           </ingredientSubstance>
                        </ingredient>
                        <ingredient classCode="IACT">
                           <ingredientSubstance>
                              <code code="R12CBM0EIZ" codeSystem="2.16.840.1.113883.4.9"/>
                              <name>CARNAUBA WAX</name>
                           </ingredientSubstance>
                        </ingredient>
                        <ingredient classCode="IACT">
                           <ingredientSubstance>
                              <code code="O8232NY3SJ" codeSystem="2.16.840.1.113883.4.9"/>
                              <name>STARCH, CORN</name>
                           </ingredientSubstance>
                        </ingredient>
                        <ingredient classCode="IACT">
                           <ingredientSubstance>
                              <code code="M28OL1HH48" codeSystem="2.16.840.1.113883.4.9"/>
                              <name>CROSCARMELLOSE SODIUM</name>
                           </ingredientSubstance>
                        </ingredient>
                        <ingredient classCode="IACT">
                           <ingredientSubstance>
                              <code code="68401960MK" codeSystem="2.16.840.1.113883.4.9"/>
                              <name>CROSPOVIDONE (15 MPA.S AT 5%)</name>
                           </ingredientSubstance>
                        </ingredient>
                        <ingredient classCode="IACT">
                           <ingredientSubstance>
                              <code code="L06K8R7DQK" codeSystem="2.16.840.1.113883.4.9"/>
                              <name>FD&amp;C BLUE NO. 2</name>
                           </ingredientSubstance>
                        </ingredient>
                        <ingredient classCode="IACT">
                           <ingredientSubstance>
                              <code code="WZB9127XOA" codeSystem="2.16.840.1.113883.4.9"/>
                              <name>FD&amp;C RED NO. 40</name>
                           </ingredientSubstance>
                        </ingredient>
                        <ingredient classCode="IACT">
                           <ingredientSubstance>
                              <code code="H77VEI93A8" codeSystem="2.16.840.1.113883.4.9"/>
                              <name>FD&amp;C YELLOW NO. 6</name>
                           </ingredientSubstance>
                        </ingredient>
                        <ingredient classCode="IACT">
                           <ingredientSubstance>
                              <code code="2G86QN327L" codeSystem="2.16.840.1.113883.4.9"/>
                              <name>GELATIN, UNSPECIFIED</name>
                           </ingredientSubstance>
                        </ingredient>
                        <ingredient classCode="IACT">
                           <ingredientSubstance>
                              <code code="E89I1637KE" codeSystem="2.16.840.1.113883.4.9"/>
                              <name>GUAR GUM</name>
                           </ingredientSubstance>
                        </ingredient>
                        <ingredient classCode="IACT">
                           <ingredientSubstance>
                              <code code="P6OCJ2551R" codeSystem="2.16.840.1.113883.4.9"/>
                              <name>GLYCERYL TRISTEARATE</name>
                           </ingredientSubstance>
                        </ingredient>
                        <ingredient classCode="IACT">
                           <ingredientSubstance>
                              <code code="RFW2ET671P" codeSystem="2.16.840.1.113883.4.9"/>
                              <name>HYDROXYPROPYL CELLULOSE (1200000 MW)</name>
                           </ingredientSubstance>
                        </ingredient>
                        <ingredient classCode="IACT">
                           <ingredientSubstance>
                              <code code="XM0M87F357" codeSystem="2.16.840.1.113883.4.9"/>
                              <name>FERROSOFERRIC OXIDE</name>
                           </ingredientSubstance>
                        </ingredient>
                        <ingredient classCode="IACT">
                           <ingredientSubstance>
                              <code code="24H4NWX5CO" codeSystem="2.16.840.1.113883.4.9"/>
                              <name>KAOLIN</name>
                           </ingredientSubstance>
                        </ingredient>
                        <ingredient classCode="IACT">
                           <ingredientSubstance>
                              <code code="3WJQ0SDW1A" codeSystem="2.16.840.1.113883.4.9"/>
                              <name>POLYETHYLENE GLYCOL, UNSPECIFIED</name>
                           </ingredientSubstance>
                        </ingredient>
                        <ingredient classCode="IACT">
                           <ingredientSubstance>
                              <code code="SMD1X3XO9M" codeSystem="2.16.840.1.113883.4.9"/>
                              <name>POWDERED CELLULOSE</name>
                           </ingredientSubstance>
                        </ingredient>
                        <ingredient classCode="IACT">
                           <ingredientSubstance>
                              <code code="FZ989GH94E" codeSystem="2.16.840.1.113883.4.9"/>
                              <name>POVIDONE, UNSPECIFIED</name>
                           </ingredientSubstance>
                        </ingredient>
                        <ingredient classCode="IACT">
                           <ingredientSubstance>
                              <code code="6DC9Q167V3" codeSystem="2.16.840.1.113883.4.9"/>
                              <name>PROPYLENE GLYCOL</name>
                           </ingredientSubstance>
                        </ingredient>
                        <ingredient classCode="IACT">
                           <ingredientSubstance>
                              <code code="46N107B71O" codeSystem="2.16.840.1.113883.4.9"/>
                              <name>SHELLAC</name>
                           </ingredientSubstance>
                        </ingredient>
                        <ingredient classCode="IACT">
                           <ingredientSubstance>
                              <code code="ETJ7Z6XBU4" codeSystem="2.16.840.1.113883.4.9"/>
                              <name>SILICON DIOXIDE</name>
                           </ingredientSubstance>
                        </ingredient>
                        <ingredient classCode="IACT">
                           <ingredientSubstance>
                              <code code="OJ245FE5EU" codeSystem="2.16.840.1.113883.4.9"/>
                              <name>SODIUM BENZOATE</name>
                           </ingredientSubstance>
                        </ingredient>
                        <ingredient classCode="IACT">
                           <ingredientSubstance>
                              <code code="C151H8M554" codeSystem="2.16.840.1.113883.4.9"/>
                              <name>SUCROSE</name>
                           </ingredientSubstance>
                        </ingredient>
                        <ingredient classCode="IACT">
                           <ingredientSubstance>
                              <code code="7SEV7J4R1U" codeSystem="2.16.840.1.113883.4.9"/>
                              <name>TALC</name>
                           </ingredientSubstance>
                        </ingredient>
                        <ingredient classCode="IACT">
                           <ingredientSubstance>
                              <code code="15FIX9V2JP" codeSystem="2.16.840.1.113883.4.9"/>
                              <name>TITANIUM DIOXIDE</name>
                           </ingredientSubstance>
                        </ingredient>
                        <asContent>
                           <quantity>
                              <numerator unit="1" value="40"/>
                              <denominator value="1"/>
                           </quantity>
                           <containerPackagedProduct>
                              <code code="37808-423-40" codeSystem="2.16.840.1.113883.6.69"/>
                              <formCode code="C43168" codeSystem="2.16.840.1.113883.3.26.1.1" displayName="BLISTER PACK"/>
                           </containerPackagedProduct>
                           <subjectOf>
                              <marketingAct>
                                 <code code="C53292" codeSystem="2.16.840.1.113883.3.26.1.1"/>
                                 <statusCode code="active"/>
                                 <effectiveTime>
                                    <low value="20180417"/>
                                 </effectiveTime>
                              </marketingAct>
                           </subjectOf>
                           <subjectOf>
                              <characteristic classCode="OBS">
                                 <code code="SPLCMBPRDTP" codeSystem="2.16.840.1.113883.1.11.19255"/>
                                 <value code="C112160" codeSystem="2.16.840.1.113883.3.26.1.1" displayName="Type 0: Not a Combination Product" xsi:type="CE"/>
                              </characteristic>
                           </subjectOf>
                        </asContent>
                     </manufacturedProduct>
                     <subjectOf>
                        <approval>
                           <id extension="ANDA074567" root="2.16.840.1.113883.3.150"/>
                           <code code="C73584" codeSystem="2.16.840.1.113883.3.26.1.1" displayName="ANDA"/>
                           <author>
                              <territorialAuthority>
                                 <territory>
                                    <code code="USA" codeSystem="2.16.840.1.113883.5.28"/>
                                 </territory>
                              </territorialAuthority>
                           </author>
                        </approval>
                     </subjectOf>
                     <subjectOf>
                        <marketingAct>
                           <code code="C53292" codeSystem="2.16.840.1.113883.3.26.1.1"/>
                           <statusCode code="active"/>
                           <effectiveTime>
                              <low value="20180417"/>
                           </effectiveTime>
                        </marketingAct>
                     </subjectOf>
                     <subjectOf>
                        <characteristic classCode="OBS">
                           <code code="SPLCOLOR" codeSystem="2.16.840.1.113883.1.11.19255"/>
                           <value code="C48332" codeSystem="2.16.840.1.113883.3.26.1.1" displayName="brown" xsi:type="CE"/>
                        </characteristic>
                     </subjectOf>
                     <subjectOf>
                        <characteristic classCode="OBS">
                           <code code="SPLSIZE" codeSystem="2.16.840.1.113883.1.11.19255"/>
                           <value unit="mm" value="14" xsi:type="PQ"/>
                        </characteristic>
                     </subjectOf>
                     <subjectOf>
                        <characteristic classCode="OBS">
                           <code code="SPLSHAPE" codeSystem="2.16.840.1.113883.1.11.19255"/>
                           <value code="C48345" codeSystem="2.16.840.1.113883.3.26.1.1" displayName="OVAL" xsi:type="CE">
                              <originalText>Caplets</originalText>
                           </value>
                        </characteristic>
                     </subjectOf>
                     <subjectOf>
                        <characteristic classCode="OBS">
                           <code code="SPLSCORE" codeSystem="2.16.840.1.113883.1.11.19255"/>
                           <value value="1" xsi:type="INT"/>
                        </characteristic>
                     </subjectOf>
                     <subjectOf>
                        <characteristic classCode="OBS">
                           <code code="SPLIMPRINT" codeSystem="2.16.840.1.113883.1.11.19255"/>
                           <value xsi:type="ST">423</value>
                        </characteristic>
                     </subjectOf>
                     <consumedIn>
                        <substanceAdministration>
                           <routeCode code="C38288" codeSystem="2.16.840.1.113883.3.26.1.1" displayName="ORAL"/>
                        </substanceAdministration>
                     </consumedIn>
                  </manufacturedProduct>
               </subject>
            </section>
         </component>
         <component>
            <section ID="ID_cb8d3eec-c48b-4e62-a7c5-11c02311f461">
               <id root="74b04d78-01e6-41c3-aa3b-581373bfd4cc"/>
               <code code="42229-5" codeSystem="2.16.840.1.113883.6.1" displayName="SPL UNCLASSIFIED SECTION"/>
               <text>
                  <paragraph>
                     <content styleCode="bold">
                        <content styleCode="italics">Drug Facts</content>
                     </content>
                  </paragraph>
               </text>
               <effectiveTime value="20180417"/>
            </section>
         </component>
         <component>
            <section ID="ID_58df9ee0-804f-4417-8afa-0ccf9ecbdf9b">
               <id root="ea3bf23d-e973-4ed5-bcc1-e4835e9cf34c"/>
               <code code="55106-9" codeSystem="2.16.840.1.113883.6.1" displayName="OTC - ACTIVE INGREDIENT SECTION"/>
               <effectiveTime value="20180417"/>
               <component>
                  <section ID="ID_43295fe6-86e5-4708-96fb-6718c476120b">
                     <id root="66bc57fc-732a-4d3d-8509-a2c46e3f084f"/>
                     <code code="55105-1" codeSystem="2.16.840.1.113883.6.1" displayName="OTC - PURPOSE SECTION"/>
                     <text>
                        <table width="75%">
                           <col width="45%"/>
                           <col width="31%"/>
                           <thead>
                              <tr>
                                 <th align="left" styleCode="Botrule Toprule " valign="top">
                                    <content styleCode="bold">
                                       <content styleCode="italics">Active ingredients (in each caplet)</content>
                                    </content>
                                 </th>
                                 <th align="left" styleCode="Botrule Toprule " valign="top">
                                    <content styleCode="bold">
                                       <content styleCode="italics">Purposes</content>
                                    </content>
                                 </th>
                              </tr>
                           </thead>
                           <tbody>
                              <tr>
                                 <td styleCode="Toprule " valign="top">
                                    <paragraph>Ibuprofen, USP 200 mg (NSAID)<footnote ID="_RefID0EDHAC">nonsteroidal anti-inflammatory drug</footnote>
                                    </paragraph>
                                 </td>
                                 <td styleCode="Toprule " valign="top">
                                    <paragraph>Pain reliever/fever reducer</paragraph>
                                 </td>
                              </tr>
                              <tr>
                                 <td styleCode="Botrule " valign="top">
                                    <paragraph>Pseudoephedrine HCl, USP 30 mg</paragraph>
                                 </td>
                                 <td styleCode="Botrule " valign="top">
                                    <paragraph>Nasal decongestant</paragraph>
                                 </td>
                              </tr>
                           </tbody>
                        </table>
                     </text>
                     <effectiveTime value="20180417"/>
                  </section>
               </component>
            </section>
         </component>
         <component>
            <section ID="ID_aa877964-7cff-4ead-b792-2fee4608ddc4">
               <id root="16b203f3-46b0-483f-bb78-32f8c38d4fd1"/>
               <code code="34067-9" codeSystem="2.16.840.1.113883.6.1" displayName="INDICATIONS &amp; USAGE SECTION"/>
               <title>Uses</title>
               <text>
                  <paragraph>temporarily relieves these symptoms associated with the common cold or flu:</paragraph>
                  <list listType="unordered">
                     <item>
                        <caption>•</caption>headache</item>
                     <item>
                        <caption>•</caption>fever</item>
                     <item>
                        <caption>•</caption>sinus pressure</item>
                     <item>
                        <caption>•</caption>nasal congestion</item>
                     <item>
                        <caption>•</caption>minor body aches and pains</item>
                  </list>
               </text>
               <effectiveTime value="20180417"/>
            </section>
         </component>
         <component>
            <section ID="ID_ce836a19-1380-4db2-94fe-0317aead794d">
               <id root="d6288c39-2999-45a5-bd09-1041a10bea4c"/>
               <code code="34071-1" codeSystem="2.16.840.1.113883.6.1" displayName="WARNINGS SECTION"/>
               <title>Warnings</title>
               <effectiveTime value="20180417"/>
               <component>
                  <section ID="ID_b1d64a28-c538-43f3-b6f1-e4bd664b0336">
                     <id root="779890fc-06e2-47a2-96fe-197e515cbe39"/>
                     <code code="42229-5" codeSystem="2.16.840.1.113883.6.1" displayName="SPL UNCLASSIFIED SECTION"/>
                     <title>Allergy alert</title>
                     <text>
                        <paragraph>Ibuprofen may cause a severe allergic reaction, especially in people allergic to aspirin. Symptoms may include:</paragraph>
                        <list listType="unordered">
                           <item>
                              <caption>•</caption>hives</item>
                           <item>
                              <caption>•</caption>facial swelling</item>
                           <item>
                              <caption>•</caption>asthma (wheezing)</item>
                           <item>
                              <caption>•</caption>shock</item>
                           <item>
                              <caption>•</caption>skin reddening</item>
                           <item>
                              <caption>•</caption>rash</item>
                           <item>
                              <caption>•</caption>blisters</item>
                        </list>
                        <paragraph>If an allergic reaction occurs, stop use and seek medical help right away.</paragraph>
                     </text>
                     <effectiveTime value="20180417"/>
                  </section>
               </component>
               <component>
                  <section ID="ID_1773b84d-d014-40c7-bee7-3ea878aa884e">
                     <id root="cd8499d3-578f-4535-82af-9aa4ac98a0a7"/>
                     <code code="42229-5" codeSystem="2.16.840.1.113883.6.1" displayName="SPL UNCLASSIFIED SECTION"/>
                     <title>Stomach bleeding warning</title>
                     <text>
                        <paragraph>This product contains an NSAID, which may cause severe stomach bleeding. The chance is higher if you:</paragraph>
                        <list listType="unordered">
                           <item>
                              <caption>•</caption>are age 60 or older</item>
                           <item>
                              <caption>•</caption>have had stomach ulcers or bleeding problems</item>
                           <item>
                              <caption>•</caption>take a blood thinning (anticoagulant) or steroid drug</item>
                           <item>
                              <caption>•</caption>take other drugs containing prescription or nonprescription NSAIDs [aspirin, ibuprofen, naproxen, or others]</item>
                           <item>
                              <caption>•</caption>have 3 or more alcoholic drinks every day while using this product</item>
                           <item>
                              <caption>•</caption>take more or for a longer time than directed</item>
                        </list>
                     </text>
                     <effectiveTime value="20180417"/>
                  </section>
               </component>
               <component>
                  <section ID="ID_34576d5c-018c-476f-81b7-74e3e11c6b16">
                     <id root="0fc78c02-19bd-4da3-8cf9-84b8e5482cc9"/>
                     <code code="42229-5" codeSystem="2.16.840.1.113883.6.1" displayName="SPL UNCLASSIFIED SECTION"/>
                     <title>Heart attack and stroke warning</title>
                     <text>
                        <paragraph>NSAIDs, except aspirin, increase the risk of heart attack, heart failure, and stroke. These can be fatal. The risk is higher if you use more than directed or for longer than directed.</paragraph>
                     </text>
                     <effectiveTime value="20180417"/>
                  </section>
               </component>
               <component>
                  <section ID="ID_e869350b-5f7d-4090-9598-b7eab03c67f3">
                     <id root="e838b84a-9949-4b45-b905-cd0f6fe12f30"/>
                     <code code="50570-1" codeSystem="2.16.840.1.113883.6.1" displayName="OTC - DO NOT USE SECTION"/>
                     <title>Do not use</title>
                     <text>
                        <list listType="unordered">
                           <item>
                              <caption>•</caption>in children under 12 years of age</item>
                           <item>
                              <caption>•</caption>if you have ever had an allergic reaction to any other pain reliever/fever reducer</item>
                           <item>
                              <caption>•</caption>right before or after heart surgery</item>
                           <item>
                              <caption>•</caption>if you are now taking a prescription monoamine oxidase inhibitor (MAOI) (certain drugs for depression, psychiatric, or emotional conditions, or Parkinson's disease), or for 2 weeks after stopping the MAOI drug. If you do not know if your prescription drug contains an MAOI, ask a doctor or pharmacist before taking this product.</item>
                        </list>
                     </text>
                     <effectiveTime value="20180417"/>
                  </section>
               </component>
               <component>
                  <section ID="ID_ac3d545b-b70d-45de-b96a-8939c3a7ff5e">
                     <id root="9277b04c-9438-4988-b749-ca827c165145"/>
                     <code code="50569-3" codeSystem="2.16.840.1.113883.6.1" displayName="OTC - ASK DOCTOR SECTION"/>
                     <title>Ask a doctor before use if</title>
                     <text>
                        <list listType="unordered">
                           <item>
                              <caption>•</caption>stomach bleeding warning applies to you</item>
                           <item>
                              <caption>•</caption>you have problems or serious side effects from taking pain relievers or fever reducers</item>
                           <item>
                              <caption>•</caption>you have a history of stomach problems, such as heartburn</item>
                           <item>
                              <caption>•</caption>you have high blood pressure, heart disease, liver cirrhosis, kidney disease, asthma, thyroid disease, diabetes, have trouble urinating due to an enlarged prostate gland, or had a stroke</item>
                           <item>
                              <caption>•</caption>you are taking a diuretic</item>
                        </list>
                     </text>
                     <effectiveTime value="20180417"/>
                  </section>
               </component>
               <component>
                  <section ID="ID_6be51d34-0d56-407c-910a-3edee67f45ea">
                     <id root="2716a585-1e58-48b0-8353-ad2e2e947949"/>
                     <code code="50568-5" codeSystem="2.16.840.1.113883.6.1" displayName="OTC - ASK DOCTOR/PHARMACIST SECTION"/>
                     <title>Ask a doctor or pharmacist before use if you are</title>
                     <text>
                        <list listType="unordered">
                           <item>
                              <caption>•</caption>under a doctor's care for any serious condition</item>
                           <item>
                              <caption>•</caption>taking any other product that contains pseudoephedrine or any other nasal decongestant</item>
                           <item>
                              <caption>•</caption>taking aspirin for heart attack or stroke, because ibuprofen may decrease this benefit of aspirin</item>
                           <item>
                              <caption>•</caption>taking any other drug</item>
                        </list>
                     </text>
                     <effectiveTime value="20180417"/>
                  </section>
               </component>
               <component>
                  <section ID="ID_ae19d4fc-c97c-4a0b-b801-4ce291765c2e">
                     <id root="b08d3b86-48b0-4283-ac16-b38696465de5"/>
                     <code code="50567-7" codeSystem="2.16.840.1.113883.6.1" displayName="OTC - WHEN USING SECTION"/>
                     <title>When using this product</title>
                     <text>
                        <list listType="unordered">
                           <item>
                              <caption>•</caption>take with food or milk if stomach upset occurs</item>
                        </list>
                     </text>
                     <effectiveTime value="20180417"/>
                  </section>
               </component>
               <component>
                  <section ID="ID_36479f02-a732-4225-86dd-1f039c6658fd">
                     <id root="3d7cb616-cce1-4c29-a44b-19a732ab1115"/>
                     <code code="50566-9" codeSystem="2.16.840.1.113883.6.1" displayName="OTC - STOP USE SECTION"/>
                     <title>Stop use and ask a doctor if</title>
                     <text>
                        <list listType="unordered">
                           <item>
                              <caption>•</caption>you experience any of the following signs of stomach bleeding: <list listType="unordered">
                                 <item>
                                    <caption>•</caption>feel faint</item>
                                 <item>
                                    <caption>•</caption>vomit blood</item>
                                 <item>
                                    <caption>•</caption>have bloody or black stools</item>
                                 <item>
                                    <caption>•</caption>have stomach pain that does not get better</item>
                              </list>
                           </item>
                           <item>
                              <caption>•</caption>you have symptoms of heart problems or stroke: <list listType="unordered">
                                 <item>
                                    <caption>•</caption>chest pain</item>
                                 <item>
                                    <caption>•</caption>trouble breathing</item>
                                 <item>
                                    <caption>•</caption>weakness in one part or side of body</item>
                                 <item>
                                    <caption>•</caption>slurred speech</item>
                                 <item>
                                    <caption>•</caption>leg swelling</item>
                              </list>
                           </item>
                           <item>
                              <caption>•</caption>fever gets worse or lasts more than 3 days</item>
                           <item>
                              <caption>•</caption>nasal congestion lasts for more than 7 days</item>
                           <item>
                              <caption>•</caption>symptoms continue or get worse</item>
                           <item>
                              <caption>•</caption>redness or swelling is present in the painful area</item>
                           <item>
                              <caption>•</caption>you get nervous, dizzy, or sleepless</item>
                           <item>
                              <caption>•</caption>any new symptoms appear</item>
                        </list>
                     </text>
                     <effectiveTime value="20180417"/>
                  </section>
               </component>
               <component>
                  <section ID="ID_c07aca4b-ac4e-47aa-8b42-d044af8785cb">
                     <id root="f456b7ac-09ab-4624-babc-2484c0c6eaa0"/>
                     <code code="53414-9" codeSystem="2.16.840.1.113883.6.1" displayName="OTC - PREGNANCY OR BREAST FEEDING SECTION"/>
                     <text>
                        <paragraph>
                           <content styleCode="bold">If pregnant or breast-feeding,</content> ask a health professional before use. It is especially important not to use ibuprofen during the last 3 months of pregnancy unless definitely directed to do so by a doctor because it may cause problems in the unborn child or complications during delivery.</paragraph>
                     </text>
                     <effectiveTime value="20180417"/>
                  </section>
               </component>
               <component>
                  <section ID="ID_d86958a2-1144-44f4-82cd-81087f76cb6b">
                     <id root="cd301f7f-1815-4b80-8f54-b12ba9912c91"/>
                     <code code="50565-1" codeSystem="2.16.840.1.113883.6.1" displayName="OTC - KEEP OUT OF REACH OF CHILDREN SECTION"/>
                     <text>
                        <paragraph>
                           <content styleCode="bold">Keep out of reach of children.</content> In case of overdose, get medical help or contact a Poison Control Center right away. (1-800-222-1222)</paragraph>
                     </text>
                     <effectiveTime value="20180417"/>
                  </section>
               </component>
            </section>
         </component>
         <component>
            <section ID="ID_a76ad37b-d956-4d48-9f0a-0fdafdfce9ba">
               <id root="aea496fa-ce71-4c7f-aae3-dee07a9c6a3d"/>
               <code code="34068-7" codeSystem="2.16.840.1.113883.6.1" displayName="DOSAGE &amp; ADMINISTRATION SECTION"/>
               <title>Directions</title>
               <text>
                  <list listType="unordered">
                     <item>
                        <caption>•</caption>
                        <content styleCode="bold">do not take more than directed</content>
                     </item>
                     <item>
                        <caption>•</caption>
                        <content styleCode="bold">the smallest effective dose should be used</content>
                     </item>
                     <item>
                        <caption>•</caption>adults and children 12 years of age and over: <list listType="unordered">
                           <item>
                              <caption>•</caption>take 1 caplet every 4 to 6 hours while symptoms persist. If symptoms do not respond to 1 caplet, 2 caplets may be used.</item>
                           <item>
                              <caption>•</caption>do not use more than 6 caplets in any 24-hour period unless directed by a doctor</item>
                        </list>
                     </item>
                     <item>
                        <caption>•</caption>children under 12 years of age: do not use</item>
                  </list>
               </text>
               <effectiveTime value="20180417"/>
            </section>
         </component>
         <component>
            <section ID="ID_e82540ac-0f60-484b-87f8-b29768c08705">
               <id root="47eb6d89-018e-452c-b6f1-a1c5ade80a75"/>
               <code code="44425-7" codeSystem="2.16.840.1.113883.6.1" displayName="STORAGE AND HANDLING SECTION"/>
               <title>Other information</title>
               <text>
                  <list listType="unordered">
                     <item>
                        <caption>•</caption>store at 20 - 25° C (68 - 77° F). Avoid excessive heat above 40° C (104° F).</item>
                     <item>
                        <caption>•</caption>read all warnings and directions before use. Keep carton.</item>
                  </list>
               </text>
               <effectiveTime value="20180417"/>
            </section>
         </component>
         <component>
            <section ID="ID_de7db1d6-9253-44da-a2c1-f85cd0e86aed">
               <id root="72eff31e-84d2-4540-8372-fcc108d1279b"/>
               <code code="51727-6" codeSystem="2.16.840.1.113883.6.1" displayName="INACTIVE INGREDIENT SECTION"/>
               <title>Inactive ingredients</title>
               <text>
                  <paragraph>acacia, calcium carbonate, carnauba wax, confectioner's sugar, corn starch, croscarmellose sodium, crospovidone, FD&amp;C Blue no. 2 Aluminum Lake, FD&amp;C Red no. 40 Aluminum Lake, FD&amp;C Yellow no. 6 Aluminum Lake, gelatin, guar gum, hydrogenated vegetable oil, hydroxypropyl cellulose, iron oxide black, kaolin, polyethylene glycol, powdered cellulose, povidone, pregelatinized starch, propylene glycol, shellac, silicon dioxide, sodium benzoate, sucrose, talc, titanium dioxide, white wax</paragraph>
               </text>
               <effectiveTime value="20180417"/>
            </section>
         </component>
         <component>
            <section ID="ID_21a279d9-1a3b-475f-a719-e543fc810023">
               <id root="ed6a47a4-0b2d-4263-8216-921b9f493f2e"/>
               <code code="53413-1" codeSystem="2.16.840.1.113883.6.1" displayName="OTC - QUESTIONS SECTION"/>
               <title>Questions?</title>
               <text>
                  <paragraph>call <content styleCode="bold">1-800-406-7984</content>
                  </paragraph>
               </text>
               <effectiveTime value="20180417"/>
            </section>
         </component>
         <component>
            <section ID="ID_c56fec48-c638-497f-b6e2-35c0b3e40c5d">
               <id root="b45fb178-40b9-4e74-8718-6aa2f5dc84c2"/>
               <code code="51945-4" codeSystem="2.16.840.1.113883.6.1" displayName="PACKAGE LABEL.PRINCIPAL DISPLAY PANEL"/>
               <title>PRINCIPAL DISPLAY PANEL - 40 Caplet Blister Pack Carton</title>
               <text>
                  <paragraph>
                     <content styleCode="bold">
                        <content styleCode="italics">
                           <sup>†</sup>Compare to Advil</content>
                     </content>
                     <sup>®</sup>
                     <content styleCode="bold">
                        <content styleCode="italics"> Cold &amp; Sinus</content>
                     </content> active ingredients</paragraph>
                  <paragraph>NDC 37808-423-40</paragraph>
                  <paragraph>
                     <content styleCode="bold">H-E-B</content>
                     <sub>®</sub>
                  </paragraph>
                  <paragraph>
                     <content styleCode="bold">Cold &amp; Sinus Relief</content>
                  </paragraph>
                  <paragraph>
                     <content styleCode="bold">Ibuprofen, USP 200 mg / Pain Reliver/Fever Reducer (NSAID)* </content>
                     <br/>
                     <content styleCode="bold">Pseudoephedrine HCl, USP 30 mg / Nasal Decongestant</content>
                  </paragraph>
                  <paragraph>
                     <content styleCode="bold">Cold &amp; Sinus</content> *nonsteroidal anti-inflammatory drug</paragraph>
                  <paragraph>Non-Drowsy</paragraph>
                  <paragraph>
                     <content styleCode="bold">Relief of:</content>
                  </paragraph>
                  <list listType="unordered">
                     <item>
                        <caption>•</caption>
                        <content styleCode="bold">Fever • Sinus Pressure</content>
                     </item>
                     <item>
                        <caption>•</caption>
                        <content styleCode="bold">Nasal Congestion</content>
                     </item>
                  </list>
                  <paragraph>
                     <content styleCode="bold">40 COATED CAPLETS**</content>
                     <br/>(**oval-shaped tablets)</paragraph>
                  <paragraph>actual<br/> size</paragraph>
                  <renderMultiMedia ID="id605" referencedObject="MM1"/>
               </text>
               <effectiveTime value="20180417"/>
               <component>
                  <observationMedia ID="MM1">
                     <text>PRINCIPAL DISPLAY PANEL - 40 Caplet Blister Pack Carton</text>
                     <value mediaType="image/jpeg" xsi:type="ED">
                        <reference value="heb-01.jpg"/>
                     </value>
                  </observationMedia>
               </component>
            </section>
         </component>
      </structuredBody>
   </component>
</document>