<?xml version="1.0" encoding="UTF-8"?><?xml-stylesheet href="http://www.accessdata.fda.gov/spl/stylesheet/spl.xsl" type="text/xsl"?>
<document xmlns="urn:hl7-org:v3" xmlns:xsi="http://www.w3.org/2001/XMLSchema-instance" xsi:schemaLocation="urn:hl7-org:v3 https://www.accessdata.fda.gov/spl/schema/spl.xsd">
   <id root="1e727fc8-2201-4767-964c-0b8e794fd048"/>
   <code code="34390-5" displayName="HUMAN OTC DRUG LABEL" codeSystem="2.16.840.1.113883.6.1"/>
   <title>Ibuprofen Oral Suspension, USP</title>
   <effectiveTime value="20191118"/>
   <setId root="aa5baafe-3ebd-47a8-826f-59330e8751e5"/>
   <versionNumber value="5"/>
   <author>
      <time/>
      <assignedEntity>
         <representedOrganization>
            <id extension="097537435" root="1.3.6.1.4.1.519.1"/>
            <name>Cardinal Health (Leader) 70000</name>
         </representedOrganization>
      </assignedEntity>
   </author>
   <component>
      <structuredBody>
         <component>
            <section>
               <id root="32fdd1ce-00a5-492f-9f36-06a0a4b13c31"/>
               <code code="48780-1" displayName="SPL LISTING DATA ELEMENTS SECTION" codeSystem="2.16.840.1.113883.6.1"/>
               <effectiveTime value="20191118"/>
               <subject>
                  <manufacturedProduct>
                     <manufacturedProduct>
                        <code code="70000-0259" codeSystem="2.16.840.1.113883.6.69"/>
                        <name>Ibuprofen<suffix>Childrens</suffix>
                        </name>
                        <formCode code="C42994" displayName="SUSPENSION" codeSystem="2.16.840.1.113883.3.26.1.1"/>
                        <asEntityWithGeneric>
                           <genericMedicine>
                              <name>Ibuprofen</name>
                           </genericMedicine>
                        </asEntityWithGeneric>
                        <ingredient classCode="ACTIB">
                           <quantity>
                              <numerator unit="mg" value="100"/>
                              <denominator unit="mL" value="5"/>
                           </quantity>
                           <ingredientSubstance>
                              <code code="WK2XYI10QM" codeSystem="2.16.840.1.113883.4.9"/>
                              <name>IBUPROFEN</name>
                              <activeMoiety>
                                 <activeMoiety>
                                    <code code="WK2XYI10QM" codeSystem="2.16.840.1.113883.4.9"/>
                                    <name>IBUPROFEN</name>
                                 </activeMoiety>
                              </activeMoiety>
                           </ingredientSubstance>
                        </ingredient>
                        <ingredient classCode="IACT">
                           <ingredientSubstance>
                              <code code="23OV73Q5G9" codeSystem="2.16.840.1.113883.4.9"/>
                              <name>ACESULFAME POTASSIUM</name>
                           </ingredientSubstance>
                        </ingredient>
                        <ingredient classCode="IACT">
                           <ingredientSubstance>
                              <code code="XF417D3PSL" codeSystem="2.16.840.1.113883.4.9"/>
                              <name>ANHYDROUS CITRIC ACID</name>
                           </ingredientSubstance>
                        </ingredient>
                        <ingredient classCode="IACT">
                           <ingredientSubstance>
                              <code code="H3R47K3TBD" codeSystem="2.16.840.1.113883.4.9"/>
                              <name>FD&amp;C BLUE NO. 1</name>
                           </ingredientSubstance>
                        </ingredient>
                        <ingredient classCode="IACT">
                           <ingredientSubstance>
                              <code code="PDC6A3C0OX" codeSystem="2.16.840.1.113883.4.9"/>
                              <name>GLYCERIN</name>
                           </ingredientSubstance>
                        </ingredient>
                        <ingredient classCode="IACT">
                           <ingredientSubstance>
                              <code code="6OZP39ZG8H" codeSystem="2.16.840.1.113883.4.9"/>
                              <name>POLYSORBATE 80</name>
                           </ingredientSubstance>
                        </ingredient>
                        <ingredient classCode="IACT">
                           <ingredientSubstance>
                              <code code="O8232NY3SJ" codeSystem="2.16.840.1.113883.4.9"/>
                              <name>STARCH, CORN</name>
                           </ingredientSubstance>
                        </ingredient>
                        <ingredient classCode="IACT">
                           <ingredientSubstance>
                              <code code="059QF0KO0R" codeSystem="2.16.840.1.113883.4.9"/>
                              <name>WATER</name>
                           </ingredientSubstance>
                        </ingredient>
                        <ingredient classCode="IACT">
                           <ingredientSubstance>
                              <code code="OJ245FE5EU" codeSystem="2.16.840.1.113883.4.9"/>
                              <name>SODIUM BENZOATE</name>
                           </ingredientSubstance>
                        </ingredient>
                        <ingredient classCode="IACT">
                           <ingredientSubstance>
                              <code code="C151H8M554" codeSystem="2.16.840.1.113883.4.9"/>
                              <name>SUCROSE</name>
                           </ingredientSubstance>
                        </ingredient>
                        <ingredient classCode="IACT">
                           <ingredientSubstance>
                              <code code="TTV12P4NEE" codeSystem="2.16.840.1.113883.4.9"/>
                              <name>XANTHAN GUM</name>
                           </ingredientSubstance>
                        </ingredient>
                        <asContent>
                           <quantity>
                              <numerator unit="mL" value="118"/>
                              <denominator value="1"/>
                           </quantity>
                           <containerPackagedProduct>
                              <code/>
                              <formCode code="C43169" displayName="BOTTLE" codeSystem="2.16.840.1.113883.3.26.1.1"/>
                              <asContent>
                                 <quantity>
                                    <numerator unit="1" value="1"/>
                                    <denominator value="1"/>
                                 </quantity>
                                 <containerPackagedProduct>
                                    <code code="70000-0259-1" codeSystem="2.16.840.1.113883.6.69"/>
                                    <formCode code="C43182" displayName="CARTON" codeSystem="2.16.840.1.113883.3.26.1.1"/>
                                 </containerPackagedProduct>
                                 <subjectOf>
                                    <marketingAct>
                                       <code code="C53292" codeSystem="2.16.840.1.113883.3.26.1.1"/>
                                       <statusCode code="active"/>
                                       <effectiveTime>
                                          <low value="20170915"/>
                                       </effectiveTime>
                                    </marketingAct>
                                 </subjectOf>
                              </asContent>
                           </containerPackagedProduct>
                           <subjectOf>
                              <characteristic>
                                 <code code="SPLCMBPRDTP" codeSystem="2.16.840.1.113883.1.11.19255"/>
                                 <value code="C112160" displayName="Type 0: Not a Combination Product" codeSystem="2.16.840.1.113883.3.26.1.1" xsi:type="CV"/>
                              </characteristic>
                           </subjectOf>
                        </asContent>
                     </manufacturedProduct>
                     <subjectOf>
                        <approval>
                           <id extension="ANDA074916" root="2.16.840.1.113883.3.150"/>
                           <code code="C73584" displayName="ANDA" codeSystem="2.16.840.1.113883.3.26.1.1"/>
                           <author>
                              <territorialAuthority>
                                 <territory>
                                    <code code="USA" codeSystem="2.16.840.1.113883.5.28"/>
                                 </territory>
                              </territorialAuthority>
                           </author>
                        </approval>
                     </subjectOf>
                     <subjectOf>
                        <marketingAct>
                           <code code="C53292" codeSystem="2.16.840.1.113883.3.26.1.1"/>
                           <statusCode code="active"/>
                           <effectiveTime>
                              <low value="20170915"/>
                           </effectiveTime>
                        </marketingAct>
                     </subjectOf>
                     <subjectOf>
                        <characteristic classCode="OBS">
                           <code code="SPLCOLOR" codeSystem="2.16.840.1.113883.1.11.19255"/>
                           <value code="C48333" displayName="BLUE" codeSystem="2.16.840.1.113883.3.26.1.1" xsi:type="CV"/>
                        </characteristic>
                     </subjectOf>
                     <subjectOf>
                        <characteristic classCode="OBS">
                           <code code="SPLFLAVOR" codeSystem="2.16.840.1.113883.1.11.19255"/>
                           <value code="C73413" displayName="RASPBERRY" codeSystem="2.16.840.1.113883.3.26.1.1" xsi:type="CV">
                              <originalText>blue-raspberry</originalText>
                           </value>
                        </characteristic>
                     </subjectOf>
                     <consumedIn>
                        <substanceAdministration>
                           <routeCode code="C38288" displayName="ORAL" codeSystem="2.16.840.1.113883.3.26.1.1"/>
                        </substanceAdministration>
                     </consumedIn>
                  </manufacturedProduct>
               </subject>
            </section>
         </component>
         <component>
            <section ID="LINK_33162003-419b-4027-bbe0-e5f1da5d1c39">
               <id root="33162003-419b-4027-bbe0-e5f1da5d1c39"/>
               <code code="55106-9" codeSystem="2.16.840.1.113883.6.1" displayName="OTC - ACTIVE INGREDIENT SECTION"/>
               <title>
                  <content styleCode="bold">
                     <content styleCode="italics">Active ingredient</content>
                  </content>
               </title>
               <text>
                  <paragraph>
                     <content styleCode="bold">(in each 5 mL)</content>
                     <br/>Ibuprofen, USP 100 mg (NSAID)**<br/>**nonsteroidal anti-inflammatory drug</paragraph>
               </text>
               <effectiveTime value="20170907"/>
            </section>
         </component>
         <component>
            <section ID="LINK_467dfa3b-cba1-481a-97a8-569ef166e867">
               <id root="467dfa3b-cba1-481a-97a8-569ef166e867"/>
               <code code="55105-1" codeSystem="2.16.840.1.113883.6.1" displayName="OTC - PURPOSE SECTION"/>
               <title>
                  <content styleCode="bold">
                     <content styleCode="italics">Purpose</content>
                  </content>
               </title>
               <text>
                  <paragraph>Pain reliever/fever reducer</paragraph>
               </text>
               <effectiveTime value="20170907"/>
            </section>
         </component>
         <component>
            <section ID="LINK_9d8bf778-36f8-48f4-95e5-2713f5e450ce">
               <id root="9d8bf778-36f8-48f4-95e5-2713f5e450ce"/>
               <code code="34067-9" codeSystem="2.16.840.1.113883.6.1" displayName="INDICATIONS &amp; USAGE SECTION"/>
               <title>
                  <content styleCode="bold">
                     <content styleCode="italics">Uses</content>
                  </content>
               </title>
               <text>
                  <paragraph>temporarily:<br/>• relieves minor aches and pains due to the common cold, flu, sore throat, headache and toothache<br/>• reduces fever</paragraph>
               </text>
               <effectiveTime value="20170907"/>
            </section>
         </component>
         <component>
            <section ID="LINK_4bd7880d-9a16-4dfe-b370-cf3391069dab">
               <id root="4bd7880d-9a16-4dfe-b370-cf3391069dab"/>
               <code code="34071-1" codeSystem="2.16.840.1.113883.6.1" displayName="WARNINGS SECTION"/>
               <title>
                  <content styleCode="bold">
                     <content styleCode="italics">Warnings</content>
                  </content>
               </title>
               <text>
                  <paragraph>
                     <content styleCode="bold">Allergy alert:</content> Ibuprofen may cause a severe allergic reaction, especially in people allergic to aspirin. <br/>Symptoms may include: </paragraph>
                  <paragraph>▪ hives                        ▪ facial swelling <br/>▪ asthma (wheezing)  ▪ shock<br/>▪ skin reddening         ▪ rash<br/>▪ blisters               </paragraph>
                  <paragraph>If an allergic reaction occurs, stop use and seek medical help right away.<br/>
                     <content styleCode="bold">Stomach bleeding warning:</content> This product contains an NSAID, which may cause severe stomach bleeding.  <br/>The chance is higher if your child:<br/>• has had stomach ulcers or bleeding problems<br/>• takes a blood thinning (anticoagulant) or steroid drug<br/>• takes other drugs containing prescription or nonprescription NSAIDs (aspirin, ibuprofen, naproxen, or others)<br/>• takes more or for a longer time than directed <br/>
                     <content styleCode="bold">Heart attack and stroke warning:</content> NSAIDs, except aspirin, increase the risk of heart attack, heart failure, and stroke. These can be fatal. The risk is higher if you use more than directed or for longer than directed.<br/>
                     <content styleCode="bold">Sore throat warning</content>: Severe or persistent sore throat or sore throat accompanied by high fever, headache, nausea, and vomiting may be serious. Consult doctor promptly. Do not use more than 2 days or administer to children under 3 years of age unless directed by doctor.</paragraph>
               </text>
               <effectiveTime value="20170907"/>
            </section>
         </component>
         <component>
            <section ID="LINK_40542b27-4a8c-451e-b878-57b0c3a3de60">
               <id root="40542b27-4a8c-451e-b878-57b0c3a3de60"/>
               <code code="50570-1" codeSystem="2.16.840.1.113883.6.1" displayName="OTC - DO NOT USE SECTION"/>
               <title>
                  <content styleCode="bold">
                     <content styleCode="italics">Do not use</content>
                  </content>
               </title>
               <text>
                  <paragraph>• if the child has ever had an allergic reaction to ibuprofen or any other pain reliever/fever reducer<br/>• right before or after heart surgery</paragraph>
               </text>
               <effectiveTime value="20170907"/>
            </section>
         </component>
         <component>
            <section ID="LINK_977c1c4c-df74-4354-a752-c588d24c8f72">
               <id root="977c1c4c-df74-4354-a752-c588d24c8f72"/>
               <code code="50569-3" codeSystem="2.16.840.1.113883.6.1" displayName="OTC - ASK DOCTOR SECTION"/>
               <title>
                  <content styleCode="bold">
                     <content styleCode="italics">Ask a doctor before use if </content>
                  </content>
               </title>
               <text>
                  <paragraph>• stomach bleeding warning applies to your child<br/>• child has a history of stomach problems, such as heartburn<br/>• child has problems or serious side effects from taking pain relievers or fever reducers<br/>• child has not been drinking fluids<br/>• child has lost a lot of fluid due to vomiting or diarrhea<br/>• child has high blood pressure, heart disease, liver cirrhosis, kidney disease, or had a stroke<br/>• child has asthma<br/>• child is taking a diuretic</paragraph>
               </text>
               <effectiveTime value="20170907"/>
            </section>
         </component>
         <component>
            <section ID="LINK_678f712c-4424-40bd-a1b3-5c661f225815">
               <id root="678f712c-4424-40bd-a1b3-5c661f225815"/>
               <code code="50568-5" codeSystem="2.16.840.1.113883.6.1" displayName="OTC - ASK DOCTOR/PHARMACIST SECTION"/>
               <title>
                  <content styleCode="bold">
                     <content styleCode="italics">Ask a doctor or pharmacist before use if the child is</content>
                  </content>
               </title>
               <text>
                  <paragraph>• under a doctor’s care for any serious condition<br/>• taking any other drug</paragraph>
               </text>
               <effectiveTime value="20170907"/>
            </section>
         </component>
         <component>
            <section ID="LINK_52078ffe-c68b-4244-a68e-d05110a58f70">
               <id root="52078ffe-c68b-4244-a68e-d05110a58f70"/>
               <code code="50567-7" codeSystem="2.16.840.1.113883.6.1" displayName="OTC - WHEN USING SECTION"/>
               <title>
                  <content styleCode="bold">
                     <content styleCode="italics">When using this product</content>
                  </content>
               </title>
               <text>
                  <paragraph>• take with food or milk if stomach upset occurs</paragraph>
               </text>
               <effectiveTime value="20170907"/>
            </section>
         </component>
         <component>
            <section ID="LINK_a9f0421c-7e6d-448c-86c8-d8d743791761">
               <id root="a9f0421c-7e6d-448c-86c8-d8d743791761"/>
               <code code="50566-9" codeSystem="2.16.840.1.113883.6.1" displayName="OTC - STOP USE SECTION"/>
               <title>
                  <content styleCode="bold">
                     <content styleCode="italics">Stop use and ask a doctor if</content>
                  </content>
               </title>
               <text>
                  <paragraph>• child experiences any of the following signs of stomach bleeding:<br/>     • feels faint<br/>     • vomits blood<br/>     • has bloody or black stools <br/>     • has stomach pain that does not get better<br/>• child has symptoms of heart problems or stroke:<br/>     • chest pain<br/>     • trouble breathing<br/>     • weakness in one part or side of body<br/>     • slurred speech<br/>     • leg swelling<br/>• the child does not get any relief within first day (24 hours) of treatment<br/>• fever or pain gets worse or lasts more than 3 days<br/>• redness or swelling is present in the painful area<br/>• any new symptoms appear</paragraph>
               </text>
               <effectiveTime value="20170907"/>
            </section>
         </component>
         <component>
            <section ID="LINK_140e3fd2-5e6b-46a0-a50d-7366ada48c11">
               <id root="140e3fd2-5e6b-46a0-a50d-7366ada48c11"/>
               <code code="50565-1" codeSystem="2.16.840.1.113883.6.1" displayName="OTC - KEEP OUT OF REACH OF CHILDREN SECTION"/>
               <title>
                  <content styleCode="bold">
                     <content styleCode="italics">Keep out of reach of children</content>
                  </content>
               </title>
               <text>
                  <paragraph>In case of overdose, get medical help or contact a Poison Control Center right away. (1-800-222-1222)</paragraph>
               </text>
               <effectiveTime value="20170907"/>
            </section>
         </component>
         <component>
            <section ID="LINK_ea996c43-10b3-4828-b078-f192948d8948">
               <id root="ea996c43-10b3-4828-b078-f192948d8948"/>
               <code code="34068-7" codeSystem="2.16.840.1.113883.6.1" displayName="DOSAGE &amp; ADMINISTRATION SECTION"/>
               <title>
                  <content styleCode="bold">
                     <content styleCode="italics">Directions</content>
                  </content>
               </title>
               <text>
                  <paragraph>• <content styleCode="bold">this product does not contain directions or complete warnings for adult use</content>
                     <br/>• <content styleCode="bold">do not give more than directed</content>
                     <br/>• shake well before using<br/>• mL =milliliter<br/>• find right dose on chart.  If possible, use weight to dose; otherwise use age.<br/>• use only enclosed dosing cup. Do not use any other dosing device.<br/>• if needed, repeat dose every <content styleCode="bold">6-8 hours</content>
                     <br/>• do not use more than <content styleCode="bold">4 times a day</content>
                     <br/>• replace original bottle cap to maintain child resistance</paragraph>
                  <table>
                     <caption>Dosing Chart</caption>
                     <col/>
                     <col/>
                     <col/>
                     <thead>
                        <tr>
                           <td align="center" styleCode="     Botrule          Toprule         Lrule          Rrule     ">
                              <content styleCode="bold">Weight (lb)</content>
                           </td>
                           <th align="center" styleCode="     Botrule          Toprule         Lrule          Rrule     ">
                              <content styleCode="bold"> Age (yr)</content>
                           </th>
                           <td align="center" styleCode="     Botrule          Toprule         Lrule          Rrule     ">
                              <content styleCode="bold">Dose (mL)*</content>
                           </td>
                        </tr>
                     </thead>
                     <tbody>
                        <tr>
                           <td align="center" styleCode="     Botrule          Toprule         Lrule          Rrule     ">under 24</td>
                           <td align="center" styleCode="     Botrule          Toprule         Lrule          Rrule     "> under 2 years</td>
                           <td align="center" styleCode="     Botrule          Toprule         Lrule          Rrule     "> ask a doctor</td>
                        </tr>
                        <tr>
                           <td align="center" styleCode="     Botrule          Toprule         Lrule          Rrule     "> 24-35 lbs</td>
                           <td align="center" styleCode="     Botrule          Toprule         Lrule          Rrule     "> 2-3 years</td>
                           <td align="center" styleCode="     Botrule          Toprule         Lrule          Rrule     "> 5 mL </td>
                        </tr>
                        <tr>
                           <td align="center" styleCode="     Botrule          Toprule         Lrule          Rrule     "> 36-47 lbs</td>
                           <td align="center" styleCode="     Botrule          Toprule         Lrule          Rrule     ">4-5 years </td>
                           <td align="center" styleCode="     Botrule          Toprule         Lrule          Rrule     "> 7.5 mL </td>
                        </tr>
                        <tr>
                           <td align="center" styleCode="     Botrule          Toprule         Lrule          Rrule     "> 48-59 lbs</td>
                           <td align="center" styleCode="     Botrule          Toprule         Lrule          Rrule     "> 6-8 years</td>
                           <td align="center" styleCode="     Botrule          Toprule         Lrule          Rrule     "> 10 mL </td>
                        </tr>
                        <tr>
                           <td align="center" styleCode="     Botrule          Toprule         Lrule          Rrule     ">60-71 lbs</td>
                           <td align="center" styleCode="     Botrule          Toprule         Lrule          Rrule     "> 9-10 years</td>
                           <td align="center" styleCode="     Botrule          Toprule         Lrule          Rrule     "> 12.5 mL </td>
                        </tr>
                        <tr>
                           <td align="center" styleCode="     Botrule          Toprule         Lrule          Rrule     ">72-95 lbs</td>
                           <td align="center" styleCode="     Botrule          Toprule         Lrule          Rrule     "> 11 years</td>
                           <td align="center" styleCode="     Botrule          Toprule         Lrule          Rrule     ">15 mL </td>
                        </tr>
                        <tr>
                           <td colspan="3" styleCode="     Botrule     ">*or as directed by a doctor</td>
                        </tr>
                     </tbody>
                  </table>
                  <br/>
               </text>
               <effectiveTime value="20170907"/>
            </section>
         </component>
         <component>
            <section ID="LINK_fc2893a1-f00a-4faf-9fde-d11fb5876fc5">
               <id root="fc2893a1-f00a-4faf-9fde-d11fb5876fc5"/>
               <code code="42229-5" codeSystem="2.16.840.1.113883.6.1" displayName="SPL UNCLASSIFIED SECTION"/>
               <title>
                  <content styleCode="bold">
                     <content styleCode="italics">Other information</content>
                  </content>
               </title>
               <text>
                  <paragraph>• <content styleCode="bold">each 5 mL contains:</content> sodium 2 mg<br/>• store between 20° to 25°C (68° to 77°F)<br/>• <content styleCode="bold">do not use if printed neckband is broken or missing</content>
                     <br/>• see bottom panel for lot number and expiration date</paragraph>
               </text>
               <effectiveTime value="20170907"/>
            </section>
         </component>
         <component>
            <section ID="LINK_6f750585-a208-459a-b029-f01a008b7536">
               <id root="6f750585-a208-459a-b029-f01a008b7536"/>
               <code code="51727-6" codeSystem="2.16.840.1.113883.6.1" displayName="INACTIVE INGREDIENT SECTION"/>
               <title>
                  <content styleCode="bold">
                     <content styleCode="italics">Inactive ingredients</content>
                  </content>
               </title>
               <text>
                  <paragraph>acesulfame potassium, citric acid anhydrous, FD&amp;C blue #1, glycerin, polysorbate 80, pregelatinized corn starch, purified water, sodium benzoate, artificial raspberry flavor, sucrose, xanthan gum</paragraph>
               </text>
               <effectiveTime value="20170907"/>
            </section>
         </component>
         <component>
            <section ID="LINK_df9ba863-b39d-4908-938e-9a2bde56367f">
               <id root="df9ba863-b39d-4908-938e-9a2bde56367f"/>
               <code code="53413-1" codeSystem="2.16.840.1.113883.6.1" displayName="OTC - QUESTIONS SECTION"/>
               <title>
                  <content styleCode="bold">
                     <content styleCode="italics">Questions?</content>
                  </content>
               </title>
               <text>
                  <paragraph>
                     <content styleCode="bold">1-800-432-8534 between 9 am and 4 pm EST, Monday – Friday.</content>
                  </paragraph>
               </text>
               <effectiveTime value="20170907"/>
            </section>
         </component>
         <component>
            <section ID="LINK_f087f3bc-58ef-4d8c-b9eb-0636b057153d">
               <id root="f087f3bc-58ef-4d8c-b9eb-0636b057153d"/>
               <code code="51945-4" codeSystem="2.16.840.1.113883.6.1" displayName="PACKAGE LABEL.PRINCIPAL DISPLAY PANEL"/>
               <title>
                  <content styleCode="bold">PRINCIPAL DISPLAY PANEL</content>
               </title>
               <text>
                  <paragraph>See New Warnings</paragraph>
                  <paragraph>LEADER™</paragraph>
                  <paragraph>NDC 70000-0259-1</paragraph>
                  <paragraph>For Ages 2 to 11 years</paragraph>
                  <paragraph>Children’s <br/>Ibuprofen <br/>Oral Suspension, USP <br/>
                     <content styleCode="bold">(NSAID)**</content>
                     <br/>100 mg per 5 mL</paragraph>
                  <paragraph>Pain Reliever<br/>Fever Reducer</paragraph>
                  <paragraph>Blue <br/>Raspberry Flavor</paragraph>
                  <paragraph>Shake Well <br/>Before Using</paragraph>
                  <paragraph>Lasts up to <br/>8 hours</paragraph>
                  <paragraph>Alcohol Free </paragraph>
                  <paragraph>COMPARE TO CHILDREN'S MOTRIN<sup>®†</sup>
                     <br/>active ingredient </paragraph>
                  <paragraph>100% Money <br/>Back Guarantee </paragraph>
                  <paragraph>4 FL OZ (118 mL)</paragraph>
                  <renderMultiMedia referencedObject="MM1"/>
                  <paragraph>
                     <br/>
                  </paragraph>
               </text>
               <effectiveTime value="20170907"/>
               <component>
                  <observationMedia ID="MM1">
                     <text>4 OZ CARTON</text>
                     <value xsi:type="ED" mediaType="image/jpeg">
                        <reference value="ibuprofen-childrens-oral-suspension-1.jpg"/>
                     </value>
                  </observationMedia>
               </component>
            </section>
         </component>
      </structuredBody>
   </component>
</document>