<?xml version="1.0" encoding="UTF-8"?><?xml-stylesheet href="http://www.accessdata.fda.gov/spl/stylesheet/spl.xsl" type="text/xsl"?>
<document xmlns="urn:hl7-org:v3" xmlns:xsi="http://www.w3.org/2001/XMLSchema-instance" xsi:schemaLocation="urn:hl7-org:v3 http://www.accessdata.fda.gov/spl/schema/spl.xsd">
   <id root="1fb5dcde-d854-4df6-8fc7-35affe0adc11"/>
   <code code="34391-3" codeSystem="2.16.840.1.113883.6.1" displayName="HUMAN PRESCRIPTION DRUG LABEL"/>
   <title>Diclofenac Sodium Ophthalmic<br/> Solution, 0.1% (Sterile)</title>
   <effectiveTime value="20111027"/>
   <setId root="41c80e79-36fd-4b90-bae1-55d6042c3ca2"/>
   <versionNumber value="1"/>
   <author>
      <time/>
      <assignedEntity>
         <representedOrganization>
            <id extension="147681894" root="1.3.6.1.4.1.519.1"/>
            <name>H.J. Harkins Company, Inc.</name>
            <assignedEntity>
               <assignedOrganization>
                  <id extension="196603781" root="1.3.6.1.4.1.519.1"/>
                  <name>Bausch &amp; Lomb Incorporated</name>
                  <assignedEntity>
                     <assignedOrganization>
                        <id extension="807927397" root="1.3.6.1.4.1.519.1"/>
                        <name>Bausch &amp; Lomb Incorporated</name>
                     </assignedOrganization>
                     <performance>
                        <actDefinition>
                           <code code="C43360" codeSystem="2.16.840.1.113883.3.26.1.1" displayName="MANUFACTURE"/>
                        </actDefinition>
                     </performance>
                  </assignedEntity>
                  <assignedEntity>
                     <assignedOrganization>
                        <id extension="462085204" root="1.3.6.1.4.1.519.1"/>
                        <name>Esteve Quimca S.A.</name>
                     </assignedOrganization>
                     <performance>
                        <actDefinition>
                           <code code="C82401" codeSystem="2.16.840.1.113883.3.26.1.1" displayName="API MANUFACTURE"/>
                        </actDefinition>
                     </performance>
                  </assignedEntity>
               </assignedOrganization>
            </assignedEntity>
         </representedOrganization>
      </assignedEntity>
   </author>
   <component>
      <structuredBody>
         <component>
            <section>
               <id root="7c7da0c0-bbe4-479a-a83e-4d082ec41e79"/>
               <code code="48780-1" codeSystem="2.16.840.1.113883.6.1" displayName="SPL listing data elements section"/>
               <effectiveTime value="20111027"/>
               <subject>
                  <manufacturedProduct>
                     <manufacturedProduct>
                        <code code="52959-987" codeSystem="2.16.840.1.113883.6.69"/>
                        <name>Diclofenac Sodium<suffix/>
                        </name>
                        <formCode code="C60992" codeSystem="2.16.840.1.113883.3.26.1.1" displayName="SOLUTION/ DROPS"/>
                        <asEntityWithGeneric>
                           <genericMedicine>
                              <name>Diclofenac Sodium</name>
                           </genericMedicine>
                        </asEntityWithGeneric>
                        <asEquivalentEntity classCode="EQUIV">
                           <code code="C64637" codeSystem="2.16.840.1.113883.3.26.1.1"/>
                           <definingMaterialKind>
                              <code code="24208-457" codeSystem="2.16.840.1.113883.6.69"/>
                           </definingMaterialKind>
                        </asEquivalentEntity>
                        <ingredient classCode="ACTIB">
                           <quantity>
                              <numerator value="1" unit="mg"/>
                              <denominator value="1" unit="mL"/>
                           </quantity>
                           <ingredientSubstance>
                              <code code="QTG126297Q" codeSystem="2.16.840.1.113883.4.9"/>
                              <name>DICLOFENAC SODIUM</name>
                              <activeMoiety>
                                 <activeMoiety>
                                    <code code="144O8QL0L1" codeSystem="2.16.840.1.113883.4.9"/>
                                    <name>DICLOFENAC</name>
                                 </activeMoiety>
                              </activeMoiety>
                           </ingredientSubstance>
                        </ingredient>
                        <ingredient classCode="IACT">
                           <ingredientSubstance>
                              <code code="R57ZHV85D4" codeSystem="2.16.840.1.113883.4.9"/>
                              <name>BORIC ACID</name>
                           </ingredientSubstance>
                        </ingredient>
                        <ingredient classCode="IACT">
                           <quantity>
                              <numerator value="1" unit="mg"/>
                              <denominator value="1" unit="mL"/>
                           </quantity>
                           <ingredientSubstance>
                              <code code="7FLD91C86K" codeSystem="2.16.840.1.113883.4.9"/>
                              <name>EDETATE DISODIUM</name>
                           </ingredientSubstance>
                        </ingredient>
                        <ingredient classCode="IACT">
                           <ingredientSubstance>
                              <code code="6D4M1DAL6O" codeSystem="2.16.840.1.113883.4.9"/>
                              <name>POLYOXYL 35 CASTOR OIL</name>
                           </ingredientSubstance>
                        </ingredient>
                        <ingredient classCode="IACT">
                           <ingredientSubstance>
                              <code code="059QF0KO0R" codeSystem="2.16.840.1.113883.4.9"/>
                              <name>WATER</name>
                           </ingredientSubstance>
                        </ingredient>
                        <ingredient classCode="IACT">
                           <quantity>
                              <numerator value="2" unit="mg"/>
                              <denominator value="1" unit="mL"/>
                           </quantity>
                           <ingredientSubstance>
                              <code code="X045WJ989B" codeSystem="2.16.840.1.113883.4.9"/>
                              <name>SORBIC ACID</name>
                           </ingredientSubstance>
                        </ingredient>
                        <ingredient classCode="IACT">
                           <ingredientSubstance>
                              <code code="023C2WHX2V" codeSystem="2.16.840.1.113883.4.9"/>
                              <name>TROMETHAMINE</name>
                           </ingredientSubstance>
                        </ingredient>
                        <asContent>
                           <quantity>
                              <numerator value="5" unit="mL"/>
                              <denominator value="1"/>
                           </quantity>
                           <containerPackagedProduct>
                              <code/>
                              <formCode code="C43171" codeSystem="2.16.840.1.113883.3.26.1.1" displayName="BOTTLE, DROPPER"/>
                              <asContent>
                                 <quantity>
                                    <numerator value="1" unit="1">
                                       <translation code="C48477" codeSystem="2.16.840.1.113883.3.26.1.1" displayName="BOTTLE"/>
                                    </numerator>
                                    <denominator value="1"/>
                                 </quantity>
                                 <containerPackagedProduct>
                                    <code code="52959-987-05" codeSystem="2.16.840.1.113883.6.69"/>
                                    <formCode code="C43182" codeSystem="2.16.840.1.113883.3.26.1.1" displayName="CARTON"/>
                                 </containerPackagedProduct>
                              </asContent>
                           </containerPackagedProduct>
                        </asContent>
                     </manufacturedProduct>
                     <subjectOf>
                        <approval>
                           <id extension="ANDA078792" root="2.16.840.1.113883.3.150"/>
                           <code code="C73584" codeSystem="2.16.840.1.113883.3.26.1.1" displayName="ANDA"/>
                           <author>
                              <territorialAuthority>
                                 <territory>
                                    <code code="USA" codeSystem="2.16.840.1.113883.5.28"/>
                                 </territory>
                              </territorialAuthority>
                           </author>
                        </approval>
                     </subjectOf>
                     <subjectOf>
                        <marketingAct>
                           <code code="C53292" codeSystem="2.16.840.1.113883.3.26.1.1"/>
                           <statusCode code="active"/>
                           <effectiveTime>
                              <low value="20071228"/>
                           </effectiveTime>
                        </marketingAct>
                     </subjectOf>
                     <consumedIn>
                        <substanceAdministration>
                           <routeCode code="C38287" codeSystem="2.16.840.1.113883.3.26.1.1" displayName="OPHTHALMIC"/>
                        </substanceAdministration>
                     </consumedIn>
                  </manufacturedProduct>
               </subject>
            </section>
         </component>
         <component>
            <section ID="i4i_description_id_767f74b9-5a2e-4f58-a1c3-540056ee182c">
               <id root="e4bb49a2-0dcc-4c0a-881c-c888c0d95550"/>
               <code codeSystem="2.16.840.1.113883.6.1" code="34089-3" displayName="DESCRIPTION SECTION"/>
               <title>DESCRIPTION:</title>
               <text>
                  <paragraph>Diclofenac Sodium Ophthalmic Solution 0.1% is a sterile, topical, non-steroidal, anti-inflammatory product for ophthalmic use. Diclofenac Sodium is designated chemically as 2-[(2,6-dichlorophenyl)amino] benzeneacetic acid, monosodium salt, with an empirical formula of C<sub>14</sub>H<sub>10</sub>CI<sub>2</sub>NO<sub>2</sub> Na. The structural formula of diclofenac sodium is:</paragraph>
                  <renderMultiMedia referencedObject="id_ee15775e-d71a-4561-9ecc-da4ae02fcf5c"/>
                  <paragraph>Diclofenac Sodium Ophthalmic is available as a sterile solution, which contains diclofenac sodium 0.1% (1 mg/mL).</paragraph>
                  <paragraph>
                     <content styleCode="italics">Inactive Ingredients: </content>polyoxyl 35 castor oil, Boric acid, tromethamine, sorbic acid (2 mg/mL), edetate disodium (1 mg/mL), and purified water.</paragraph>
                  <paragraph>Diclofenac Sodium is a faintly yellow-white to light-beige, slightly hygroscopic crystalline powder. It is freely soluble in methanol, sparingly soluble in water, very slightly soluble in acetonitrile, and insoluble in chloroform and in 0.1N hydrochloric acid. Its molecular weight is 318.14. Diclofenac Sodium Ophthalmic 0.1% is an iso-osmotic solution with an osmolality of about 300 mOsmol/1000 g, buffered at approximately pH 7.2. Diclofenac Sodium Ophthalmic solution has a faint characteristic odor of castor oil.</paragraph>
               </text>
               <effectiveTime value="20111027"/>
               <component>
                  <observationMedia ID="id_ee15775e-d71a-4561-9ecc-da4ae02fcf5c">
                     <text>Diclofenac Sodium (structural formula)</text>
                     <value xsi:type="ED" mediaType="image/jpeg">
                        <reference value="7ff0ceec-714d-4f5e-b10d-b049ba01a6ea-01.jpg"/>
                     </value>
                  </observationMedia>
               </component>
            </section>
         </component>
         <component>
            <section ID="i4i_clinical_pharmacology_id_202e4910-0af8-43f9-87ce-ee88827c537a">
               <id root="c3c7a840-bfc4-4a96-961f-b770e6a6f331"/>
               <code codeSystem="2.16.840.1.113883.6.1" code="34090-1" displayName="CLINICAL PHARMACOLOGY SECTION"/>
               <title>CLINICAL PHARMACOLOGY:</title>
               <effectiveTime value="20100603"/>
               <component>
                  <section ID="i4i_pharmacodynamics_id_68061111-8f2a-4787-855b-f9b64993ae02">
                     <id root="eb218b4c-7b18-4cc3-9a00-a9b3c9c8159d"/>
                     <code codeSystem="2.16.840.1.113883.6.1" code="43681-6" displayName="PHARMACODYNAMICS SECTION"/>
                     <title>Pharmacodynamics</title>
                     <text>
                        <paragraph>Diclofenac Sodium is one of a series of phenylacetic acids that has demonstrated anti-inflammatory and analgesic properties in pharmacological studies. It is thought to inhibit the enzyme cyclooxygenase, which is essential in the biosynthesis of prostaglandins.</paragraph>
                     </text>
                     <effectiveTime value="20100603"/>
                  </section>
               </component>
               <component>
                  <section ID="i4i_animal_pharmacology_id_c48d074c-f5f9-4a85-9f84-4d880170fdfc">
                     <id root="75232ff8-3277-427d-bee7-368332cb9b53"/>
                     <code codeSystem="2.16.840.1.113883.6.1" code="34091-9" displayName="ANIMAL PHARMACOLOGY &amp; OR TOXICOLOGY SECTION"/>
                     <title>Animal Studies</title>
                     <text>
                        <paragraph>Prostaglandins have been shown in many animal models to be mediators of certain kinds of intraocular inflammation. In studies performed in animal eyes, prostaglandins have been shown to produce disruption of the blood-aqueous humor barrier, vasodilation, increased vascular permeability, leukocytosis, and increased intraocular pressure.</paragraph>
                     </text>
                     <effectiveTime value="20100603"/>
                  </section>
               </component>
               <component>
                  <section ID="i4i_pharmacokinetics_id_02a919c3-7e3b-4431-9e84-dcc8678ca7e4">
                     <id root="0a3f475f-fa04-492b-832e-7dac40542c05"/>
                     <code codeSystem="2.16.840.1.113883.6.1" code="43682-4" displayName="PHARMACOKINETICS SECTION"/>
                     <title>Pharmacokinetics</title>
                     <text>
                        <paragraph>Results from a bioavailability study established that plasma levels of diclofenac following ocular instillation of two drops of Diclofenac Sodium Ophthalmic to each eye were below the limit of quantification (10 ng/mL) over a 4-hour period.</paragraph>
                        <paragraph>This study suggests that limited, if any, systemic absorption occurs with Diclofenac Sodium Ophthalmic.</paragraph>
                     </text>
                     <effectiveTime value="20100603"/>
                  </section>
               </component>
               <component>
                  <section ID="i4i_clinical_studies_id_bb720c70-cde0-4942-85e5-c4f69a56d552">
                     <id root="c78696e5-847a-452a-8e56-f962ec510f92"/>
                     <code codeSystem="2.16.840.1.113883.6.1" code="34092-7" displayName="CLINICAL STUDIES SECTION"/>
                     <title>Clinical Trials</title>
                     <text>
                        <paragraph>
                           <content styleCode="bold">
                              <content styleCode="emphasis">Postoperative Anti-Inflammatory Effects:</content>
                           </content>
                        </paragraph>
                        <paragraph>In two double-masked, controlled, efficacy studies of postoperative inflammation, a total of 206 cataract patients were treated with Diclofenac Sodium Ophthalmic and 103 patients were treated with vehicle placebo. Diclofenac Sodium Ophthalmic was favored over vehicle placebo over a 2-week period for the clinical assessments of inflammation as measured by anterior chamber cells and flare.</paragraph>
                        <paragraph>In double-masked, controlled studies of corneal refractive surgery (radial keratotomy (RK) and laser photorefractive keratectomy (PRK)) patients were treated with Diclofenac Sodium Ophthalmic and/or vehicle placebo. The efficacy of Diclofenac Sodium Ophthalmic given before and shortly after surgery was favored over vehicle placebo during the 6-hour period following surgery for the clinical assessments of pain and photophobia. Patients were permitted to use a hydrogel soft contact lens with Diclofenac Sodium Ophthalmic for up to three days after PRK.</paragraph>
                     </text>
                     <effectiveTime value="20100603"/>
                  </section>
               </component>
            </section>
         </component>
         <component>
            <section ID="i4i_indications_id_312ecc41-39ec-4d5c-aa16-7f025061b815">
               <id root="178734be-0d5e-4b89-adfe-933ad883ba65"/>
               <code codeSystem="2.16.840.1.113883.6.1" code="34067-9" displayName="INDICATIONS &amp; USAGE SECTION"/>
               <title>INDICATIONS AND USAGE:</title>
               <text>
                  <paragraph>Diclofenac Sodium Ophthalmic is indicated for the treatment of postoperative inflammation in patients who have undergone cataract extraction and for the temporary relief of pain and photophobia in patients undergoing corneal refractive surgery.</paragraph>
               </text>
               <effectiveTime value="20111027"/>
            </section>
         </component>
         <component>
            <section ID="i4i_contraindications_id_ba8adc7e-88f1-430c-8c14-b6e7b8566021">
               <id root="39a2afaa-e0a2-4e27-ac6c-96b4afd54cd6"/>
               <code codeSystem="2.16.840.1.113883.6.1" code="34070-3" displayName="CONTRAINDICATIONS SECTION"/>
               <title>CONTRAINDICATIONS:</title>
               <text>
                  <paragraph>Diclofenac Sodium Ophthalmic is contraindicated in patients who are hypersensitive to any component of the medication.</paragraph>
               </text>
               <effectiveTime value="20111027"/>
            </section>
         </component>
         <component>
            <section ID="i4i_warnings_id_108445ac-ca8b-465c-87e5-d859df67387f">
               <id root="a9005290-43ab-40cc-93a4-670c82bcb9ed"/>
               <code codeSystem="2.16.840.1.113883.6.1" code="34071-1" displayName="WARNINGS SECTION"/>
               <title>WARNINGS:</title>
               <text>
                  <paragraph>The refractive stability of patients undergoing corneal refractive procedures and treated with Diclofenac Sodium Ophthalmic has not been established. Patients should be monitored for a year following use in this setting.</paragraph>
                  <paragraph>With some nonsteroidal anti-inflammatory drugs, there exists the potential for increased bleeding time due to interference with thrombocyte aggregation. There have been reports that ocularly applied nonsteroidal anti-inflammatory drugs may cause increased bleeding of ocular tissues (including hyphemas) in conjunction with ocular surgery.</paragraph>
                  <paragraph>There is the potential for cross-sensitivity to acetylsalicylic acid, phenylacetic acid derivatives, and other nonsteroidal anti-inflammatory agents. Therefore, caution should be used when treating individuals who have previously exhibited sensitivities to these drugs.</paragraph>
               </text>
               <effectiveTime value="20111027"/>
            </section>
         </component>
         <component>
            <section ID="i4i_precautions_id_d391c6b2-14c2-4b33-9fad-1b33f863a281">
               <id root="2e6b294c-fba7-473b-b6be-e1482d6bf3b4"/>
               <code codeSystem="2.16.840.1.113883.6.1" code="42232-9" displayName="PRECAUTIONS SECTION"/>
               <title>PRECAUTIONS:</title>
               <effectiveTime value="20100603"/>
               <component>
                  <section ID="i4i_precautions_general_id_02b823ce-086e-4fed-8203-46a38c84f753">
                     <id root="de52c099-40fd-4110-9b98-fa48490b5653"/>
                     <code codeSystem="2.16.840.1.113883.6.1" code="34072-9" displayName="GENERAL PRECAUTIONS SECTION"/>
                     <title>General</title>
                     <text>
                        <paragraph>All topical nonsteroidal anti-inflammatory drugs (NSAIDs) may slow or delay healing. Topical corticosteroids are also known to slow or delay healing. Concomitant use of topical NSAIDs and topical steroids may increase the potential for healing problems. </paragraph>
                        <paragraph>Use of topical NSAIDs may result in keratitis. In some susceptible patients continued use of topical NSAIDs may result in epithelial breakdown, corneal thinning, corneal infiltrates, corneal erosion, corneal ulceration, and corneal perforation. These events may be sight threatening. Patients with evidence of corneal epithelial breakdown should immediately discontinue use of topical NSAIDs and should be closely monitored for corneal health. </paragraph>
                        <paragraph>Postmarketing experience with topical NSAIDs suggests that patients experiencing complicated ocular surgeries, corneal denervation, corneal epithelial defects, diabetes mellitus, ocular surface disease (e.g., dry eye syndrome), rheumatoid arthritis, or repeat ocular surgeries within a short period-of-time may be at increased risk for corneal adverse events, which may become sight threatening. Topical NSAIDs should be used with caution in these patients. </paragraph>
                        <paragraph>Postmarketing experience with topical NSAIDs also suggests that use more than 24 hours prior to surgery or use beyond 14 days post surgery may increase patient risk for occurrence and severity of corneal adverse events. </paragraph>
                        <paragraph>It is recommended that Diclofenac Sodium Ophthalmic, like other NSAIDs, be used with caution in patients with known bleeding tendencies or who are receiving other medications, which may prolong bleeding time. </paragraph>
                        <paragraph>Results from clinical studies indicate that Diclofenac Sodium Ophthalmic has no significant effect upon ocular pressure. However, elevations in intraocular pressure may occur following cataract surgery. </paragraph>
                     </text>
                     <effectiveTime value="20100603"/>
                  </section>
               </component>
               <component>
                  <section ID="i4i_info_patients_id_6d2bab10-27a7-46be-913a-8a470d1285c4">
                     <id root="f96f665d-b8f3-4d4c-97f4-7e23ddd5ce22"/>
                     <code codeSystem="2.16.840.1.113883.6.1" code="34076-0" displayName="INFORMATION FOR PATIENTS SECTION"/>
                     <title>Information for Patients</title>
                     <text>
                        <paragraph>Except for the use of a bandage hydrogel soft contact lens during the first 3 days following refractive surgery, Diclofenac Sodium Ophthalmic should not be used by patients currently wearing soft contact lenses due to adverse events that have occurred in other circumstances.</paragraph>
                     </text>
                     <effectiveTime value="20100603"/>
                  </section>
               </component>
               <component>
                  <section ID="i4i_carcinogenesis_mutagenesis_fertility_id_45c391f5-81ca-420b-8db9-0ac86bf03e4a">
                     <id root="6f9bfa33-01fc-4983-ad40-f1bc0094d6cc"/>
                     <code codeSystem="2.16.840.1.113883.6.1" code="34083-6" displayName="CARCINOGENESIS &amp; MUTAGENESIS &amp; IMPAIRMENT OF FERTILITY SECTION"/>
                     <title>Carcinogenesis, Mutagenesis, Impairment of Fertility</title>
                     <text>
                        <paragraph>Long-term carcinogenicity studies in rats given Diclofenac Sodium Ophthalmic in oral doses up to 2 mg/kg/day (approximately 500 times the human topical ophthalmic dose) revealed no significant increases in tumor incidence. A 2-year carcinogenicity study conducted in mice employing oral Diclofenac Sodium Ophthalmic up to 2 mg/kg/day did not reveal any oncogenic potential. Diclofenac Sodium Ophthalmic did not show mutagenic potential in various mutagenicity studies including the Ames test. Diclofenac Sodium Ophthalmic administered to male and female rats at 4 mg/kg/day (approximately 1000 times the human topical ophthalmic dose) did not affect fertility. </paragraph>
                     </text>
                     <effectiveTime value="20100603"/>
                  </section>
               </component>
               <component>
                  <section ID="i4i_geriatric_use_id_05174d2f-cd28-4957-9427-01bf2d263dcb">
                     <id root="924e6e1d-bdcd-49b3-8780-927e8ace739c"/>
                     <code codeSystem="2.16.840.1.113883.6.1" code="34082-8" displayName="GERIATRIC USE SECTION"/>
                     <title>Geriatric Use</title>
                     <text>
                        <paragraph>No overall differences in safety or effectiveness have been observed between elderly and younger adult patients.</paragraph>
                     </text>
                     <effectiveTime value="20100603"/>
                  </section>
               </component>
               <component>
                  <section ID="i4i_pregnancy_id_f8c3c110-2222-4354-9785-89b37082007c">
                     <id root="e6a056f2-e575-4255-9a9f-4508b76f261b"/>
                     <code codeSystem="2.16.840.1.113883.6.1" code="42228-7" displayName="PREGNANCY SECTION"/>
                     <title>PREGNANCY</title>
                     <effectiveTime value="20100603"/>
                  </section>
               </component>
               <component>
                  <section ID="i4i_teratogenic_id_1a27c5d8-6e4f-426e-9d55-1a25952ad06d">
                     <id root="c55a8717-16c9-4429-85fc-6e61375064d6"/>
                     <code codeSystem="2.16.840.1.113883.6.1" code="34077-8" displayName="TERATOGENIC EFFECTS SECTION"/>
                     <title>Teratogenic Effects</title>
                     <text>
                        <paragraph>
                           <content styleCode="italics">Pregnancy Category C. </content>Reproduction studies performed in mice at oral doses up to 5,000 times (20 mg/kg/day) and in rats and rabbits at oral doses up to 2,500 times (10 mg/kg/day) the human topical dose have revealed no evidence of teratogenicity due to Diclofenac Sodium Ophthalmic despite the induction of maternal toxicity and fetal toxicity. In rats, maternally toxic doses were associated with dystocia, prolonged gestation, reduced fetal weights and growth, and reduced fetal survival. Diclofenac Sodium Ophthalmic has been shown to cross the placental barrier in mice and rats.</paragraph>
                        <paragraph>There are, however, no adequate and well-controlled studies in pregnant women. Because animal reproduction studies are not always predictive of human response, this drug should be used during pregnancy only if clearly needed.</paragraph>
                     </text>
                     <effectiveTime value="20100603"/>
                  </section>
               </component>
               <component>
                  <section ID="i4i_non_teratogenic_id_b0fad867-8e65-49c3-845e-69ac2fcfb492">
                     <id root="1d1c7004-f29d-4309-bdcb-c5c36f6c4726"/>
                     <code codeSystem="2.16.840.1.113883.6.1" code="34078-6" displayName="NONTERATOGENIC EFFECTS SECTION"/>
                     <title>Non-teratogenic Effects</title>
                     <text>
                        <paragraph>Because of the known effects of prostaglandin biosynthesis-inhibiting drugs on the fetal cardiovascular system (closure of ductus arteriosus), the use of Diclofenac Sodium Ophthalmic during late pregnancy should be avoided.</paragraph>
                     </text>
                     <effectiveTime value="20100603"/>
                  </section>
               </component>
               <component>
                  <section ID="i4i_pediatric_use_id_67573617-0d1e-48d5-b158-0e48ea7baca3">
                     <id root="4f80e960-3348-41c6-bbcf-edfc65bc6d42"/>
                     <code codeSystem="2.16.840.1.113883.6.1" code="34081-0" displayName="PEDIATRIC USE SECTION"/>
                     <title>Pediatric Use</title>
                     <text>
                        <paragraph>Safety and effectiveness in pediatric patients have not been established.</paragraph>
                     </text>
                     <effectiveTime value="20100603"/>
                  </section>
               </component>
            </section>
         </component>
         <component>
            <section ID="i4i_adverse_effects_id_28a8429d-e2bf-43f1-ace9-72adffa462c8">
               <id root="642ceba2-b632-4ea6-b00a-3aa49cc91238"/>
               <code codeSystem="2.16.840.1.113883.6.1" code="34084-4" displayName="ADVERSE REACTIONS SECTION"/>
               <title>ADVERSE REACTIONS</title>
               <text>
                  <paragraph>
                     <content styleCode="bold">
                        <content styleCode="emphasis">Clinical Practice:  </content>
                     </content>The following events have been identified during postmarketing use of topical Diclofenac Sodium Ophthalmic Solution, 0.1% in clinical practice. Because they are reported voluntarily from a population of unknown size, estimates of frequency cannot be made. The events, which have been chosen for inclusion due to either their seriousness, frequency of reporting, possible causal connection to topical Diclofenac Sodium Ophthalmic Solution, 0.1%, or a combination of these factors, include corneal erosion, corneal infiltrates, corneal perforation, corneal thinning, corneal ulceration, epithelial breakdown, and superficial punctate keratitis, <content styleCode="bold">(see <linkHtml href="#i4i_precautions_id_d391c6b2-14c2-4b33-9fad-1b33f863a281">PRECAUTIONS</linkHtml>, <linkHtml href="#i4i_precautions_general_id_02b823ce-086e-4fed-8203-46a38c84f753" title="General">General</linkHtml>).</content>
                  </paragraph>
                  <paragraph>
                     <content styleCode="emphasis">
                        <content styleCode="bold">Ocular:</content>
                     </content>
                     <content styleCode="bold"> </content>Transient burning and stinging were reported in approximately 15% of patients across studies with the use of Diclofenac Sodium Ophthalmic. In cataract surgery studies, keratitis was reported in up to 28% of patients receiving Diclofenac Sodium Ophthalmic, although in many of these cases keratitis was initially noted prior to the initiation of treatment. Elevated intraocular pressure following cataract surgery was reported in approximately 15% of patients undergoing cataract surgery. Lacrimation complaints were reported in approximately 30% of case studies undergoing incisional refractive surgery.</paragraph>
                  <paragraph>The following adverse reactions were reported in approximately 5% or less of the patients: abnormal vision, acute elevated IOP, blurred vision, conjunctivitis, corneal deposits, corneal edema, corneal opacity, corneal lesions, discharge, eyelid swelling, injection, iritis, irritation, itching, lacrimation disorder and ocular allergy.</paragraph>
                  <paragraph>
                     <content styleCode="bold">
                        <content styleCode="emphasis">Systemic: </content>
                     </content>The following adverse reactions were reported in 3% or less of the patients: abdominal pain, asthenia, chills, dizziness, facial edema, fever, headache, insomnia, nausea, pain, rhinitis, viral infection, and vomiting.</paragraph>
               </text>
               <effectiveTime value="20111027"/>
            </section>
         </component>
         <component>
            <section ID="i4i_overdosage_id_149a9699-9eff-4bc5-99e7-a03606f11cfa">
               <id root="57c5f082-b2c2-4d36-b0b5-c82f2b2a43d9"/>
               <code codeSystem="2.16.840.1.113883.6.1" code="34088-5" displayName="OVERDOSAGE SECTION"/>
               <title>OVERDOSAGE</title>
               <text>
                  <paragraph>Overdosage will not ordinarily cause acute problems. If Diclofenac Sodium Ophthalmic is accidentally ingested, fluids should be taken to dilute the medication.</paragraph>
               </text>
               <effectiveTime value="20111027"/>
            </section>
         </component>
         <component>
            <section ID="i4i_dosage_admin_id_d4df11d4-f73b-4261-b9de-6fdb1164fc2d">
               <id root="6da3d9f1-9dc8-4f4b-ba29-89d56ff1eef8"/>
               <code codeSystem="2.16.840.1.113883.6.1" code="34068-7" displayName="DOSAGE &amp; ADMINISTRATION SECTION"/>
               <title>DOSAGE AND ADMINISTRATION</title>
               <text>
                  <paragraph>
                     <content styleCode="bold">
                        <content styleCode="emphasis">Cataract Surgery: </content>
                     </content>One drop of Diclofenac Sodium Ophthalmic should be applied to the affected eye, 4 times daily beginning 24 hours after cataract surgery and continuing throughout the first 2 weeks of the post operative period.</paragraph>
                  <paragraph>
                     <content styleCode="bold">
                        <content styleCode="emphasis">Corneal Refractive Surgery: </content>
                     </content>One or two drops of Diclofenac Sodium Ophthalmic should be applied to the operative eye within the hour prior to corneal refractive surgery. Within 15 minutes after surgery, one or two drops should be applied to the operative eye and continued 4 times daily for up to 3 days.</paragraph>
               </text>
               <effectiveTime value="20111027"/>
            </section>
         </component>
         <component>
            <section ID="i4i_how_supplied_id_6f6a0bc4-cf0b-460e-a71c-ef036f46ef50">
               <id root="bb8cbf29-80d9-440a-9e35-8f9019926579"/>
               <code codeSystem="2.16.840.1.113883.6.1" code="34069-5" displayName="HOW SUPPLIED SECTION"/>
               <title>HOW SUPPLIED:</title>
               <text>
                  <paragraph>Diclofenac Sodium Ophthalmic 0.1% (1 mg/mL) Sterile Solution is supplied in a low-density polyethylene (LDPE) white bottle with a LDPE Dropper Tip. The 2.5 mL fill and the 5 mL fill are supplied in a 7.5 mL size bottle.</paragraph>
                  <paragraph>2.5 mL NDC 24208-457-25<br/>   5 mL NDC 24208-457-05</paragraph>
               </text>
               <effectiveTime value="20111027"/>
               <component>
                  <section ID="i4i_storage_id_5c3c558d-7307-474c-b609-45916ae1a034">
                     <id root="b10ff93f-08e9-4b65-8d62-9c9ba315c78e"/>
                     <code codeSystem="2.16.840.1.113883.6.1" code="44425-7" displayName="STORAGE AND HANDLING SECTION"/>
                     <text>
                        <paragraph>Store at 20°C to 25°C (68° to 77°F). Protect from light.</paragraph>
                        <paragraph>
                           <content styleCode="italics">Dispense in original, unopened container only.</content>
                        </paragraph>
                        <paragraph>
                           <content styleCode="bold">Rx Only</content>
                        </paragraph>
                        <paragraph>Revised September 2007</paragraph>
                     </text>
                     <effectiveTime value="20100603"/>
                  </section>
               </component>
            </section>
         </component>
         <component>
            <section ID="i4i_section_id_0c35e290-0406-4fa5-8661-a8e47471a05d">
               <id root="08a52c4c-3072-4f5e-9ca4-c932da0405a1"/>
               <code codeSystem="2.16.840.1.113883.6.1" code="42229-5" displayName="SPL UNCLASSIFIED SECTION"/>
               <text>
                  <paragraph>
                     <content styleCode="bold">
                        <content styleCode="emphasis">Bausch &amp; Lomb Incorporated</content>
                     </content>
                     <br/>Tampa, Florida 33637<br/>©Bausch &amp; Lomb Incorporated</paragraph>
                  <paragraph>9057303 (Folded)<br/>9057203 (Flat)</paragraph>
                  <paragraph>Repacked by: H.J. Harkins Company, Inc.<br/>Nipomo, CA 93444</paragraph>
               </text>
               <effectiveTime value="20111027"/>
            </section>
         </component>
         <component>
            <section ID="i4i_Principal_display_panel_id_326cc0d6-8439-45dc-a9f1-bd8a8322fa22">
               <id root="47e92424-ffe7-43dd-8a6e-e50228890b9b"/>
               <code codeSystem="2.16.840.1.113883.6.1" code="51945-4" displayName="PACKAGE LABEL.PRINCIPAL DISPLAY PANEL"/>
               <title>Principal Display Panel</title>
               <text>
                  <renderMultiMedia referencedObject="id_9bcb7ad3-f3be-4a82-8e70-1bb80e1039fb"/>
                  <paragraph>NDC 24208-457-05  </paragraph>
                  <paragraph>Bausch &amp; Lomb  </paragraph>
                  <paragraph>Diclofenac Sodium Ophthalmic Solution, 0.1%  (Sterile)  </paragraph>
                  <paragraph>Rx only  </paragraph>
                  <paragraph>[icon- eye]  [icon- 0.1%]  [icon- solution]  [icon- 5 mL]</paragraph>
               </text>
               <effectiveTime value="20111027"/>
               <component>
                  <observationMedia ID="id_9bcb7ad3-f3be-4a82-8e70-1bb80e1039fb">
                     <text>Diclofenac Sodium Ophthalmic Solution, 0.1% (Carton, 5 mL - Bausch &amp; Lomb)</text>
                     <value xsi:type="ED" mediaType="image/jpeg">
                        <reference value="7ff0ceec-714d-4f5e-b10d-b049ba01a6ea-02.jpg"/>
                     </value>
                  </observationMedia>
               </component>
            </section>
         </component>
      </structuredBody>
   </component>
</document>