<?xml version="1.0" encoding="UTF-8"?><?xml-stylesheet href="http://www.accessdata.fda.gov/spl/stylesheet/spl.xsl" type="text/xsl"?>
<document xmlns="urn:hl7-org:v3" xmlns:xsi="http://www.w3.org/2001/XMLSchema-instance" xsi:schemaLocation="urn:hl7-org:v3 http://www.accessdata.fda.gov/spl/schema/spl.xsd">
   <id root="20fa3a73-c96c-4d1e-b623-7bdfe9559537"/>
   <code code="34390-5" codeSystem="2.16.840.1.113883.6.1" displayName="HUMAN OTC DRUG LABEL"/>
   <title>Lil' Drug Store<sup>®</sup> Headache Relief <br/>Extra Strength</title>
   <effectiveTime value="20181025"/>
   <setId root="3e2efd9e-21b3-4d5d-973a-586ad6c29e50"/>
   <versionNumber value="3"/>
   <author>
      <time/>
      <assignedEntity>
         <representedOrganization>
            <id extension="093103646" root="1.3.6.1.4.1.519.1"/>
            <name>Lil' Drug Store Products, Inc.</name>
            <assignedEntity>
               <assignedOrganization/>
            </assignedEntity>
         </representedOrganization>
      </assignedEntity>
   </author>
   <component>
      <structuredBody>
         <component>
            <section ID="DLDE">
               <id root="d9300bcd-2130-43cd-a6ff-b15495c0496d"/>
               <code code="48780-1" codeSystem="2.16.840.1.113883.6.1" displayName="SPL PRODUCT DATA ELEMENTS SECTION"/>
               <effectiveTime value="20181025"/>
               <subject>
                  <manufacturedProduct>
                     <manufacturedProduct>
                        <code code="66715-9738" codeSystem="2.16.840.1.113883.6.69"/>
                        <name>Lil Drug Store Headache Relief <suffix>Extra Strength</suffix>
                        </name>
                        <formCode code="C42998" codeSystem="2.16.840.1.113883.3.26.1.1" displayName="TABLET"/>
                        <asEntityWithGeneric>
                           <genericMedicine>
                              <name>Acetaminophen, Aspirin, and Caffeine</name>
                           </genericMedicine>
                        </asEntityWithGeneric>
                        <ingredient classCode="ACTIB">
                           <quantity>
                              <numerator value="250" unit="mg"/>
                              <denominator value="1" unit="1"/>
                           </quantity>
                           <ingredientSubstance>
                              <code code="362O9ITL9D" codeSystem="2.16.840.1.113883.4.9"/>
                              <name>Acetaminophen</name>
                              <activeMoiety>
                                 <activeMoiety>
                                    <code code="362O9ITL9D" codeSystem="2.16.840.1.113883.4.9"/>
                                    <name>Acetaminophen</name>
                                 </activeMoiety>
                              </activeMoiety>
                           </ingredientSubstance>
                        </ingredient>
                        <ingredient classCode="ACTIB">
                           <quantity>
                              <numerator value="250" unit="mg"/>
                              <denominator value="1" unit="1"/>
                           </quantity>
                           <ingredientSubstance>
                              <code code="R16CO5Y76E" codeSystem="2.16.840.1.113883.4.9"/>
                              <name>Aspirin</name>
                              <activeMoiety>
                                 <activeMoiety>
                                    <code code="R16CO5Y76E" codeSystem="2.16.840.1.113883.4.9"/>
                                    <name>Aspirin</name>
                                 </activeMoiety>
                              </activeMoiety>
                           </ingredientSubstance>
                        </ingredient>
                        <ingredient classCode="ACTIB">
                           <quantity>
                              <numerator value="65" unit="mg"/>
                              <denominator value="1" unit="1"/>
                           </quantity>
                           <ingredientSubstance>
                              <code code="3G6A5W338E" codeSystem="2.16.840.1.113883.4.9"/>
                              <name>Caffeine</name>
                              <activeMoiety>
                                 <activeMoiety>
                                    <code code="3G6A5W338E" codeSystem="2.16.840.1.113883.4.9"/>
                                    <name>Caffeine</name>
                                 </activeMoiety>
                              </activeMoiety>
                           </ingredientSubstance>
                        </ingredient>
                        <ingredient classCode="IACT">
                           <ingredientSubstance>
                              <code code="3NXW29V3WO" codeSystem="2.16.840.1.113883.4.9"/>
                              <name>Hypromellose, Unspecified</name>
                           </ingredientSubstance>
                        </ingredient>
                        <ingredient classCode="IACT">
                           <ingredientSubstance>
                              <code code="7CVR7L4A2D" codeSystem="2.16.840.1.113883.4.9"/>
                              <name>Maltodextrin</name>
                           </ingredientSubstance>
                        </ingredient>
                        <ingredient classCode="IACT">
                           <ingredientSubstance>
                              <code code="OP1R32D61U" codeSystem="2.16.840.1.113883.4.9"/>
                              <name>Microcrystalline Cellulose</name>
                           </ingredientSubstance>
                        </ingredient>
                        <ingredient classCode="IACT">
                           <ingredientSubstance>
                              <code code="3WJQ0SDW1A" codeSystem="2.16.840.1.113883.4.9"/>
                              <name>Polyethylene Glycol, Unspecified</name>
                           </ingredientSubstance>
                        </ingredient>
                        <ingredient classCode="IACT">
                           <ingredientSubstance>
                              <code code="FZ989GH94E" codeSystem="2.16.840.1.113883.4.9"/>
                              <name>Povidone, Unspecified</name>
                           </ingredientSubstance>
                        </ingredient>
                        <ingredient classCode="IACT">
                           <ingredientSubstance>
                              <code code="AG9B65PV6B" codeSystem="2.16.840.1.113883.4.9"/>
                              <name>Sodium Starch Glycolate Type A Corn</name>
                           </ingredientSubstance>
                        </ingredient>
                        <ingredient classCode="IACT">
                           <ingredientSubstance>
                              <code code="O8232NY3SJ" codeSystem="2.16.840.1.113883.4.9"/>
                              <name>Starch, Corn</name>
                           </ingredientSubstance>
                        </ingredient>
                        <ingredient classCode="IACT">
                           <ingredientSubstance>
                              <code code="4ELV7Z65AP" codeSystem="2.16.840.1.113883.4.9"/>
                              <name>Stearic Acid</name>
                           </ingredientSubstance>
                        </ingredient>
                        <ingredient classCode="IACT">
                           <ingredientSubstance>
                              <code code="15FIX9V2JP" codeSystem="2.16.840.1.113883.4.9"/>
                              <name>Titanium Dioxide</name>
                           </ingredientSubstance>
                        </ingredient>
                        <asContent>
                           <quantity>
                              <numerator value="2" unit="1"/>
                              <denominator value="1"/>
                           </quantity>
                           <containerPackagedProduct>
                              <code/>
                              <formCode code="C43200" codeSystem="2.16.840.1.113883.3.26.1.1" displayName="POUCH"/>
                              <asContent>
                                 <quantity>
                                    <numerator value="2" unit="1"/>
                                    <denominator value="1"/>
                                 </quantity>
                                 <containerPackagedProduct>
                                    <code code="66715-9738-2" codeSystem="2.16.840.1.113883.6.69"/>
                                    <formCode code="C43182" codeSystem="2.16.840.1.113883.3.26.1.1" displayName="CARTON"/>
                                 </containerPackagedProduct>
                                 <subjectOf>
                                    <marketingAct>
                                       <code code="C53292" codeSystem="2.16.840.1.113883.3.26.1.1"/>
                                       <statusCode code="completed"/>
                                       <effectiveTime>
                                          <low value="20110127"/>
                                          <high value="20190919"/>
                                       </effectiveTime>
                                    </marketingAct>
                                 </subjectOf>
                              </asContent>
                           </containerPackagedProduct>
                           <subjectOf>
                              <characteristic>
                                 <code code="SPLCMBPRDTP" codeSystem="2.16.840.1.113883.1.11.19255"/>
                                 <value code="C112160" codeSystem="2.16.840.1.113883.3.26.1.1" displayName="Type 0: Not a Combination Product" xsi:type="CV"/>
                              </characteristic>
                           </subjectOf>
                        </asContent>
                        <asContent>
                           <quantity>
                              <numerator value="10" unit="1"/>
                              <denominator value="1"/>
                           </quantity>
                           <containerPackagedProduct>
                              <code code="66715-9738-4" codeSystem="2.16.840.1.113883.6.69"/>
                              <formCode code="C43226" codeSystem="2.16.840.1.113883.3.26.1.1" displayName="VIAL"/>
                           </containerPackagedProduct>
                           <subjectOf>
                              <marketingAct>
                                 <code code="C53292" codeSystem="2.16.840.1.113883.3.26.1.1"/>
                                 <statusCode code="completed"/>
                                 <effectiveTime>
                                    <low value="20110127"/>
                                    <high value="20210912"/>
                                 </effectiveTime>
                              </marketingAct>
                           </subjectOf>
                           <subjectOf>
                              <characteristic>
                                 <code code="SPLCMBPRDTP" codeSystem="2.16.840.1.113883.1.11.19255"/>
                                 <value code="C112160" codeSystem="2.16.840.1.113883.3.26.1.1" displayName="Type 0: Not a Combination Product" xsi:type="CV"/>
                              </characteristic>
                           </subjectOf>
                        </asContent>
                     </manufacturedProduct>
                     <subjectOf>
                        <approval>
                           <id extension="ANDA075794" root="2.16.840.1.113883.3.150"/>
                           <code code="C73584" codeSystem="2.16.840.1.113883.3.26.1.1" displayName="ANDA"/>
                           <author>
                              <territorialAuthority>
                                 <territory>
                                    <code code="USA" codeSystem="2.16.840.1.113883.5.28"/>
                                 </territory>
                              </territorialAuthority>
                           </author>
                        </approval>
                     </subjectOf>
                     <subjectOf>
                        <marketingAct>
                           <code code="C53292" codeSystem="2.16.840.1.113883.3.26.1.1"/>
                           <statusCode code="completed"/>
                           <effectiveTime>
                              <low value="20110127"/>
                              <high value="20210912"/>
                           </effectiveTime>
                        </marketingAct>
                     </subjectOf>
                     <subjectOf>
                        <characteristic classCode="OBS">
                           <code code="SPLCOLOR" codeSystem="2.16.840.1.113883.1.11.19255"/>
                           <value code="C48325" codeSystem="2.16.840.1.113883.3.26.1.1" displayName="WHITE" xsi:type="CE"/>
                        </characteristic>
                     </subjectOf>
                     <subjectOf>
                        <characteristic classCode="OBS">
                           <code code="SPLSCORE" codeSystem="2.16.840.1.113883.1.11.19255"/>
                           <value value="1" xsi:type="INT"/>
                        </characteristic>
                     </subjectOf>
                     <subjectOf>
                        <characteristic classCode="OBS">
                           <code code="SPLSHAPE" codeSystem="2.16.840.1.113883.1.11.19255"/>
                           <value code="C48348" codeSystem="2.16.840.1.113883.3.26.1.1" displayName="ROUND" xsi:type="CE"/>
                        </characteristic>
                     </subjectOf>
                     <subjectOf>
                        <characteristic classCode="OBS">
                           <code code="SPLSIZE" codeSystem="2.16.840.1.113883.1.11.19255"/>
                           <value unit="mm" value="11" xsi:type="PQ"/>
                        </characteristic>
                     </subjectOf>
                     <subjectOf>
                        <characteristic classCode="OBS">
                           <code code="SPLIMPRINT" codeSystem="2.16.840.1.113883.1.11.19255"/>
                           <value xsi:type="ST">FR9</value>
                        </characteristic>
                     </subjectOf>
                     <consumedIn>
                        <substanceAdministration>
                           <routeCode code="C38288" codeSystem="2.16.840.1.113883.3.26.1.1" displayName="ORAL"/>
                        </substanceAdministration>
                     </consumedIn>
                  </manufacturedProduct>
               </subject>
            </section>
         </component>
         <component>
            <section>
               <id root="c4e477f1-1af5-4dd6-89fa-fb93fd368ecb"/>
               <code code="42229-5" codeSystem="2.16.840.1.113883.6.1" displayName="SPL UNCLASSIFIED SECTION"/>
               <text>
                  <paragraph>
                     <content styleCode="bold italics">Drug Facts</content>
                  </paragraph>
               </text>
               <effectiveTime value="20181025"/>
            </section>
         </component>
         <component>
            <section>
               <id root="2526bba2-22c3-435f-9fe7-c47b83f178fa"/>
               <code code="55106-9" codeSystem="2.16.840.1.113883.6.1" displayName="OTC - ACTIVE INGREDIENT SECTION"/>
               <effectiveTime value="20181025"/>
               <component>
                  <section>
                     <id root="6c086d52-fe18-49fc-8154-714ffcc2058a"/>
                     <code code="55105-1" codeSystem="2.16.840.1.113883.6.1" displayName="OTC - PURPOSE SECTION"/>
                     <text>
                        <table width="75%">
                           <col width="75%" valign="top" align="left"/>
                           <col width="25%" valign="top" align="right"/>
                           <thead>
                              <tr>
                                 <th>
                                    <content styleCode="italics">Active ingredients (in each tablet)</content>
                                 </th>
                                 <th>
                                    <content styleCode="italics">Purpose</content>
                                 </th>
                              </tr>
                           </thead>
                           <tbody>
                              <tr>
                                 <td>Acetaminophen 250 mg</td>
                                 <td>Pain reliever</td>
                              </tr>
                              <tr>
                                 <td>Aspirin 250 mg (NSAID<footnote>nonsteroidal anti-inflammatory drug</footnote>)</td>
                                 <td>Pain reliever</td>
                              </tr>
                              <tr>
                                 <td>Caffeine 65 mg</td>
                                 <td>Pain reliever aid</td>
                              </tr>
                           </tbody>
                        </table>
                     </text>
                     <effectiveTime value="20181025"/>
                  </section>
               </component>
            </section>
         </component>
         <component>
            <section>
               <id root="c873a751-b651-4773-898b-fc77f6bf348d"/>
               <code code="34067-9" codeSystem="2.16.840.1.113883.6.1" displayName="INDICATIONS &amp; USAGE SECTION"/>
               <title>Uses</title>
               <text>
                  <list listType="unordered">
                     <item>temporarily relieves minor aches and pains due to: 							<list listType="unordered" styleCode="disc">
                           <item>headache</item>
                           <item>a cold</item>
                           <item>arthritis</item>
                           <item>muscular aches</item>
                           <item>sinusitis</item>
                           <item>toothache</item>
                           <item>premenstrual &amp; menstrual cramps</item>
                        </list>
                     </item>
                  </list>
               </text>
               <effectiveTime value="20181025"/>
            </section>
         </component>
         <component>
            <section>
               <id root="2245cf45-8eb4-404f-8276-b5ca760ca56d"/>
               <code code="34071-1" codeSystem="2.16.840.1.113883.6.1" displayName="WARNINGS SECTION"/>
               <title>Warnings</title>
               <effectiveTime value="20181025"/>
               <component>
                  <section>
                     <id root="271ce6d5-6861-492e-8b88-ef49ff922dac"/>
                     <code code="42229-5" codeSystem="2.16.840.1.113883.6.1" displayName="SPL UNCLASSIFIED SECTION"/>
                     <title>Reye's syndrome</title>
                     <text>
                        <paragraph>Children and teenagers who have or are recovering from chicken pox or flu-like symptoms should not use this product. When using this product, if changes in behavior with nausea and vomiting occur, consult a doctor because these symptoms could be an early sign of Reye's syndrome, a rare but serious illness.</paragraph>
                     </text>
                     <effectiveTime value="20181025"/>
                  </section>
               </component>
               <component>
                  <section>
                     <id root="c4478488-5281-441a-889f-3e40c71453dc"/>
                     <code code="42229-5" codeSystem="2.16.840.1.113883.6.1" displayName="SPL UNCLASSIFIED SECTION"/>
                     <title>Allergy alert</title>
                     <text>
                        <paragraph>Aspirin may cause a severe allergic reaction which may include:</paragraph>
                        <list listType="unordered">
                           <item>hives</item>
                           <item>facial swelling</item>
                           <item>asthma (wheezing)</item>
                           <item>shock</item>
                        </list>
                     </text>
                     <effectiveTime value="20181025"/>
                  </section>
               </component>
               <component>
                  <section>
                     <id root="a8c85ddb-8528-4782-b2ff-83f2a1af3f7c"/>
                     <code code="42229-5" codeSystem="2.16.840.1.113883.6.1" displayName="SPL UNCLASSIFIED SECTION"/>
                     <title>Liver warning</title>
                     <text>
                        <paragraph>This product contains acetaminophen. Severe liver damage may occur if you take</paragraph>
                        <list listType="unordered">
                           <item>more than 8 tablets in 24 hours, which is the maximum daily amount</item>
                           <item>with other drugs containing acetaminophen</item>
                           <item>3 or more alcoholic drinks every day while using this product.</item>
                        </list>
                     </text>
                     <effectiveTime value="20181025"/>
                  </section>
               </component>
               <component>
                  <section>
                     <id root="5926defb-5681-4818-b63c-a24a227834ed"/>
                     <code code="42229-5" codeSystem="2.16.840.1.113883.6.1" displayName="SPL UNCLASSIFIED SECTION"/>
                     <title>Stomach bleeding warning</title>
                     <text>
                        <paragraph>This product contains an NSAID, which may cause severe stomach bleeding. The chance is higher if you:</paragraph>
                        <list listType="unordered">
                           <item>are age 60 or older</item>
                           <item>have had stomach ulcers or bleeding problems</item>
                           <item>take a blood thinning (anticoagulant) or steroid drug</item>
                           <item>take other drugs containing prescription or nonprescription NSAIDs (aspirin, ibuprofen, naproxen, or others)</item>
                           <item>have 3 or more alcoholic drinks every day while using this product</item>
                           <item>take more or for a longer time than directed</item>
                        </list>
                     </text>
                     <effectiveTime value="20181025"/>
                  </section>
               </component>
               <component>
                  <section>
                     <id root="8c239cef-f892-4e45-b875-e835e944520a"/>
                     <code code="42229-5" codeSystem="2.16.840.1.113883.6.1" displayName="SPL UNCLASSIFIED SECTION"/>
                     <title>Caffeine warning</title>
                     <text>
                        <paragraph>The recommended dose of this product contains about as much caffeine as a cup of coffee. Limit the use of caffeine-containing medications, foods, or beverages while taking this product because too much caffeine may cause nervousness, irritability, sleeplessness, and, occasionally, rapid heart beat.</paragraph>
                     </text>
                     <effectiveTime value="20181025"/>
                  </section>
               </component>
               <component>
                  <section>
                     <id root="605e532e-3ff7-42fb-8199-e2a3ecb35271"/>
                     <code code="50570-1" codeSystem="2.16.840.1.113883.6.1" displayName="OTC - DO NOT USE SECTION"/>
                     <title>Do not use</title>
                     <text>
                        <list listType="unordered">
                           <item>if you have ever had an allergic reaction to acetaminophen, aspirin or any other pain reliever/fever reducer</item>
                           <item>with any other drug containing acetaminophen (prescription or nonprescription). If you are not sure whether a drug contains acetaminophen, ask a doctor or pharmacist.</item>
                        </list>
                     </text>
                     <effectiveTime value="20181025"/>
                  </section>
               </component>
               <component>
                  <section>
                     <id root="a390c556-7c06-49dd-9488-ad120e9cacd1"/>
                     <code code="50569-3" codeSystem="2.16.840.1.113883.6.1" displayName="OTC - ASK DOCTOR SECTION"/>
                     <title>Ask a doctor before use if</title>
                     <text>
                        <list listType="unordered">
                           <item>you have liver disease</item>
                           <item>the stomach bleeding warning applies to you</item>
                           <item>you have a history of stomach problems, such as heartburn</item>
                           <item>you have high blood pressure, heart disease, liver cirrhosis, or kidney disease</item>
                           <item>you are taking a diuretic</item>
                           <item>you have asthma</item>
                        </list>
                     </text>
                     <effectiveTime value="20181025"/>
                  </section>
               </component>
               <component>
                  <section>
                     <id root="1ad83f18-4c2c-4db8-ae08-043889ed0ace"/>
                     <code code="50568-5" codeSystem="2.16.840.1.113883.6.1" displayName="OTC - ASK DOCTOR/PHARMACIST SECTION"/>
                     <text>
                        <paragraph>
                           <content styleCode="bold">Ask a doctor or pharmacist before use if you are</content> taking</paragraph>
                        <list listType="unordered">
                           <item>any other drug containing an NSAID (prescription or nonprescription)</item>
                           <item>a blood thinning (anticoagulant) drug such as warfarin</item>
                           <item>a steroid drug</item>
                           <item>a prescription drug for diabetes, gout, or arthritis</item>
                           <item>any other drug, or are under a doctor's care for any serious condition</item>
                        </list>
                     </text>
                     <effectiveTime value="20181025"/>
                  </section>
               </component>
               <component>
                  <section>
                     <id root="401aa7e6-83e4-4f4b-8be5-23af77178922"/>
                     <code code="50567-7" codeSystem="2.16.840.1.113883.6.1" displayName="OTC - WHEN USING SECTION"/>
                     <title>When using this product</title>
                     <text>
                        <list listType="unordered">
                           <item>take with food or milk if stomach upset occurs</item>
                        </list>
                     </text>
                     <effectiveTime value="20181025"/>
                  </section>
               </component>
               <component>
                  <section>
                     <id root="91577be5-35c8-4cb5-be7c-e93d19025493"/>
                     <code code="50566-9" codeSystem="2.16.840.1.113883.6.1" displayName="OTC - STOP USE SECTION"/>
                     <title>Stop use and ask a doctor if</title>
                     <text>
                        <list listType="unordered">
                           <item>an allergic reaction occurs. Seek medical help right away.</item>
                           <item>you experience any of the following signs of stomach bleeding: 									<list listType="unordered" styleCode="disc">
                                 <item>feel faint</item>
                                 <item>vomit blood</item>
                                 <item>have bloody or black stools</item>
                                 <item>have stomach pain that does not get better.</item>
                              </list>
                           </item>
                           <item>ringing in the ears or loss of hearing occurs</item>
                           <item>painful area is red or swollen</item>
                           <item>pain gets worse or lasts for more than 10 days</item>
                           <item>fever gets worse or lasts for more than 3 days</item>
                           <item>any new symptoms appear</item>
                        </list>
                     </text>
                     <effectiveTime value="20181025"/>
                  </section>
               </component>
               <component>
                  <section>
                     <id root="ede94c5e-4cf9-45cc-8179-e1d9db5d19d1"/>
                     <code code="53414-9" codeSystem="2.16.840.1.113883.6.1" displayName="OTC - PREGNANCY OR BREAST FEEDING SECTION"/>
                     <text>
                        <paragraph>
                           <content styleCode="bold">If pregnant or breast-feeding,</content> ask a health professional before use. It is especially important not to use aspirin during the last 3 months of pregnancy unless definitely directed to do so by a doctor because it may cause problems in the unborn child or complications during delivery.</paragraph>
                     </text>
                     <effectiveTime value="20181025"/>
                  </section>
               </component>
               <component>
                  <section>
                     <id root="811bac85-cfb6-46e3-a5f4-09b1021c8491"/>
                     <code code="50565-1" codeSystem="2.16.840.1.113883.6.1" displayName="OTC - KEEP OUT OF REACH OF CHILDREN SECTION"/>
                     <text>
                        <paragraph>
                           <content styleCode="bold">Keep out of reach of children.</content> In case of overdose, get medical help or contact a Poison Control Center right away. Quick medical attention is critical for adults as well as for children even if you do not notice any signs or symptoms.</paragraph>
                     </text>
                     <effectiveTime value="20181025"/>
                  </section>
               </component>
            </section>
         </component>
         <component>
            <section>
               <id root="bbd2ec49-a0b1-4e82-b42b-f50af5c4204d"/>
               <code code="34068-7" codeSystem="2.16.840.1.113883.6.1" displayName="DOSAGE &amp; ADMINISTRATION SECTION"/>
               <title>Directions</title>
               <text>
                  <list listType="unordered">
                     <item>
                        <content styleCode="bold">do not use more than directed</content>
                     </item>
                     <item>drink a full glass of water with each dose</item>
                  </list>
                  <table width="65%" styleCode="Noautorules">
                     <col width="45%" valign="top" align="left"/>
                     <col width="55%" valign="top" align="left"/>
                     <tbody>
                        <tr>
                           <td styleCode="Toprule Rrule">
                              <list listType="unordered">
                                 <item>adults and children 12 years and over</item>
                              </list>
                           </td>
                           <td styleCode="Toprule">take 2 tablets every 6 hours; not more than 8 tablets in 24 hours.</td>
                        </tr>
                        <tr>
                           <td styleCode="Toprule Rrule">
                              <list listType="unordered">
                                 <item>children under 12 years</item>
                              </list>
                           </td>
                           <td styleCode="Toprule">ask a doctor</td>
                        </tr>
                     </tbody>
                  </table>
               </text>
               <effectiveTime value="20181025"/>
            </section>
         </component>
         <component>
            <section>
               <id root="bf72e908-98fb-4620-a804-cc9cdc1de825"/>
               <code code="44425-7" codeSystem="2.16.840.1.113883.6.1" displayName="STORAGE AND HANDLING SECTION"/>
               <title>Other information</title>
               <text>
                  <list listType="unordered">
                     <item>
                        <content styleCode="bold">do not use if carton or pouch is open or damaged</content>
                     </item>
                     <item>store at room temperature 59-86°F (15-30°C)</item>
                     <item>avoid excessive heat and humidity</item>
                     <item>see bottom panel of carton or pouch for expiration date and lot number</item>
                  </list>
               </text>
               <effectiveTime value="20181025"/>
            </section>
         </component>
         <component>
            <section>
               <id root="a0a1861b-c9a7-44bd-ace6-ffecc5e1a381"/>
               <code code="51727-6" codeSystem="2.16.840.1.113883.6.1" displayName="INACTIVE INGREDIENT SECTION"/>
               <title>Inactive ingredients</title>
               <text>
                  <paragraph>hypromellose, maltodextrin, microcrystalline cellulose, polyethylene glycol, povidone, sodium starch glycolate, starch, stearic acid, titanium dioxide</paragraph>
               </text>
               <effectiveTime value="20181025"/>
            </section>
         </component>
         <component>
            <section>
               <id root="0b34ca17-ba58-4b39-a6d7-1b00783e32d1"/>
               <code code="53413-1" codeSystem="2.16.840.1.113883.6.1" displayName="OTC - QUESTIONS SECTION"/>
               <title>Questions or comments?</title>
               <text>
                  <paragraph>call toll-free 1-877-507-6516 (M-F 8 AM-4:30PM CST)</paragraph>
               </text>
               <effectiveTime value="20181025"/>
            </section>
         </component>
         <component>
            <section>
               <id root="af2ea01b-1325-4db7-92d6-15d0f8a16b1b"/>
               <code code="51945-4" codeSystem="2.16.840.1.113883.6.1" displayName="PACKAGE LABEL.PRINCIPAL DISPLAY PANEL"/>
               <title>PRINCIPAL DISPLAY PANEL - 4 Tablet Pouch Carton</title>
               <text>
                  <paragraph>
                     <content styleCode="bold">Compare to the Active Ingredients in<br/>Excedrin<sub>®</sub>*</content>
                  </paragraph>
                  <paragraph>
                     <content styleCode="bold">Pain Reliever/Pain Reliever Aid</content>
                  </paragraph>
                  <paragraph>
                     <content styleCode="bold">
                        <content styleCode="italics">Lil'</content>
                        <br/>DrugStore<sup>®</sup>
                     </content>
                  </paragraph>
                  <paragraph>
                     <content styleCode="bold italics">Headache <br/>Relief</content>
                  </paragraph>
                  <paragraph>
                     <content styleCode="bold italics">EXTRA<br/>STRENGTH</content>
                  </paragraph>
                  <paragraph>
                     <content styleCode="bold italics">Acetaminophen, Aspirin (NSAID) and Caffeine</content>
                  </paragraph>
                  <paragraph>
                     <content styleCode="bold italics">4 TABLETS</content>
                  </paragraph>
                  <renderMultiMedia referencedObject="MM1"/>
               </text>
               <effectiveTime value="20181025"/>
               <component>
                  <observationMedia ID="MM1">
                     <text>Principal Display Panel - 4 Tablet Pouch Carton</text>
                     <value xsi:type="ED" mediaType="image/jpeg">
                        <reference value="headache-relief-01.jpg"/>
                     </value>
                  </observationMedia>
               </component>
            </section>
         </component>
      </structuredBody>
   </component>
</document>