<?xml version="1.0" encoding="UTF-8"?><?xml-stylesheet href="http://www.accessdata.fda.gov/spl/stylesheet/spl.xsl" type="text/xsl"?>
<document xmlns:xsi="http://www.w3.org/2001/XMLSchema-instance" xmlns:voc="urn:hl7-org:v3/voc" xmlns="urn:hl7-org:v3" xsi:schemaLocation="urn:hl7-org:v3 http://www.accessdata.fda.gov/spl/schema/spl.xsd">
   <id root="21afb860-7fad-3b22-77c0-8a96b2dacbd7"/>
   <code code="34391-3" codeSystem="2.16.840.1.113883.6.1" displayName="HUMAN PRESCRIPTION DRUG LABEL"/>
   <title>These highlights do not include all the information needed to use KETOROLAC TROMETHAMINE safely and effectively. See full prescribing information for KETOROLAC TROMETHAMINE.<content styleCode="bold"/> <br/>KETOROLAC TROMETHAMINE ophthalmic solution 0.5% <br/>Initial U.S. Approval: 1991 </title>
   <effectiveTime value="20171123"/>
   <setId root="d9a186ba-74a9-b6d4-1109-1e045ba1763e"/>
   <versionNumber value="7"/>
   <author>
      <time/>
      <assignedEntity>
         <representedOrganization>
            <id extension="845263701" root="1.3.6.1.4.1.519.1"/>
            <name>Apotex Corp.</name>
         </representedOrganization>
      </assignedEntity>
   </author>
   <component>
      <structuredBody>
         <component>
            <section ID="dcl-dpl">
               <id root="e0238e36-4b83-d6db-b3f3-f7aae92db17f"/>
               <code code="48780-1" displayName="SPL PRODUCT DATA ELEMENTS SECTION" codeSystem="2.16.840.1.113883.6.1"/>
               <effectiveTime value="20171123"/>
               <subject>
                  <manufacturedProduct>
                     <manufacturedProduct>
                        <code code="60505-1003" codeSystem="2.16.840.1.113883.6.69"/>
                        <name>Ketorolac Tromethamine</name>
                        <formCode code="C60992" codeSystem="2.16.840.1.113883.3.26.1.1" displayName="SOLUTION/ DROPS"/>
                        <asEntityWithGeneric>
                           <genericMedicine>
                              <name>ketorolac tromethamine</name>
                           </genericMedicine>
                        </asEntityWithGeneric>
                        <ingredient classCode="ACTIB">
                           <quantity>
                              <numerator unit="mg" value="5"/>
                              <denominator unit="mL" value="1"/>
                           </quantity>
                           <ingredientSubstance>
                              <code code="4EVE5946BQ" codeSystem="2.16.840.1.113883.4.9"/>
                              <name>KETOROLAC TROMETHAMINE</name>
                              <activeMoiety>
                                 <activeMoiety>
                                    <code code="YZI5105V0L" codeSystem="2.16.840.1.113883.4.9"/>
                                    <name>Ketorolac</name>
                                 </activeMoiety>
                              </activeMoiety>
                           </ingredientSubstance>
                        </ingredient>
                        <ingredient classCode="IACT">
                           <ingredientSubstance>
                              <code code="7FLD91C86K" codeSystem="2.16.840.1.113883.4.9"/>
                              <name>EDETATE DISODIUM</name>
                           </ingredientSubstance>
                        </ingredient>
                        <ingredient classCode="IACT">
                           <ingredientSubstance>
                              <code code="9T1C662FKS" codeSystem="2.16.840.1.113883.4.9"/>
                              <name>OCTOXYNOL-40</name>
                           </ingredientSubstance>
                        </ingredient>
                        <ingredient classCode="IACT">
                           <ingredientSubstance>
                              <code code="059QF0KO0R" codeSystem="2.16.840.1.113883.4.9"/>
                              <name>WATER</name>
                           </ingredientSubstance>
                        </ingredient>
                        <ingredient classCode="IACT">
                           <ingredientSubstance>
                              <code code="451W47IQ8X" codeSystem="2.16.840.1.113883.4.9"/>
                              <name>SODIUM CHLORIDE</name>
                           </ingredientSubstance>
                        </ingredient>
                        <ingredient classCode="IACT">
                           <ingredientSubstance>
                              <code code="F5UM2KM3W7" codeSystem="2.16.840.1.113883.4.9"/>
                              <name>BENZALKONIUM CHLORIDE</name>
                           </ingredientSubstance>
                        </ingredient>
                        <ingredient classCode="IACT">
                           <ingredientSubstance>
                              <code code="55X04QC32I" codeSystem="2.16.840.1.113883.4.9"/>
                              <name>SODIUM HYDROXIDE</name>
                           </ingredientSubstance>
                        </ingredient>
                        <ingredient classCode="IACT">
                           <ingredientSubstance>
                              <code code="QTT17582CB" codeSystem="2.16.840.1.113883.4.9"/>
                              <name>HYDROCHLORIC ACID</name>
                           </ingredientSubstance>
                        </ingredient>
                        <asContent>
                           <quantity>
                              <numerator unit="mL" value="5"/>
                              <denominator unit="1" value="1"/>
                           </quantity>
                           <containerPackagedProduct>
                              <code codeSystem="2.16.840.1.113883.6.69"/>
                              <formCode code="C43171" codeSystem="2.16.840.1.113883.3.26.1.1" displayName="BOTTLE, DROPPER"/>
                              <asContent>
                                 <quantity>
                                    <numerator unit="1" value="1"/>
                                    <denominator value="1"/>
                                 </quantity>
                                 <containerPackagedProduct>
                                    <code codeSystem="2.16.840.1.113883.6.69" code="60505-1003-1"/>
                                    <formCode code="C43182" codeSystem="2.16.840.1.113883.3.26.1.1" displayName="CARTON"/>
                                 </containerPackagedProduct>
                                 <subjectOf>
                                    <marketingAct>
                                       <code code="C53292" codeSystem="2.16.840.1.113883.3.26.1.1"/>
                                       <statusCode code="active"/>
                                       <effectiveTime>
                                          <low value="20091207"/>
                                       </effectiveTime>
                                    </marketingAct>
                                 </subjectOf>
                              </asContent>
                           </containerPackagedProduct>
                           <subjectOf>
                              <characteristic classCode="OBS">
                                 <code code="SPLCMBPRDTP" codeSystem="2.16.840.1.113883.1.11.19255"/>
                                 <value code="C112160" displayName="Type 0: Not a Combination Product" codeSystem="2.16.840.1.113883.3.26.1.1" xsi:type="CV"/>
                              </characteristic>
                           </subjectOf>
                        </asContent>
                        <asContent>
                           <quantity>
                              <numerator unit="mL" value="10"/>
                              <denominator value="1"/>
                           </quantity>
                           <containerPackagedProduct>
                              <code codeSystem="2.16.840.1.113883.6.69"/>
                              <formCode code="C43171" codeSystem="2.16.840.1.113883.3.26.1.1" displayName="BOTTLE, DROPPER"/>
                              <asContent>
                                 <quantity>
                                    <numerator unit="1" value="1"/>
                                    <denominator value="1"/>
                                 </quantity>
                                 <containerPackagedProduct>
                                    <code codeSystem="2.16.840.1.113883.6.69" code="60505-1003-2"/>
                                    <formCode code="C43182" codeSystem="2.16.840.1.113883.3.26.1.1" displayName="CARTON"/>
                                 </containerPackagedProduct>
                                 <subjectOf>
                                    <marketingAct>
                                       <code code="C53292" codeSystem="2.16.840.1.113883.3.26.1.1"/>
                                       <statusCode code="active"/>
                                       <effectiveTime>
                                          <low value="20091207"/>
                                       </effectiveTime>
                                    </marketingAct>
                                 </subjectOf>
                              </asContent>
                           </containerPackagedProduct>
                           <subjectOf>
                              <characteristic classCode="OBS">
                                 <code code="SPLCMBPRDTP" codeSystem="2.16.840.1.113883.1.11.19255"/>
                                 <value code="C112160" displayName="Type 0: Not a Combination Product" codeSystem="2.16.840.1.113883.3.26.1.1" xsi:type="CV"/>
                              </characteristic>
                           </subjectOf>
                        </asContent>
                     </manufacturedProduct>
                     <subjectOf>
                        <marketingAct>
                           <code code="C53292" codeSystem="2.16.840.1.113883.3.26.1.1"/>
                           <statusCode code="active"/>
                           <effectiveTime>
                              <low value="20091207"/>
                           </effectiveTime>
                        </marketingAct>
                     </subjectOf>
                     <subjectOf>
                        <approval>
                           <id extension="ANDA076109" root="2.16.840.1.113883.3.150"/>
                           <code code="C73584" codeSystem="2.16.840.1.113883.3.26.1.1" displayName="ANDA"/>
                           <author>
                              <territorialAuthority>
                                 <territory>
                                    <code code="USA" codeSystem="2.16.840.1.113883.5.28"/>
                                 </territory>
                              </territorialAuthority>
                           </author>
                        </approval>
                     </subjectOf>
                     <consumedIn>
                        <substanceAdministration>
                           <routeCode code="C38287" codeSystem="2.16.840.1.113883.3.26.1.1" displayName="OPHTHALMIC"/>
                        </substanceAdministration>
                     </consumedIn>
                  </manufacturedProduct>
               </subject>
               <component>
                  <section>
                     <id root="07eb1d29-9296-99b2-5898-4afdc95b24b2"/>
                     <code code="42229-5" displayName="SPL UNCLASSIFIED SECTION" codeSystem="2.16.840.1.113883.6.1"/>
                     <effectiveTime value="20130315"/>
                     <component>
                        <observationMedia ID="MM71303976520">
                           <text>0-5percent-5ml-bottle-label</text>
                           <value xsi:type="ED" mediaType="image/jpeg">
                              <reference value="0-5percent-5ml-BOTTLE-LABEL.jpg"/>
                           </value>
                        </observationMedia>
                     </component>
                  </section>
               </component>
            </section>
         </component>
         <component>
            <section ID="s1">
               <id root="34b64c9c-801c-1474-6f08-f9ce676293e2"/>
               <code code="34067-9" displayName="INDICATIONS &amp; USAGE SECTION" codeSystem="2.16.840.1.113883.6.1"/>
               <title>1 INDICATIONS AND USAGE
</title>
               <text>
                  <paragraph>
         Ketorolac tromethamine ophthalmic solution is indicated for the temporary relief of ocular itching due to seasonal allergic conjunctivitis. Ketorolac tromethamine<content styleCode="bold"/> ophthalmic solution is also indicated for the treatment of postoperative inflammation in patients who have undergone cataract extraction. </paragraph>
               </text>
               <effectiveTime value="20151020"/>
               <excerpt>
                  <highlight>
                     <text>
                        <paragraph>Ketorolac tromethamine<content styleCode="bold"/>
                           <content styleCode="bold"/> ophthalmic solution is a nonsteroidal, anti-inflammatory indicated for: </paragraph>
                        <list listType="unordered" styleCode="disc">
                           <item>The treatment of inflammation following cataract surgery.</item>
                           <item>The temporary relief of ocular itching due to seasonal allergic conjunctivitis (<linkHtml href="#s1">1</linkHtml>).</item>
                        </list>
                     </text>
                  </highlight>
               </excerpt>
            </section>
         </component>
         <component>
            <section ID="s2">
               <id root="b6018ba5-7bba-c1d1-194a-490a1adf05c1"/>
               <code code="34068-7" displayName="DOSAGE &amp; ADMINISTRATION SECTION" codeSystem="2.16.840.1.113883.6.1"/>
               <title>2 DOSAGE AND ADMINISTRATION
</title>
               <effectiveTime value="20151020"/>
               <excerpt>
                  <highlight>
                     <text>
                        <paragraph>One drop of ketorolac tromethamine should be applied to the affected eye(s) four times a day for relief of ocular itching due to seasonal allergic conjunctivitis. </paragraph>
                        <paragraph>For the treatment of postoperative inflammation in patients who have undergone cataract extraction, one drop of ketorolac tromethamine should be applied to the affected eye four times daily beginning 24 hours after cataract surgery and continuing through the first 2 weeks of the postoperative period. (<linkHtml href="#s3">2.1</linkHtml>) </paragraph>
                     </text>
                  </highlight>
               </excerpt>
               <component>
                  <section ID="s3">
                     <id root="4f8ace8f-57fe-de75-a49e-491903361bb7"/>
                     <code code="42229-5" displayName="SPL UNCLASSIFIED SECTION" codeSystem="2.16.840.1.113883.6.1"/>
                     <title>2.1 Recommended Dosing
</title>
                     <effectiveTime value="20151020"/>
                     <component>
                        <section ID="s4">
                           <id root="b2fdd8ac-4ac8-030a-594b-40caf31ebdde"/>
                           <code code="42229-5" displayName="SPL UNCLASSIFIED SECTION" codeSystem="2.16.840.1.113883.6.1"/>
                           <text>
                              <paragraph>Patient Dosing
</paragraph>
                              <paragraph>The recommended dose of ketorolac tromethamine ophthalmic solution is one drop four times a day to the affected eye(s) for relief of ocular itching due to seasonal allergic conjunctivitis. </paragraph>
                              <paragraph>For the treatment of postoperative inflammation in patients who have undergone cataract extraction, one drop of ketorolac tromethamine <sup/>ophthalmic solution should be applied to the affected eye four times daily beginning 24 hours after cataract surgery and continuing through the first 2 weeks of the postoperative period.
</paragraph>
                           </text>
                           <effectiveTime value="20151020"/>
                        </section>
                     </component>
                  </section>
               </component>
               <component>
                  <section ID="s5">
                     <id root="82490fd2-3f7b-8140-7471-f1558063cd09"/>
                     <code code="42229-5" displayName="SPL UNCLASSIFIED SECTION" codeSystem="2.16.840.1.113883.6.1"/>
                     <title>2.2 Use with Other Topical Medications</title>
                     <text>
                        <paragraph>
         Ketorolac tromethamine <sup/>ophthalmic solution has been safely administered in conjunction with other ophthalmic medications such as antibiotics, alpha-agonists, beta blockers, carbonic anhydrase inhibitors, cycloplegics, and mydriatics. Drops should be administered at least 5 minutes apart.
</paragraph>
                     </text>
                     <effectiveTime value="20151020"/>
                  </section>
               </component>
            </section>
         </component>
         <component>
            <section ID="s6">
               <id root="fdcdca67-254d-0148-e6c1-1b033286d9f4"/>
               <code code="43678-2" displayName="DOSAGE FORMS &amp; STRENGTHS SECTION" codeSystem="2.16.840.1.113883.6.1"/>
               <title>3 DOSAGE FORMS AND STRENGTHS
</title>
               <text>
                  <paragraph>Ketorolac Tromethamine Ophthalmic Solution 0.5% is supplied sterile in white opaque LDPE plastic bottles with white opaque droppers with grey opaque ophthalmic HDPE plastic caps as follows </paragraph>
                  <paragraph/>
                  <list>
                     <item>11 mL size bottle filled with 5 mL or 10 mL ketorolac tromethamine ophthalmic solution, 0.5%.</item>
                  </list>
               </text>
               <effectiveTime value="20151020"/>
               <excerpt>
                  <highlight>
                     <text>
                        <paragraph>Ophthalmic solution containing 5 mg/mL ketorolac tromethamine. (<linkHtml href="#s6">3</linkHtml>) </paragraph>
                        <list listType="unordered" styleCode="disc">
                           <item>11 mL size bottle filled with 5 mL or 10 mL ketorolac tromethamine ophthalmic solution, 0.5%.</item>
                        </list>
                     </text>
                  </highlight>
               </excerpt>
            </section>
         </component>
         <component>
            <section ID="s7">
               <id root="9cdf30e9-e86c-2c92-7144-9f34bf9e1513"/>
               <code code="34070-3" displayName="CONTRAINDICATIONS SECTION" codeSystem="2.16.840.1.113883.6.1"/>
               <title>4 CONTRAINDICATIONS
</title>
               <text>
                  <paragraph>Ketorolac tromethamine solution is contraindicated in patients with previously demonstrated hypersensitivity to any of the ingredients in the formulation. </paragraph>
               </text>
               <effectiveTime value="20151020"/>
               <excerpt>
                  <highlight>
                     <text>
                        <paragraph>Hypersensitivity to any component of this product. (<linkHtml href="#s7">4</linkHtml>)
</paragraph>
                     </text>
                  </highlight>
               </excerpt>
            </section>
         </component>
         <component>
            <section ID="s8">
               <id root="2166dca2-cf7d-9432-2cc6-b19250d3d445"/>
               <code code="43685-7" displayName="WARNINGS AND PRECAUTIONS SECTION" codeSystem="2.16.840.1.113883.6.1"/>
               <title>5 WARNINGS AND PRECAUTIONS
</title>
               <effectiveTime value="20151020"/>
               <excerpt>
                  <highlight>
                     <text>
                        <list listType="unordered" styleCode="disc">
                           <item>Delayed healing (<linkHtml href="#s9">5.1</linkHtml>)
</item>
                           <item>Cross-sensitivity or hypersensitivity (<linkHtml href="#s10">5.2</linkHtml>) </item>
                           <item>Increased bleeding time due to interference with thrombocyte aggregation (<linkHtml href="#s11">5.3</linkHtml>)
</item>
                           <item>Corneal effects including keratitis (<linkHtml href="#s12">5.4</linkHtml>)
</item>
                        </list>
                     </text>
                  </highlight>
               </excerpt>
               <component>
                  <section ID="s9">
                     <id root="decff4d5-5207-cd53-8ce5-ae197e0be326"/>
                     <code code="42229-5" displayName="SPL UNCLASSIFIED SECTION" codeSystem="2.16.840.1.113883.6.1"/>
                     <title>5.1 Delayed Healing
</title>
                     <text>
                        <paragraph>Topical nonsteroidal anti-inflammatory drugs (NSAIDs) may slow or delay healing. Topical corticosteroids are also known to slow or delay healing. Concomitant use of topical NSAIDs and topical steroids may increase the potential for healing problems.
</paragraph>
                     </text>
                     <effectiveTime value="20151020"/>
                  </section>
               </component>
               <component>
                  <section ID="s10">
                     <id root="63f9eb13-03e8-3ead-b64b-4764ce05921d"/>
                     <code code="42229-5" displayName="SPL UNCLASSIFIED SECTION" codeSystem="2.16.840.1.113883.6.1"/>
                     <title>5.2   Cross-Sensitivity or Hypersensitivity
</title>
                     <text>
                        <paragraph>There is the potential for cross-sensitivity to acetylsalicylic acid, phenylacetic acid derivatives, and other NSAIDs. There have been reports of bronchospasm or exacerbation of asthma associated with the use of ketorolac tromethamine ophthalmic solution in patients who have either a known hypersensitivity to aspirin/non-steroidal anti-inflammatory drugs or a past medical history of asthma. Therefore, caution should be used when treating individuals who have previously exhibited sensitivities to these drugs.
</paragraph>
                     </text>
                     <effectiveTime value="20151020"/>
                  </section>
               </component>
               <component>
                  <section ID="s11">
                     <id root="21828270-7502-fbb9-7c24-9930ea8c35ee"/>
                     <code code="42229-5" displayName="SPL UNCLASSIFIED SECTION" codeSystem="2.16.840.1.113883.6.1"/>
                     <title>5.3 Increased Bleeding Time
</title>
                     <text>
                        <paragraph>With some NSAIDs, there exists the potential for increased bleeding time due to interference with thrombocyte aggregation. There have been reports that ocularly applied nonsteroidal anti-inflammatory drugs may cause increased bleeding of ocular tissues (including hyphemas) in conjunction with ocular surgery.
</paragraph>
                        <paragraph>It is recommended that ketorolac tromethamine ophthalmic solution be used with caution in patients with known bleeding tendencies or who are receiving other medications, which may prolong bleeding time. </paragraph>
                     </text>
                     <effectiveTime value="20151020"/>
                  </section>
               </component>
               <component>
                  <section ID="s12">
                     <id root="af9ffd61-80ff-3438-18d6-ecb7b2dd17a1"/>
                     <code code="42229-5" displayName="SPL UNCLASSIFIED SECTION" codeSystem="2.16.840.1.113883.6.1"/>
                     <title>5.4   Corneal Effects
</title>
                     <text>
                        <paragraph>Use of topical NSAIDs may result in keratitis. In some susceptible patients, continued use of topical NSAIDs may result in epithelial breakdown, corneal thinning, corneal erosion, corneal ulceration, or corneal perforation. These events may be sight threatening. Patients with evidence of corneal epithelial breakdown should immediately discontinue use of topical NSAIDs and should be closely monitored for corneal health.
</paragraph>
                        <paragraph>Postmarketing experience with topical NSAIDs suggests that patients with complicated ocular surgeries, corneal denervation, corneal epithelial defects, diabetes mellitus, ocular surface diseases (e.g., dry eye syndrome), rheumatoid arthritis, or repeat ocular surgeries within a short period of time may be at increased risk for corneal adverse events which may become sight threatening. Topical NSAIDs should be used with caution in these patients. </paragraph>
                        <paragraph>Postmarketing experience with topical NSAIDs also suggests that use more than 1 day prior to surgery or use beyond 14 days post-surgery may increase patient risk for the occurrence and severity of corneal adverse events. </paragraph>
                     </text>
                     <effectiveTime value="20151020"/>
                  </section>
               </component>
               <component>
                  <section ID="s13">
                     <id root="7b7aee49-721c-08d1-6a57-9d22b7b4d78d"/>
                     <code code="42229-5" displayName="SPL UNCLASSIFIED SECTION" codeSystem="2.16.840.1.113883.6.1"/>
                     <title>5.5   Contact Lens Wear
</title>
                     <text>
                        <paragraph> Ketorolac tromethamine should not be administered while wearing contact lenses. </paragraph>
                     </text>
                     <effectiveTime value="20151020"/>
                  </section>
               </component>
            </section>
         </component>
         <component>
            <section ID="s14">
               <id root="03dd2940-21b2-63e7-a9b7-d221495f32c4"/>
               <code code="34084-4" displayName="ADVERSE REACTIONS SECTION" codeSystem="2.16.840.1.113883.6.1"/>
               <title>6 ADVERSE REACTIONS
</title>
               <text>
                  <paragraph/>
               </text>
               <effectiveTime value="20151020"/>
               <excerpt>
                  <highlight>
                     <text>
                        <paragraph>The most frequent adverse reactions reported by up to 40% of patients participating in clinical trials have been transient stinging and burning on instillation. (<linkHtml href="#s15">6.1</linkHtml>) </paragraph>
                        <paragraph>
                           <content styleCode="bold">To report SUSPECTED ADVERSE REACTIONS, contact Apotex Corp. at 1-800-706-5575 or FDA at 1-800-FDA-1088 or www.fda.gov/medwatch.</content>
                        </paragraph>
                     </text>
                  </highlight>
               </excerpt>
               <component>
                  <section ID="s15">
                     <id root="8e566df5-ff2b-46d6-ded8-38d7c81cccaa"/>
                     <code code="42229-5" displayName="SPL UNCLASSIFIED SECTION" codeSystem="2.16.840.1.113883.6.1"/>
                     <title>6.1 Clinical Studies Experience
</title>
                     <text>
                        <paragraph>Because clinical studies are conducted under widely varying conditions, adverse reaction rates observed in the clinical studies of a drug cannot be directly compared to the rates in the clinical studies of another drug and may not reflect the rates observed in practice. </paragraph>
                        <paragraph>The most frequent adverse reactions reported with the use of ketorolac tromethamine ophthalmic solutions have been transient stinging and burning on instillation. These reactions were reported by up to 40% of patients participating in clinical trials. 
</paragraph>
                        <paragraph>Other adverse reactions occurring approximately 1 to 10% of the time during treatment with ketorolac tromethamine ophthalmic solutions included allergic reactions, corneal edema, iritis, ocular inflammation, ocular irritation, superficial keratitis, and superficial ocular infections.
</paragraph>
                        <paragraph>Other adverse reactions reported rarely with the use of ketorolac tromethamine ophthalmic solutions included: corneal infiltrates, corneal ulcer, eye dryness, headaches, and visual disturbance (blurry vision).
</paragraph>
                     </text>
                     <effectiveTime value="20151020"/>
                  </section>
               </component>
               <component>
                  <section ID="s16">
                     <id root="8ff71e56-f6db-c8af-41a1-90ad7342eb04"/>
                     <code code="42229-5" displayName="SPL UNCLASSIFIED SECTION" codeSystem="2.16.840.1.113883.6.1"/>
                     <title>6.2 Postmarketing Experience
</title>
                     <text>
                        <paragraph>The following adverse reactions have been identified during post-marketing use of ketorolac tromethamine ophthalmic solution 0.5% in clinical practice. Because they are reported voluntarily from a population of unknown size, estimates of frequency cannot be made. The reactions, which have been chosen for inclusion due to either their seriousness, frequency of reporting, possible causal connection to topical ketorolac tromethamine ophthalmic solution 0.5% or a combination of these factors, include bronchospasm or exacerbation of asthma, corneal erosion, corneal perforation, corneal thinning, and epithelial breakdown. <content styleCode="italics">[see Warnings and Precautions (<linkHtml href="#s10">5.2</linkHtml>, <linkHtml href="#s12">5.4</linkHtml>)]</content>.
</paragraph>
                     </text>
                     <effectiveTime value="20151020"/>
                  </section>
               </component>
            </section>
         </component>
         <component>
            <section ID="s17">
               <id root="7956e65f-7f9d-cec1-bdc3-2d4bff8d53f6"/>
               <code code="43684-0" displayName="USE IN SPECIFIC POPULATIONS SECTION" codeSystem="2.16.840.1.113883.6.1"/>
               <title>8 USE IN SPECIFIC POPULATIONS
</title>
               <effectiveTime value="20151020"/>
               <component>
                  <section ID="s18">
                     <id root="bd4ce6aa-3c35-121f-fdfc-c65a59ec836a"/>
                     <code code="42228-7" displayName="PREGNANCY SECTION" codeSystem="2.16.840.1.113883.6.1"/>
                     <title>8.1 Pregnancy
</title>
                     <effectiveTime value="20151020"/>
                     <component>
                        <section ID="s19">
                           <id root="3345c721-2709-6967-fc4a-6b590a6b9276"/>
                           <code code="34077-8" displayName="TERATOGENIC EFFECTS SECTION" codeSystem="2.16.840.1.113883.6.1"/>
                           <text>
                              <paragraph>
                                 <content styleCode="bold">Teratogenic Effects. Pregnancy Category C</content>
                              </paragraph>
                              <paragraph>Pregnancy Category C: Ketorolac tromethamine, administered during organogenesis, was not teratogenic in rabbits and rats at oral doses of 3.6 mg/kg/day and 10 mg/kg/day, respectively. These doses are approximately 100 times and 250 times higher respectively than the maximum recommended human topical ophthalmic daily dose of 2 mg (5 mg/mL x 0.05 mL/drop, x 4 drops x 2 eyes) to affected eyes on a mg/kg basis. Additionally, when administered to rats after Day 17 of gestation at oral doses up to 1.5 mg/kg/day (approximately 40 times the typical human topical ophthalmic daily dose), ketorolac tromethamine resulted in dystocia and increased pup mortality. There are no adequate and well-controlled studies in pregnant women. Ketorolac tromethamine solution should be used during pregnancy only if the potential benefit justifies the potential risk to the fetus. </paragraph>
                           </text>
                           <effectiveTime value="20151020"/>
                        </section>
                     </component>
                     <component>
                        <section ID="s20">
                           <id root="f0088eb8-da11-3999-1d68-a1d6e8b9c375"/>
                           <code code="34078-6" displayName="NONTERATOGENIC EFFECTS SECTION" codeSystem="2.16.840.1.113883.6.1"/>
                           <text>
                              <paragraph>
                                 <content styleCode="bold">Nonteratogenic Effects</content>
                              </paragraph>
                              <paragraph>Because of the known effects of prostaglandin-inhibiting drugs on the fetal cardiovascular system (closure of the ductus arteriosus), the use of ketorolac tromethamine solution solution during late pregnancy should be avoided. </paragraph>
                           </text>
                           <effectiveTime value="20151020"/>
                        </section>
                     </component>
                  </section>
               </component>
               <component>
                  <section ID="s21">
                     <id root="ad7c5597-6cf6-5c1a-cb3c-7b1ab0897b35"/>
                     <code code="34080-2" displayName="NURSING MOTHERS SECTION" codeSystem="2.16.840.1.113883.6.1"/>
                     <title>8.3 Nursing Mothers
</title>
                     <text>
                        <paragraph>Because many drugs are excreted in human milk, caution should be exercised when ketorolac tromethamine is administered to a nursing woman. </paragraph>
                     </text>
                     <effectiveTime value="20151020"/>
                  </section>
               </component>
               <component>
                  <section ID="s22">
                     <id root="7e3aadb2-966f-ed5e-a0c0-82ddc44d5d46"/>
                     <code code="34081-0" displayName="PEDIATRIC USE SECTION" codeSystem="2.16.840.1.113883.6.1"/>
                     <title>8.4 Pediatric Use
</title>
                     <text>
                        <paragraph>Safety and efficacy in pediatric patients below the age of 2 have not been established.
</paragraph>
                     </text>
                     <effectiveTime value="20151020"/>
                  </section>
               </component>
               <component>
                  <section ID="s23">
                     <id root="9e759419-2b0b-7049-2f31-3b1b8c50357e"/>
                     <code code="34082-8" displayName="GERIATRIC USE SECTION" codeSystem="2.16.840.1.113883.6.1"/>
                     <title>8.5 Geriatric Use
</title>
                     <text>
                        <paragraph>No overall clinical differences in safety or effectiveness have been observed between elderly and other adult patients.
</paragraph>
                     </text>
                     <effectiveTime value="20151020"/>
                  </section>
               </component>
            </section>
         </component>
         <component>
            <section ID="s24">
               <id root="b57d242b-8271-cbd8-5a33-4023a19e710e"/>
               <code code="34089-3" displayName="DESCRIPTION SECTION" codeSystem="2.16.840.1.113883.6.1"/>
               <title>11 DESCRIPTION
</title>
               <text>
                  <paragraph> Ketorolac tromethamine ophthalmic solution 0.5% is a member of the pyrrolo-pyrrole group of nonsteroidal anti-inflammatory drugs (NSAIDs) for ophthalmic use. Its chemical name is (±)-5-benzoyl-2,3-dihydro-1<content styleCode="italics">H</content>-pyrrolizine-1-carboxylic acid, compound with 2-amino-2-(hydroxymethyl)-1,3-propanediol (1:1) and it has the following structure</paragraph>
                  <paragraph/>
                  <paragraph>
                     <renderMultiMedia ID="f01" referencedObject="mm01"/>
                  </paragraph>
                  <paragraph/>
                  <paragraph>Ketorolac Tromethamine Ophthalmic solution is supplied as a sterile isotonic aqueous 0.5% solution, with a pH of 7.4. Ketorolac Tromethamine Ophthalmic Solution is a racemic mixture of R-(+) and S-(-) - ketorolac tromethamine. Ketorolac tromethamine may exist in three crystal forms. All forms are equally soluble in water. The pKa of ketorolac is 3.5. This white to off-white crystalline substance discolors on prolonged exposure to light. The molecular weight of ketorolac tromethamine is 376.41. The osmolality of Ketorolac Tromethamine Ophthalmic Solution is 290 mOsmol/kg.</paragraph>
                  <paragraph>Each mL of Ketorolac Tromethamine Ophthalmic Solution contains: <content styleCode="bold">Active:</content> Ketorolac tromethamine 0.5%. <content styleCode="bold">Preservative:</content> Benzalkonium chloride 0.01%. <content styleCode="bold">Inactives:</content> Edetate disodium dihydrate 0.1%; octoxynol 40; sodium chloride; hydrochloric acid and/or sodium hydroxide to adjust the pH; and water for injection.</paragraph>
               </text>
               <effectiveTime value="20151020"/>
               <component>
                  <observationMedia ID="mm01">
                     <text>Chemical Structure</text>
                     <value xsi:type="ED" mediaType="image/jpeg">
                        <reference value="chemicalstructure.jpg"/>
                     </value>
                  </observationMedia>
               </component>
            </section>
         </component>
         <component>
            <section ID="s25">
               <id root="a3d91711-e29d-6b65-b27f-b2875c357abc"/>
               <code code="34090-1" displayName="CLINICAL PHARMACOLOGY SECTION" codeSystem="2.16.840.1.113883.6.1"/>
               <title>12 CLINICAL PHARMACOLOGY
</title>
               <effectiveTime value="20151020"/>
               <component>
                  <section ID="s26">
                     <id root="3bbb55cc-3812-f004-ee51-4c3a4ec0d53c"/>
                     <code code="43679-0" displayName="MECHANISM OF ACTION SECTION" codeSystem="2.16.840.1.113883.6.1"/>
                     <title>12.1 Mechanism of Action
</title>
                     <text>
                        <paragraph>Ketorolac tromethamine is a nonsteroidal anti-inflammatory drug which, when administered systemically, has demonstrated analgesic, anti-inflammatory, and anti-pyretic activity. The mechanism of its action is thought to be due to its ability to inhibit prostaglandin biosynthesis.
</paragraph>
                     </text>
                     <effectiveTime value="20151020"/>
                  </section>
               </component>
               <component>
                  <section ID="s27">
                     <id root="6e407c1d-2a83-b02c-1156-720fe7cb6388"/>
                     <code code="43682-4" displayName="PHARMACOKINETICS SECTION" codeSystem="2.16.840.1.113883.6.1"/>
                     <title>12.3 Pharmacokinetics
</title>
                     <text>
                        <paragraph>Two drops of 0.5% ketorolac tromethamine ophthalmic solution instilled into the eyes of patients 12 hours and 1 hour prior to cataract extraction achieved a mean ketorolac concentration of 95 ng/mL in the aqueous humor of 8 of 9 eyes tested (range 40 to 170 ng/mL).
</paragraph>
                        <paragraph>One drop of 0.5% ketorolac tromethamine ophthalmic solution was instilled into 1 eye and 1 drop of vehicle into the other eye TID in 26 healthy subjects. Five (5) of 26 subjects had detectable concentrations of ketorolac in their plasma (range 11 to 23 ng/mL) at Day 10 during topical ocular treatment. The range of concentrations following TID dosing of 0.5% ketorolac tromethamine ophthalmic solution are approximately 4 to 8% of the steady state mean minimum plasma concentration observed following four times daily oral administration of 10 mg ketorolac in humans (290 ± 70 ng/mL).
</paragraph>
                     </text>
                     <effectiveTime value="20151020"/>
                  </section>
               </component>
            </section>
         </component>
         <component>
            <section ID="s28">
               <id root="1d70e04a-9abc-9e02-9787-300ee556724c"/>
               <code code="43680-8" displayName="NONCLINICAL TOXICOLOGY SECTION" codeSystem="2.16.840.1.113883.6.1"/>
               <title>13 NONCLINICAL TOXICOLOGY
</title>
               <effectiveTime value="20151020"/>
               <component>
                  <section ID="s29">
                     <id root="78525c18-1a7c-d717-8792-e01f62024f37"/>
                     <code code="34083-6" displayName="CARCINOGENESIS &amp; MUTAGENESIS &amp; IMPAIRMENT OF FERTILITY SECTION" codeSystem="2.16.840.1.113883.6.1"/>
                     <title>13.1 Carcinogenesis, Mutagenesis, Impairment of Fertility
</title>
                     <text>
                        <paragraph>Ketorolac tromethamine was not carcinogenic in either rats given up to 5 mg/kg/day orally for 24 months or in mice given 2 mg/kg/day orally for 18 months. These doses are approximately 125 times and 50 times higher respectively than the maximum recommended human topical ophthalmic daily dose given as QID for itching to affected eyes on a mg/kg basis. 
</paragraph>
                        <paragraph>Ketorolac tromethamine was not mutagenic <content styleCode="italics">in vitro</content> in the Ames assay or in forward mutation assays. Similarly, it did not result in an <content styleCode="italics">in vitro</content> increase in unscheduled DNA synthesis or an <content styleCode="italics">in vivo</content> increase in chromosome breakage in mice. However, ketorolac tromethamine did result in an increased incidence in chromosomal aberrations in Chinese hamster ovary cells.
</paragraph>
                        <paragraph>Ketorolac tromethamine did not impair fertility when administered orally to male and female rats at doses up to 9 mg/kg/day and 16 mg/kg/day, respectively. These doses are respectively 225 and 400 times higher than the typical human topical ophthalmic daily dose.
</paragraph>
                     </text>
                     <effectiveTime value="20151020"/>
                  </section>
               </component>
            </section>
         </component>
         <component>
            <section ID="s30">
               <id root="f80a2c78-697b-6def-613d-bc20a91887fe"/>
               <code code="34092-7" displayName="CLINICAL STUDIES SECTION" codeSystem="2.16.840.1.113883.6.1"/>
               <title>14 CLINICAL STUDIES
</title>
               <text>
                  <paragraph>Two controlled clinical studies showed that ketorolac tromethamine ophthalmic solution was significantly more effective than its vehicle in relieving ocular itching caused by seasonal allergic conjunctivitis.
</paragraph>
                  <paragraph>Two controlled clinical studies showed that patients treated for two weeks with ketorolac tromethamine ophthalmic solution were less likely to have measurable signs of inflammation (cell and flare) than patients treated with its vehicle.
</paragraph>
                  <paragraph>Results from clinical studies indicate that ketorolac tromethamine has no significant effect upon intraocular pressure; however, changes in intraocular pressure may occur following cataract surgery.
</paragraph>
               </text>
               <effectiveTime value="20151020"/>
            </section>
         </component>
         <component>
            <section ID="s31">
               <id root="3efaa3e7-15ff-70b7-002c-16839d56a239"/>
               <code code="34069-5" displayName="HOW SUPPLIED SECTION" codeSystem="2.16.840.1.113883.6.1"/>
               <title>16 HOW SUPPLIED/STORAGE AND HANDLING
</title>
               <text>
                  <paragraph>
         Ketorolac Tromethamine Ophthalmic Solution 0.5% is supplied sterile in white opaque LDPE plastic bottles with white opaque droppers with grey opaque ophthalmic HDPE plastic caps as follows: 5 mL - NDC 60505-1003-1 and 10 mL - NDC 60505-1003-2.</paragraph>
               </text>
               <effectiveTime value="20151020"/>
               <component>
                  <section ID="s32">
                     <id root="7a46ae1d-765c-1013-fac5-a034cbc1661f"/>
                     <code code="44425-7" displayName="STORAGE AND HANDLING SECTION" codeSystem="2.16.840.1.113883.6.1"/>
                     <text>
                        <paragraph>
                           <content styleCode="bold">Store at 20° to 25°C (68° to 77°F) [See USP Controlled Room Temperature]. Protect from light.</content>
                        </paragraph>
                     </text>
                     <effectiveTime value="20151020"/>
                  </section>
               </component>
            </section>
         </component>
         <component>
            <section ID="s33">
               <id root="02fa41db-3e7f-e2fa-e545-1c408fc5b8e7"/>
               <code code="34076-0" displayName="INFORMATION FOR PATIENTS SECTION" codeSystem="2.16.840.1.113883.6.1"/>
               <title>17 PATIENT COUNSELING INFORMATION
</title>
               <effectiveTime value="20151020"/>
               <component>
                  <section ID="s34">
                     <id root="2dce4c19-e890-549e-3d37-b880a743ddfe"/>
                     <code code="42229-5" displayName="SPL UNCLASSIFIED SECTION" codeSystem="2.16.840.1.113883.6.1"/>
                     <title>17.1 Slow or Delayed Healing
</title>
                     <text>
                        <paragraph>Patients should be informed of the possibility that slow or delayed healing may occur while using nonsteroidal anti-inflammatory drugs (NSAIDs).
</paragraph>
                     </text>
                     <effectiveTime value="20151020"/>
                  </section>
               </component>
               <component>
                  <section ID="s35">
                     <id root="0de2cf14-1363-a233-1a81-e847d1882f10"/>
                     <code code="42229-5" displayName="SPL UNCLASSIFIED SECTION" codeSystem="2.16.840.1.113883.6.1"/>
                     <title>17.2 Avoiding Contamination of the Product
</title>
                     <text>
                        <paragraph>Patients should be instructed to avoid allowing the tip of the bottle to contact the eye or surrounding structures because this could cause the tip to become contaminated by common bacteria known to cause ocular infections. Serious damage to the eye and subsequent loss of vision may result from using contaminated solutions.
</paragraph>
                        <paragraph>Also, to avoid the potential for cross-contamination, the patient should be advised to use one bottle for each eye following  bilateral ocular surgery. The use of the same bottle of topical eye drops for both eyes following bilateral ocular surgery is not recommended.
</paragraph>
                     </text>
                     <effectiveTime value="20151020"/>
                  </section>
               </component>
               <component>
                  <section ID="s36">
                     <id root="9e12694d-71bd-7d83-a1d3-c36d7a4e0cc6"/>
                     <code code="42229-5" displayName="SPL UNCLASSIFIED SECTION" codeSystem="2.16.840.1.113883.6.1"/>
                     <title>17.3 Contact Lens Wear
</title>
                     <text>
                        <paragraph>Patients should be advised that ketorolac tromethamine<content styleCode="bold"/> solution should not be administered while wearing contact lenses. </paragraph>
                     </text>
                     <effectiveTime value="20151020"/>
                  </section>
               </component>
               <component>
                  <section ID="s37">
                     <id root="6b304d20-11e3-70c5-714a-419b1fce2d79"/>
                     <code code="42229-5" displayName="SPL UNCLASSIFIED SECTION" codeSystem="2.16.840.1.113883.6.1"/>
                     <title>17.4 Intercurrent Ocular Conditions
</title>
                     <text>
                        <paragraph>Patients should be advised that if they develop an intercurrent ocular condition (e.g., trauma or infection) or have ocular surgery, they should immediately seek their physician’s advice concerning the continued use of ketorolac tromethamine.</paragraph>
                     </text>
                     <effectiveTime value="20151020"/>
                  </section>
               </component>
               <component>
                  <section ID="s38">
                     <id root="b3ba7374-751d-7e7a-4e53-3e159eeddef0"/>
                     <code code="42229-5" displayName="SPL UNCLASSIFIED SECTION" codeSystem="2.16.840.1.113883.6.1"/>
                     <title>17.5 Concomitant Topical Ocular Therapy
</title>
                     <text>
                        <paragraph>Patients should be advised that if more than one topical ophthalmic medication is being used, the medicines should be administered at least 5 minutes apart.  </paragraph>
                        <paragraph>
                           <content styleCode="bold">Rx only.</content>
                           <content styleCode="bold"> </content>
                           <content styleCode="bold"/>
                        </paragraph>
                        <paragraph>
                           <content styleCode="bold">Apotex Inc.</content>
                        </paragraph>
                        <paragraph>
                           <content styleCode="bold">Ketorolac Tromethamine Ophthalmic Solution 0.5%</content> </paragraph>
                        <table width="45%">
                           <tbody>
                              <tr>
                                 <td>Manufactured by:</td>
                                 <td>Manufactured for:</td>
                              </tr>
                              <tr>
                                 <td>Apotex Inc.</td>
                                 <td>Apotex Corp.</td>
                              </tr>
                              <tr>
                                 <td>Toronto, Ontario</td>
                                 <td>Weston, FL</td>
                              </tr>
                              <tr>
                                 <td>Canada M9L 1T9</td>
                                 <td>33326</td>
                              </tr>
                           </tbody>
                        </table>
                        <paragraph> October 2015</paragraph>
                        <br/>
                     </text>
                     <effectiveTime value="20151020"/>
                  </section>
               </component>
            </section>
         </component>
         <component>
            <section ID="_0cd9545b-8233-0f40-1ae2-69af3e7a8130">
               <id root="d87d69be-8bf4-4c7b-cd3b-a8b7219605d2"/>
               <code code="51945-4" displayName="PACKAGE LABEL.PRINCIPAL DISPLAY PANEL" codeSystem="2.16.840.1.113883.6.1"/>
               <title/>
               <text>
                  <paragraph>Representative sample of labeling (see the <content styleCode="bold">HOW SUPPLIED</content> section for complete listing):</paragraph>
                  <paragraph>
                     <content styleCode="bold">PRINCIPAL DISPLAY PANEL - 0.5% BOTTLE LABEL </content>
                  </paragraph>
                  <paragraph>APOTEX CORP. NDC 60505-1003-1</paragraph>
                  <paragraph>
                     <content styleCode="bold">KETOROLAC TROMETHAMINE OPHTHALMIC SOLUTION 0.5%</content>
                  </paragraph>
                  <paragraph>Rx only </paragraph>
                  <paragraph>5 ml</paragraph>
                  <paragraph>
                     <renderMultiMedia referencedObject="MM71303976520"/>
                  </paragraph>
               </text>
               <effectiveTime value="20151020"/>
            </section>
         </component>
      </structuredBody>
   </component>
</document>