<?xml version="1.0" encoding="UTF-8"?><?xml-stylesheet href="https://www.accessdata.fda.gov/spl/stylesheet/spl.xsl" type="text/xsl"?>
<document xmlns="urn:hl7-org:v3" xmlns:xsi="http://www.w3.org/2001/XMLSchema-instance" xsi:schemaLocation="urn:hl7-org:v3 https://www.accessdata.fda.gov/spl/schema/spl.xsd">
   <id root="2365a842-2673-4a8c-91bc-aa12445fb1af"/>
   <code code="34390-5" codeSystem="2.16.840.1.113883.6.1" displayName="HUMAN OTC DRUG LABEL"/>
   <title>Ibuprofen Capsules (Liquid Filled), 200 mg</title>
   <effectiveTime value="20191230"/>
   <setId root="767a2a04-a120-4e0e-b1d6-aae099c4e4ce"/>
   <versionNumber value="2"/>
   <author>
      <time/>
      <assignedEntity>
         <representedOrganization>
            <id root="1.3.6.1.4.1.519.1" extension="011920774"/>
            <name>Chain Drug Marketing Association Inc.</name>
            <assignedEntity>
               <assignedOrganization>
                  <assignedEntity>
                     <assignedOrganization>
                        <id root="1.3.6.1.4.1.519.1" extension="421293287"/>
                        <name>Humanwell PuraCap Pharmaceutical (Wuhan) Co., Ltd.</name>
                     </assignedOrganization>
                     <performance>
                        <actDefinition>
                           <code code="C43360" displayName="manufacture" codeSystem="2.16.840.1.113883.3.26.1.1"/>
                           <product>
                              <manufacturedProduct classCode="MANU">
                                 <manufacturedMaterialKind>
                                    <code code="63868-281" codeSystem="2.16.840.1.113883.6.69"/>
                                 </manufacturedMaterialKind>
                              </manufacturedProduct>
                           </product>
                        </actDefinition>
                     </performance>
                     <performance>
                        <actDefinition>
                           <code code="C25391" displayName="analysis" codeSystem="2.16.840.1.113883.3.26.1.1"/>
                           <product>
                              <manufacturedProduct classCode="MANU">
                                 <manufacturedMaterialKind>
                                    <code code="63868-281" codeSystem="2.16.840.1.113883.6.69"/>
                                 </manufacturedMaterialKind>
                              </manufacturedProduct>
                           </product>
                        </actDefinition>
                     </performance>
                  </assignedEntity>
               </assignedOrganization>
            </assignedEntity>
         </representedOrganization>
      </assignedEntity>
   </author>
   <component>
      <structuredBody>
         <component>
            <section>
               <id root="42f01eac-846c-48d7-8da6-a70a2cc826ee"/>
               <code code="48780-1" codeSystem="2.16.840.1.113883.6.1" displayName="SPL product data elements section"/>
               <title/>
               <text/>
               <effectiveTime value="20191230"/>
               <subject>
                  <manufacturedProduct>
                     <manufacturedProduct>
                        <code code="63868-281" codeSystem="2.16.840.1.113883.6.69"/>
                        <name>Ibuprofen</name>
                        <formCode code="C42954" codeSystem="2.16.840.1.113883.3.26.1.1" displayName="CAPSULE, LIQUID FILLED"/>
                        <asEntityWithGeneric>
                           <genericMedicine>
                              <name>Ibuprofen</name>
                           </genericMedicine>
                        </asEntityWithGeneric>
                        <ingredient classCode="ACTIB">
                           <quantity>
                              <numerator value="200" unit="mg"/>
                              <denominator value="1" unit="1"/>
                           </quantity>
                           <ingredientSubstance>
                              <code code="WK2XYI10QM" codeSystem="2.16.840.1.113883.4.9"/>
                              <name>IBUPROFEN</name>
                              <activeMoiety>
                                 <activeMoiety>
                                    <code code="WK2XYI10QM" codeSystem="2.16.840.1.113883.4.9"/>
                                    <name>IBUPROFEN</name>
                                 </activeMoiety>
                              </activeMoiety>
                           </ingredientSubstance>
                        </ingredient>
                        <ingredient classCode="IACT">
                           <ingredientSubstance>
                              <code code="2G86QN327L" codeSystem="2.16.840.1.113883.4.9"/>
                              <name>GELATIN</name>
                           </ingredientSubstance>
                        </ingredient>
                        <ingredient classCode="IACT">
                           <ingredientSubstance>
                              <code code="C9H2L21V7U" codeSystem="2.16.840.1.113883.4.9"/>
                              <name>MEDIUM-CHAIN TRIGLYCERIDES</name>
                           </ingredientSubstance>
                        </ingredient>
                        <ingredient classCode="IACT">
                           <ingredientSubstance>
                              <code code="3WJQ0SDW1A" codeSystem="2.16.840.1.113883.4.9"/>
                              <name>POLYETHYLENE GLYCOL, UNSPECIFIED</name>
                           </ingredientSubstance>
                        </ingredient>
                        <ingredient classCode="IACT">
                           <ingredientSubstance>
                              <code code="WZH3C48M4T" codeSystem="2.16.840.1.113883.4.9"/>
                              <name>POTASSIUM HYDROXIDE</name>
                           </ingredientSubstance>
                        </ingredient>
                        <ingredient classCode="IACT">
                           <ingredientSubstance>
                              <code code="6O92ICV9RU" codeSystem="2.16.840.1.113883.4.9"/>
                              <name>SORBITAN</name>
                           </ingredientSubstance>
                        </ingredient>
                        <ingredient classCode="IACT">
                           <ingredientSubstance>
                              <code code="506T60A25R" codeSystem="2.16.840.1.113883.4.9"/>
                              <name>SORBITOL</name>
                           </ingredientSubstance>
                        </ingredient>
                        <ingredient classCode="IACT">
                           <ingredientSubstance>
                              <code code="059QF0KO0R" codeSystem="2.16.840.1.113883.4.9"/>
                              <name>WATER</name>
                           </ingredientSubstance>
                        </ingredient>
                        <asContent>
                           <quantity>
                              <numerator value="40" unit="1"/>
                              <denominator value="1" unit="1"/>
                           </quantity>
                           <containerPackagedProduct>
                              <code/>
                              <formCode code="C43169" displayName="BOTTLE" codeSystem="2.16.840.1.113883.3.26.1.1"/>
                              <asContent>
                                 <quantity>
                                    <numerator value="1" unit="1"/>
                                    <denominator value="1" unit="1"/>
                                 </quantity>
                                 <containerPackagedProduct>
                                    <code code="63868-281-40" codeSystem="2.16.840.1.113883.6.69"/>
                                    <formCode code="C43182" displayName="CARTON" codeSystem="2.16.840.1.113883.3.26.1.1"/>
                                 </containerPackagedProduct>
                                 <subjectOf>
                                    <marketingAct>
                                       <code code="C53292" codeSystem="2.16.840.1.113883.3.26.1.1"/>
                                       <statusCode code="active"/>
                                       <effectiveTime>
                                          <low value="20170713"/>
                                       </effectiveTime>
                                    </marketingAct>
                                 </subjectOf>
                              </asContent>
                           </containerPackagedProduct>
                           <subjectOf>
                              <characteristic classCode="OBS">
                                 <code code="SPLCMBPRDTP" codeSystem="2.16.840.1.113883.1.11.19255"/>
                                 <value code="C112160" displayName="Type 0: Not a Combination Product" codeSystem="2.16.840.1.113883.3.26.1.1" xsi:type="CE"/>
                              </characteristic>
                           </subjectOf>
                        </asContent>
                        <asContent>
                           <quantity>
                              <numerator value="80" unit="1"/>
                              <denominator value="1" unit="1"/>
                           </quantity>
                           <containerPackagedProduct>
                              <code/>
                              <formCode code="C43169" displayName="BOTTLE" codeSystem="2.16.840.1.113883.3.26.1.1"/>
                              <asContent>
                                 <quantity>
                                    <numerator value="1" unit="1"/>
                                    <denominator value="1" unit="1"/>
                                 </quantity>
                                 <containerPackagedProduct>
                                    <code code="63868-281-80" codeSystem="2.16.840.1.113883.6.69"/>
                                    <formCode code="C43182" displayName="CARTON" codeSystem="2.16.840.1.113883.3.26.1.1"/>
                                 </containerPackagedProduct>
                                 <subjectOf>
                                    <marketingAct>
                                       <code code="C53292" codeSystem="2.16.840.1.113883.3.26.1.1"/>
                                       <statusCode code="active"/>
                                       <effectiveTime>
                                          <low value="20170713"/>
                                       </effectiveTime>
                                    </marketingAct>
                                 </subjectOf>
                              </asContent>
                           </containerPackagedProduct>
                           <subjectOf>
                              <characteristic classCode="OBS">
                                 <code code="SPLCMBPRDTP" codeSystem="2.16.840.1.113883.1.11.19255"/>
                                 <value code="C112160" displayName="Type 0: Not a Combination Product" codeSystem="2.16.840.1.113883.3.26.1.1" xsi:type="CE"/>
                              </characteristic>
                           </subjectOf>
                        </asContent>
                     </manufacturedProduct>
                     <subjectOf>
                        <marketingAct>
                           <code code="C53292" codeSystem="2.16.840.1.113883.3.26.1.1"/>
                           <statusCode code="active"/>
                           <effectiveTime>
                              <low value="20170713"/>
                           </effectiveTime>
                        </marketingAct>
                     </subjectOf>
                     <subjectOf>
                        <approval>
                           <id extension="ANDA206568" root="2.16.840.1.113883.3.150"/>
                           <code code="C73584" codeSystem="2.16.840.1.113883.3.26.1.1" displayName="ANDA"/>
                           <author>
                              <territorialAuthority>
                                 <territory>
                                    <code code="USA" codeSystem="2.16.840.1.113883.5.28"/>
                                 </territory>
                              </territorialAuthority>
                           </author>
                        </approval>
                     </subjectOf>
                     <subjectOf>
                        <characteristic>
                           <code code="SPLCOLOR" codeSystem="2.16.840.1.113883.1.11.19255"/>
                           <value code="C48329" codeSystem="2.16.840.1.113883.3.26.1.1" displayName="green" xsi:type="CE">
                              <originalText>Clear</originalText>
                           </value>
                        </characteristic>
                     </subjectOf>
                     <subjectOf>
                        <characteristic>
                           <code code="SPLSHAPE" codeSystem="2.16.840.1.113883.1.11.19255"/>
                           <value code="C48336" codeSystem="2.16.840.1.113883.3.26.1.1" displayName="CAPSULE" xsi:type="CE">
                              <originalText>Oblong</originalText>
                           </value>
                        </characteristic>
                     </subjectOf>
                     <subjectOf>
                        <characteristic>
                           <code code="SPLSIZE" codeSystem="2.16.840.1.113883.1.11.19255"/>
                           <value unit="mm" value="18" xsi:type="PQ"/>
                        </characteristic>
                     </subjectOf>
                     <subjectOf>
                        <characteristic>
                           <code code="SPLSCORE" codeSystem="2.16.840.1.113883.1.11.19255"/>
                           <value value="1" xsi:type="INT"/>
                        </characteristic>
                     </subjectOf>
                     <subjectOf>
                        <characteristic>
                           <code code="SPLIMPRINT" codeSystem="2.16.840.1.113883.1.11.19255"/>
                           <value xsi:type="ST">PC16</value>
                        </characteristic>
                     </subjectOf>
                     <consumedIn>
                        <substanceAdministration>
                           <routeCode code="C38288" codeSystem="2.16.840.1.113883.3.26.1.1" displayName="ORAL"/>
                        </substanceAdministration>
                     </consumedIn>
                  </manufacturedProduct>
               </subject>
            </section>
         </component>
         <component>
            <section ID="L63f4f6e1-b6fd-4e56-af67-27b2bb308ba0">
               <id root="88c811c4-4908-43e1-b94e-667c05e51156"/>
               <code code="55106-9" codeSystem="2.16.840.1.113883.6.1" displayName="OTC - ACTIVE INGREDIENT SECTION"/>
               <title>Active ingredient (in each capsule)</title>
               <text>
                  <paragraph>Solubilized ibuprofen equal to 200 mg ibuprofen (NSAID)** (present as the free acid and potassium salt)<br/>**nonsteroidal anti-inflammatory drug</paragraph>
               </text>
               <effectiveTime value="20170713"/>
            </section>
         </component>
         <component>
            <section ID="Ldd5577e1-9ed4-4093-8b98-5ec438036585">
               <id root="9ee09bd0-39d3-4a04-951b-c3ae001e8a47"/>
               <code code="55105-1" codeSystem="2.16.840.1.113883.6.1" displayName="OTC - PURPOSE SECTION"/>
               <title>Purpose</title>
               <text>
                  <paragraph>Pain reliever/Fever reducer</paragraph>
               </text>
               <effectiveTime value="20170713"/>
            </section>
         </component>
         <component>
            <section ID="La408b234-08d8-4638-80eb-c276e02b732e">
               <id root="b23c791a-9f4f-443c-a2ff-d172894d785c"/>
               <code code="34067-9" codeSystem="2.16.840.1.113883.6.1" displayName="INDICATIONS &amp; USAGE SECTION"/>
               <title>Uses</title>
               <text>
                  <paragraph/>
                  <list listType="unordered">
                     <item>temporarily relieves minor aches and pains due to:<list listType="unordered">
                           <item>headache</item>
                           <item>toothache</item>
                           <item>backache</item>
                           <item>menstrual cramps</item>
                           <item>the common cold</item>
                           <item>muscular aches</item>
                           <item>minor pain of arthritis</item>
                        </list>
                     </item>
                     <item>temporarily reduces fever</item>
                  </list>
               </text>
               <effectiveTime value="20170713"/>
            </section>
         </component>
         <component>
            <section ID="Le9a33d67-0ac6-4e1a-95f6-37b0c01b8aab">
               <id root="ec5cc1e4-0509-440c-93d7-9aee72088d4c"/>
               <code code="34071-1" codeSystem="2.16.840.1.113883.6.1" displayName="WARNINGS SECTION"/>
               <title>Warnings</title>
               <text>
                  <paragraph>
                     <content styleCode="bold">Allergy alert:</content>
                  </paragraph>
                  <paragraph> Ibuprofen may cause a severe allergic reaction, especially in people allergic to aspirin. Symptoms may include:</paragraph>
                  <list listType="unordered">
                     <item>hives</item>
                     <item>facial swelling</item>
                     <item>asthma (wheezing)</item>
                     <item>shock</item>
                     <item>skin reddening</item>
                     <item>rash</item>
                     <item>blisters</item>
                  </list>
                  <paragraph>
                     <content>If an allergic reaction occurs, stop use and seek medical help right away.</content>
                  </paragraph>
                  <paragraph>
                     <content styleCode="bold">Stomach bleeding warning: </content>
                  </paragraph>
                  <paragraph>This product contains an NSAID, which may cause severe stomach bleeding.<content styleCode="bold"/>
                  </paragraph>
                  <paragraph> The chance is higher if you</paragraph>
                  <list listType="unordered">
                     <item>are age 60 or older</item>
                     <item>have had stomach ulcers or bleeding problems</item>
                     <item>take a blood thinning (anticoagulant) or steroid drug</item>
                     <item>take other drugs containing prescription or nonprescription NSAIDs [aspirin, ibuprofen, naproxen, or others]</item>
                     <item>have 3 or more alcoholic drinks every day while using this product</item>
                     <item>take more or for a longer time than directed</item>
                  </list>
                  <paragraph>
                     <content styleCode="bold">Heart attack and stroke warning</content>
                     <content/>
                  </paragraph>
                  <paragraph>NSAIDs, except aspirin, increase the risk of heart attack, heart failure, and stroke. These can be fatal. The risk is higher if you use more than directed or for longer than directed.</paragraph>
               </text>
               <effectiveTime value="20170713"/>
               <component>
                  <section ID="Lf726f548-bace-4ff3-a752-0e546eaea957">
                     <id root="7d0fb256-9340-43ac-9f07-4386b14bba9f"/>
                     <code code="50570-1" codeSystem="2.16.840.1.113883.6.1" displayName="OTC - DO NOT USE SECTION"/>
                     <title>Do not use</title>
                     <text>
                        <paragraph/>
                        <list listType="unordered">
                           <item>if you have ever had an allergic reaction to any other pain reliever/fever reducer</item>
                           <item>right before or after heart surgery</item>
                        </list>
                     </text>
                     <effectiveTime value="20170713"/>
                  </section>
               </component>
               <component>
                  <section ID="Lb71f3e6e-2265-4ab1-82da-14b6fab4b771">
                     <id root="a61f1bb9-90b3-41e2-acfa-d5eea958e8c4"/>
                     <code code="50569-3" codeSystem="2.16.840.1.113883.6.1" displayName="OTC - ASK DOCTOR SECTION"/>
                     <title>Ask a doctor before use if</title>
                     <text>
                        <list listType="unordered">
                           <item>stomach bleeding warning applies to you</item>
                           <item>you have problems or serious side effects from taking pain relievers or fever reducers</item>
                           <item>you have a history of stomach problems, such as heartburn</item>
                           <item>you have high blood pressure, heart disease, liver cirrhosis, kidney disease, asthma, or had a stroke</item>
                           <item>you are taking a diuretic</item>
                        </list>
                     </text>
                     <effectiveTime value="20170713"/>
                  </section>
               </component>
               <component>
                  <section ID="L81381366-ef99-473d-bbdf-0bcd7a61e2fe">
                     <id root="a6bb08cd-f885-40a9-b39e-3769ccdd9714"/>
                     <code code="50568-5" codeSystem="2.16.840.1.113883.6.1" displayName="OTC - ASK DOCTOR/PHARMACIST SECTION"/>
                     <title>Ask a doctor or pharmacist before use if you are</title>
                     <text>
                        <list listType="unordered">
                           <item>under a doctor's care for any serious conditon</item>
                           <item>taking aspirin for heart attack or stroke, because ibuprofen may decrease this benefit of aspirin</item>
                           <item>taking any other drug</item>
                        </list>
                     </text>
                     <effectiveTime value="20170713"/>
                  </section>
               </component>
               <component>
                  <section ID="L46c0ae20-97a5-4395-bc26-7d9ea42935e4">
                     <id root="01b4c56a-427b-4a63-8947-e1594b83c0bf"/>
                     <code code="50567-7" codeSystem="2.16.840.1.113883.6.1" displayName="OTC - WHEN USING SECTION"/>
                     <title>When using this product</title>
                     <text>
                        <list listType="unordered">
                           <item>take with food or milk if stomach upset occurs</item>
                        </list>
                     </text>
                     <effectiveTime value="20170713"/>
                  </section>
               </component>
               <component>
                  <section ID="L3c7a9984-9210-4353-b6ad-1c45498481ef">
                     <id root="22d21b6c-9df4-43d7-ad86-671e2441e1e0"/>
                     <code code="50566-9" codeSystem="2.16.840.1.113883.6.1" displayName="OTC - STOP USE SECTION"/>
                     <title>Stop use and ask a doctor if</title>
                     <text>
                        <list listType="unordered">
                           <item>you experience any of the following signs of stomach bleeding:<list listType="unordered">
                                 <item>feel faint</item>
                                 <item>vomit blood</item>
                                 <item>have bloody or black stools</item>
                                 <item>have stomach pain that does not get better</item>
                              </list>
                           </item>
                           <item>you have symptoms of heart problems or stroke:<list listType="unordered">
                                 <item>chest pain</item>
                                 <item>trouble breathing</item>
                                 <item>weakness in one part or side of body</item>
                                 <item>slurred speech</item>
                                 <item>leg swelling</item>
                              </list>
                           </item>
                           <item>pain gets worse or lasts more than 10 days</item>
                           <item>fever gets worse or lasts more than 3 days</item>
                           <item>redness or swelling is present in the painful area</item>
                           <item>any new symptoms appear</item>
                        </list>
                     </text>
                     <effectiveTime value="20170713"/>
                  </section>
               </component>
               <component>
                  <section ID="Lfad7b4dd-0038-4084-a261-0a4c68ad710f">
                     <id root="aec96a16-450c-4613-86c0-35c6bf0ca380"/>
                     <code code="53414-9" codeSystem="2.16.840.1.113883.6.1" displayName="OTC - PREGNANCY OR BREAST FEEDING SECTION"/>
                     <title/>
                     <text>
                        <paragraph>
                           <content styleCode="bold">If pregnant or breast-feeding</content>, ask a health professional before use. It is especially important not to use ibuprofen during the last 3 months of pregnancy unless definitely directed to do so by a doctor because it may cause problems in the unborn child or complications during delivery.</paragraph>
                     </text>
                     <effectiveTime value="20170713"/>
                  </section>
               </component>
               <component>
                  <section ID="L05009a3a-bf14-4172-93d0-fd6d3f470713">
                     <id root="bef7f999-d9de-4d70-ae00-92d1d95f4cca"/>
                     <code code="50565-1" codeSystem="2.16.840.1.113883.6.1" displayName="OTC - KEEP OUT OF REACH OF CHILDREN SECTION"/>
                     <title/>
                     <text>
                        <paragraph>
                           <content styleCode="bold">Keep out of reach of children</content>. In case of overdose, get medical help or contact a Poison Control Center right away. </paragraph>
                     </text>
                     <effectiveTime value="20170713"/>
                  </section>
               </component>
            </section>
         </component>
         <component>
            <section ID="Lfcf2d78c-9ed8-47ea-adf0-eb84c522b5fb">
               <id root="d6b30b58-a624-4c33-83e7-0307c744b4f2"/>
               <code code="34068-7" codeSystem="2.16.840.1.113883.6.1" displayName="DOSAGE &amp; ADMINISTRATION SECTION"/>
               <title>Directions</title>
               <text>
                  <list listType="unordered">
                     <item>
                        <content styleCode="bold">do not take more than directed</content>
                     </item>
                     <item>
                        <content styleCode="bold">the smallest effective dose should be used</content>
                     </item>
                     <item>adults and children 12 years and over: take 1 capsule every 4 to 6 hours while symptoms persist</item>
                     <item>if pain or fever does not respond to 1 capsule, 2 capsules may be used</item>
                     <item>do not exceed 6 capsules in 24 hours, unless directed by a doctor</item>
                     <item>children under 12 years: ask a doctor</item>
                  </list>
               </text>
               <effectiveTime value="20170713"/>
            </section>
         </component>
         <component>
            <section ID="Le55119bb-ed73-43f7-9287-2a2d07313803">
               <id root="2c2012cd-fc58-40df-bc40-b136d4461ba4"/>
               <code code="44425-7" codeSystem="2.16.840.1.113883.6.1" displayName="STORAGE AND HANDLING SECTION"/>
               <title>Other information</title>
               <text>
                  <list listType="unordered">
                     <item>each capsule contains: <content styleCode="bold">potassium 20 mg</content>
                     </item>
                     <item>read all warnings and directions before use. Keep carton.</item>
                     <item>store at 20°-25°C (68°-77°F)</item>
                     <item>avoid excessive heat above 40°C (104°F)</item>
                  </list>
               </text>
               <effectiveTime value="20170713"/>
            </section>
         </component>
         <component>
            <section ID="L9bb92340-502f-409d-a89b-0eed37494c88">
               <id root="e90e19e0-39e2-4315-8ea7-904043b2e1f5"/>
               <code code="51727-6" codeSystem="2.16.840.1.113883.6.1" displayName="INACTIVE INGREDIENT SECTION"/>
               <title>Inactive ingredients</title>
               <text>
                  <paragraph>gelatin, medium-chain triglycerides, polyethylene glycol, potassium hydroxide, purified water, sorbitol sorbitan solution, and white ink</paragraph>
               </text>
               <effectiveTime value="20170713"/>
            </section>
         </component>
         <component>
            <section ID="L383e5a25-6e1e-492d-848b-ce7dd7cbc38c">
               <id root="76bc31fd-16ed-473e-a059-f87d47ff3a4a"/>
               <code code="53413-1" codeSystem="2.16.840.1.113883.6.1" displayName="OTC - QUESTIONS SECTION"/>
               <title>Questions or commonts ?</title>
               <text>
                  <paragraph>Call toll free: <content styleCode="bold">248-449-9300</content>
                  </paragraph>
               </text>
               <effectiveTime value="20170713"/>
            </section>
         </component>
         <component>
            <section ID="Lb6812809-7695-4aab-a58a-8560b95b6e26">
               <id root="8554139a-6506-46aa-9605-0e6addf28726"/>
               <code code="51945-4" codeSystem="2.16.840.1.113883.6.1" displayName="PACKAGE LABEL.PRINCIPAL DISPLAY PANEL"/>
               <title>PRINCIPAL DISPLAY PANEL - 40ct</title>
               <text>
                  <paragraph>Ibuprofen Capsules, 200 mg</paragraph>
                  <paragraph>Pain Reliever/Fever Reducer (NSAID)</paragraph>
                  <paragraph>40 Liquid Filled Capsules</paragraph>
                  <paragraph>NDC 63868-281-40</paragraph>
                  <paragraph>
                     <renderMultiMedia referencedObject="Lc35f9513-8a5b-4215-bc9c-6905f3c34adf"/>
                  </paragraph>
                  <paragraph>
                     <renderMultiMedia referencedObject="Lf39957ee-d51d-416a-a11f-6f55f60aa916"/>
                  </paragraph>
                  <paragraph/>
                  <paragraph>
                     <renderMultiMedia referencedObject="Lcd24eb65-8636-4f80-b64a-1762911514e2"/>
                  </paragraph>
                  <paragraph>
                     <renderMultiMedia referencedObject="Laf654a90-2c11-4f44-bdca-b2aef2621dcb"/>
                  </paragraph>
               </text>
               <effectiveTime value="20191230"/>
               <component>
                  <observationMedia ID="Lc35f9513-8a5b-4215-bc9c-6905f3c34adf">
                     <text>Carton Front 40ct</text>
                     <value mediaType="image/jpeg" xsi:type="ED">
                        <reference value="CDMA16-01 front.jpg"/>
                     </value>
                  </observationMedia>
               </component>
               <component>
                  <observationMedia ID="Lf39957ee-d51d-416a-a11f-6f55f60aa916">
                     <text>Carton Back 40ct</text>
                     <value mediaType="image/jpeg" xsi:type="ED">
                        <reference value="CDMA16-01 back.jpg"/>
                     </value>
                  </observationMedia>
               </component>
               <component>
                  <observationMedia ID="Lcd24eb65-8636-4f80-b64a-1762911514e2">
                     <text>Bottle Front 40ct</text>
                     <value mediaType="image/jpeg" xsi:type="ED">
                        <reference value="CDMA15-01 front.jpg"/>
                     </value>
                  </observationMedia>
               </component>
               <component>
                  <observationMedia ID="Laf654a90-2c11-4f44-bdca-b2aef2621dcb">
                     <text>Bottle Front 40ct</text>
                     <value mediaType="image/jpeg" xsi:type="ED">
                        <reference value="CDMA15-01 back.jpg"/>
                     </value>
                  </observationMedia>
               </component>
            </section>
         </component>
         <component>
            <section ID="L8de9177f-9f3a-4bce-a8e7-713e16b0fa47">
               <id root="182ba836-3f7e-443e-ba28-86dec39693ce"/>
               <code code="51945-4" codeSystem="2.16.840.1.113883.6.1" displayName="PACKAGE LABEL.PRINCIPAL DISPLAY PANEL"/>
               <title>PRINCIPAL DISPLAY PANEL - 80ct</title>
               <text>
                  <paragraph>Ibuprofen Capsules, 200 mg</paragraph>
                  <paragraph>Pain Reliever/Fever Reducer (NSAID)</paragraph>
                  <paragraph>80 Liquid Filled Capsules</paragraph>
                  <paragraph>NDC 63868-281-80</paragraph>
                  <paragraph>
                     <renderMultiMedia referencedObject="L3255f2b5-3e79-4822-8172-752b2b0dd953"/>
                  </paragraph>
                  <paragraph>
                     <renderMultiMedia referencedObject="L7f792749-26a8-4b93-a93f-306867f796fb"/>
                  </paragraph>
                  <paragraph/>
                  <paragraph>
                     <renderMultiMedia referencedObject="L2189b2b1-f8c6-4bf8-8bee-73cac096af48"/>
                  </paragraph>
                  <paragraph>
                     <renderMultiMedia referencedObject="Lfaffe283-5694-4aa3-b7f5-86d860e2c85b"/>
                  </paragraph>
               </text>
               <effectiveTime value="20191230"/>
               <component>
                  <observationMedia ID="L3255f2b5-3e79-4822-8172-752b2b0dd953">
                     <text>Carton Front 80ct</text>
                     <value mediaType="image/jpeg" xsi:type="ED">
                        <reference value="CDMA18-01 front.jpg"/>
                     </value>
                  </observationMedia>
               </component>
               <component>
                  <observationMedia ID="L7f792749-26a8-4b93-a93f-306867f796fb">
                     <text>Carton Back 80ct</text>
                     <value mediaType="image/jpeg" xsi:type="ED">
                        <reference value="CDMA18-01 back.jpg"/>
                     </value>
                  </observationMedia>
               </component>
               <component>
                  <observationMedia ID="L2189b2b1-f8c6-4bf8-8bee-73cac096af48">
                     <text>Bottle Front 80ct</text>
                     <value mediaType="image/jpeg" xsi:type="ED">
                        <reference value="CDMA17-01 front.jpg"/>
                     </value>
                  </observationMedia>
               </component>
               <component>
                  <observationMedia ID="Lfaffe283-5694-4aa3-b7f5-86d860e2c85b">
                     <text>Bottle Front 80ct</text>
                     <value mediaType="image/jpeg" xsi:type="ED">
                        <reference value="CDMA17-01 back.jpg"/>
                     </value>
                  </observationMedia>
               </component>
            </section>
         </component>
      </structuredBody>
   </component>
</document>