<?xml version="1.0" encoding="UTF-8"?><?xml-stylesheet href="http://www.accessdata.fda.gov/spl/stylesheet/spl.xsl" type="text/xsl"?>
<document xmlns="urn:hl7-org:v3" xmlns:xsi="http://www.w3.org/2001/XMLSchema-instance" xsi:schemaLocation="urn:hl7-org:v3 https://www.accessdata.fda.gov/spl/schema/spl.xsd">
   <id root="243f96ea-b46a-43a9-b20b-d545564ebfaa"/>
   <code code="34390-5" displayName="HUMAN OTC DRUG LABEL" codeSystem="2.16.840.1.113883.6.1"/>
   <title>Drug Facts</title>
   <effectiveTime value="20191016"/>
   <setId root="e5635f74-b333-4169-ad15-8f64c8b0f43d"/>
   <versionNumber value="3"/>
   <author>
      <time/>
      <assignedEntity>
         <representedOrganization>
            <id extension="006922009" root="1.3.6.1.4.1.519.1"/>
            <name>Publix Supermarkets, Inc.</name>
         </representedOrganization>
      </assignedEntity>
   </author>
   <component>
      <structuredBody>
         <component>
            <section>
               <id root="86c6b33c-9fbc-4f9e-b0cb-22d51292ba99"/>
               <code code="48780-1" displayName="SPL LISTING DATA ELEMENTS SECTION" codeSystem="2.16.840.1.113883.6.1"/>
               <effectiveTime value="20191016"/>
               <subject>
                  <manufacturedProduct>
                     <manufacturedProduct>
                        <code code="56062-174" codeSystem="2.16.840.1.113883.6.69"/>
                        <name>Naproxen Sodium</name>
                        <formCode code="C42954" displayName="CAPSULE, LIQUID FILLED" codeSystem="2.16.840.1.113883.3.26.1.1"/>
                        <asEntityWithGeneric>
                           <genericMedicine>
                              <name>Naproxen Sodium</name>
                           </genericMedicine>
                        </asEntityWithGeneric>
                        <ingredient classCode="ACTIB">
                           <quantity>
                              <numerator unit="mg" value="220"/>
                              <denominator unit="1" value="1"/>
                           </quantity>
                           <ingredientSubstance>
                              <code code="9TN87S3A3C" codeSystem="2.16.840.1.113883.4.9"/>
                              <name>NAPROXEN SODIUM</name>
                              <activeMoiety>
                                 <activeMoiety>
                                    <code code="57Y76R9ATQ" codeSystem="2.16.840.1.113883.4.9"/>
                                    <name>NAPROXEN</name>
                                 </activeMoiety>
                              </activeMoiety>
                           </ingredientSubstance>
                        </ingredient>
                        <ingredient classCode="IACT">
                           <ingredientSubstance>
                              <code code="H3R47K3TBD" codeSystem="2.16.840.1.113883.4.9"/>
                              <name>FD&amp;C BLUE NO. 1</name>
                           </ingredientSubstance>
                        </ingredient>
                        <ingredient classCode="IACT">
                           <ingredientSubstance>
                              <code code="2G86QN327L" codeSystem="2.16.840.1.113883.4.9"/>
                              <name>GELATIN</name>
                           </ingredientSubstance>
                        </ingredient>
                        <ingredient classCode="IACT">
                           <ingredientSubstance>
                              <code code="PDC6A3C0OX" codeSystem="2.16.840.1.113883.4.9"/>
                              <name>GLYCERIN</name>
                           </ingredientSubstance>
                        </ingredient>
                        <ingredient classCode="IACT">
                           <ingredientSubstance>
                              <code code="33X04XA5AT" codeSystem="2.16.840.1.113883.4.9"/>
                              <name>LACTIC ACID</name>
                           </ingredientSubstance>
                        </ingredient>
                        <ingredient classCode="IACT">
                           <ingredientSubstance>
                              <code code="3OWL53L36A" codeSystem="2.16.840.1.113883.4.9"/>
                              <name>MANNITOL</name>
                           </ingredientSubstance>
                        </ingredient>
                        <ingredient classCode="IACT">
                           <ingredientSubstance>
                              <code code="NL4J9F21N9" codeSystem="2.16.840.1.113883.4.9"/>
                              <name>POLYETHYLENE GLYCOL 600</name>
                           </ingredientSubstance>
                        </ingredient>
                        <ingredient classCode="IACT">
                           <ingredientSubstance>
                              <code code="U725QWY32X" codeSystem="2.16.840.1.113883.4.9"/>
                              <name>POVIDONE K30</name>
                           </ingredientSubstance>
                        </ingredient>
                        <ingredient classCode="IACT">
                           <ingredientSubstance>
                              <code code="6DC9Q167V3" codeSystem="2.16.840.1.113883.4.9"/>
                              <name>PROPYLENE GLYCOL</name>
                           </ingredientSubstance>
                        </ingredient>
                        <ingredient classCode="IACT">
                           <ingredientSubstance>
                              <code code="059QF0KO0R" codeSystem="2.16.840.1.113883.4.9"/>
                              <name>WATER</name>
                           </ingredientSubstance>
                        </ingredient>
                        <ingredient classCode="IACT">
                           <ingredientSubstance>
                              <code code="6O92ICV9RU" codeSystem="2.16.840.1.113883.4.9"/>
                              <name>SORBITAN</name>
                           </ingredientSubstance>
                        </ingredient>
                        <ingredient classCode="IACT">
                           <ingredientSubstance>
                              <code code="506T60A25R" codeSystem="2.16.840.1.113883.4.9"/>
                              <name>SORBITOL</name>
                           </ingredientSubstance>
                        </ingredient>
                        <asContent>
                           <quantity>
                              <numerator unit="1" value="40"/>
                              <denominator value="1"/>
                           </quantity>
                           <containerPackagedProduct>
                              <code/>
                              <formCode code="C43173" displayName="BOTTLE, PLASTIC" codeSystem="2.16.840.1.113883.3.26.1.1"/>
                              <asContent>
                                 <quantity>
                                    <numerator unit="1" value="1"/>
                                    <denominator value="1"/>
                                 </quantity>
                                 <containerPackagedProduct>
                                    <code code="56062-174-40" codeSystem="2.16.840.1.113883.6.69"/>
                                    <formCode code="C43178" displayName="BOX" codeSystem="2.16.840.1.113883.3.26.1.1"/>
                                 </containerPackagedProduct>
                                 <subjectOf>
                                    <marketingAct>
                                       <code code="C53292" codeSystem="2.16.840.1.113883.3.26.1.1"/>
                                       <statusCode code="active"/>
                                       <effectiveTime>
                                          <low value="20150630"/>
                                       </effectiveTime>
                                    </marketingAct>
                                 </subjectOf>
                              </asContent>
                           </containerPackagedProduct>
                           <subjectOf>
                              <characteristic>
                                 <code code="SPLCMBPRDTP" codeSystem="2.16.840.1.113883.1.11.19255"/>
                                 <value code="C112160" displayName="Type 0: Not a Combination Product" codeSystem="2.16.840.1.113883.3.26.1.1" xsi:type="CV"/>
                              </characteristic>
                           </subjectOf>
                        </asContent>
                     </manufacturedProduct>
                     <subjectOf>
                        <approval>
                           <id extension="NDA021920" root="2.16.840.1.113883.3.150"/>
                           <code code="C73594" displayName="NDA" codeSystem="2.16.840.1.113883.3.26.1.1"/>
                           <author>
                              <territorialAuthority>
                                 <territory>
                                    <code code="USA" codeSystem="2.16.840.1.113883.5.28"/>
                                 </territory>
                              </territorialAuthority>
                           </author>
                        </approval>
                     </subjectOf>
                     <subjectOf>
                        <marketingAct>
                           <code code="C53292" codeSystem="2.16.840.1.113883.3.26.1.1"/>
                           <statusCode code="active"/>
                           <effectiveTime>
                              <low value="20150630"/>
                           </effectiveTime>
                        </marketingAct>
                     </subjectOf>
                     <subjectOf>
                        <characteristic classCode="OBS">
                           <code code="SPLCOLOR" codeSystem="2.16.840.1.113883.1.11.19255"/>
                           <value code="C48333" displayName="BLUE" codeSystem="2.16.840.1.113883.3.26.1.1" xsi:type="CV"/>
                        </characteristic>
                     </subjectOf>
                     <subjectOf>
                        <characteristic classCode="OBS">
                           <code code="SPLIMPRINT" codeSystem="2.16.840.1.113883.1.11.19255"/>
                           <value xsi:type="ST">NPX</value>
                        </characteristic>
                     </subjectOf>
                     <subjectOf>
                        <characteristic classCode="OBS">
                           <code code="SPLSCORE" codeSystem="2.16.840.1.113883.1.11.19255"/>
                           <value value="1" xsi:type="INT"/>
                        </characteristic>
                     </subjectOf>
                     <subjectOf>
                        <characteristic classCode="OBS">
                           <code code="SPLSHAPE" codeSystem="2.16.840.1.113883.1.11.19255"/>
                           <value code="C48336" displayName="CAPSULE" codeSystem="2.16.840.1.113883.3.26.1.1" xsi:type="CV"/>
                        </characteristic>
                     </subjectOf>
                     <subjectOf>
                        <characteristic classCode="OBS">
                           <code code="SPLSIZE" codeSystem="2.16.840.1.113883.1.11.19255"/>
                           <value unit="mm" value="21" xsi:type="PQ"/>
                        </characteristic>
                     </subjectOf>
                     <consumedIn>
                        <substanceAdministration>
                           <routeCode code="C38288" displayName="ORAL" codeSystem="2.16.840.1.113883.3.26.1.1"/>
                        </substanceAdministration>
                     </consumedIn>
                  </manufacturedProduct>
               </subject>
            </section>
         </component>
         <component>
            <section ID="LINK_d9feb091-6044-4bda-9561-ad7896bdf9c1">
               <id root="c4fd4310-5e3e-44b3-8562-4cb58f467e55"/>
               <code code="55106-9" codeSystem="2.16.840.1.113883.6.1" displayName="OTC - ACTIVE INGREDIENT SECTION"/>
               <title>Active ingredient (in each capsule)</title>
               <text>
                  <paragraph>
                     <content styleCode="bold">Naproxen sodium 220 mg </content>
                  </paragraph>
                  <paragraph>
                     <content styleCode="bold">(naproxen 200 mg) (NSAID)* </content>
                  </paragraph>
                  <paragraph>
                     <content styleCode="bold">*nonsteroidal anti-inflammatory drug</content>
                  </paragraph>
               </text>
               <effectiveTime value="20191016"/>
            </section>
         </component>
         <component>
            <section ID="LINK_710a7135-961a-4ef0-ad51-a222398ada51">
               <id root="a7e4c68c-941a-49a9-8480-d8ec51c35286"/>
               <code code="55105-1" codeSystem="2.16.840.1.113883.6.1" displayName="OTC - PURPOSE SECTION"/>
               <title>Purposes</title>
               <text>
                  <paragraph>
                     <content styleCode="bold">Pain reliever/fever reducer</content>
                  </paragraph>
               </text>
               <effectiveTime value="20191016"/>
            </section>
         </component>
         <component>
            <section ID="LINK_b91164c3-5df8-44d5-9b00-c3ce4b276646">
               <id root="383ac12a-85be-49df-9657-6ce8f3d10f87"/>
               <code code="34067-9" codeSystem="2.16.840.1.113883.6.1" displayName="INDICATIONS &amp; USAGE SECTION"/>
               <title>Uses</title>
               <text>
                  <list listType="unordered" styleCode="Disk">
                     <item>temporarily relieves minor aches and pains due to:
<list listType="unordered" styleCode="Circle">
                           <item>minor pain or arthritis</item>
                           <item>muscular aches</item>
                           <item>backache</item>
                           <item>menstrual cramps</item>
                           <item>headache</item>
                           <item>toothache</item>
                           <item>the common cold</item>
                        </list>
                     </item>
                     <item>temporarily reduces fever </item>
                  </list>
               </text>
               <effectiveTime value="20191016"/>
            </section>
         </component>
         <component>
            <section ID="LINK_9bea602b-e25a-4268-a616-3242b82aa6f4">
               <id root="7ceecda1-9f8d-4ede-a344-b4547e1d8b48"/>
               <code code="34071-1" codeSystem="2.16.840.1.113883.6.1" displayName="WARNINGS SECTION"/>
               <title>Warnings</title>
               <text>
                  <paragraph>
                     <content styleCode="bold">Allergy alert:</content> Naproxen sodium may cause a severe allergic reaction, especially in people allergic to aspirin. Symptoms may include:</paragraph>
                  <list listType="unordered" styleCode="Disk">
                     <item>hives </item>
                     <item>facial swelling </item>
                     <item>asthma (wheezing) </item>
                     <item>shock </item>
                     <item>skin reddening </item>
                     <item>rash </item>
                     <item>blisters</item>
                  </list>
                  <paragraph>If an allergic reaction occurs, stop use and seek medical help right away.</paragraph>
                  <paragraph>
                     <content styleCode="bold">Stomach bleeding warning:</content> This product contains an NSAID, which may cause severe stomach bleeding. The chance is higher if you:</paragraph>
                  <list listType="unordered" styleCode="Disk">
                     <item>are age 60 or older </item>
                     <item>have had stomach ulcers or bleeding problems </item>
                     <item>take a blood thinning (anticoagulant) or steroid drug </item>
                     <item>have 3 or more alcoholic drinks every day while using this product </item>
                     <item>take other drugs containing prescription or nonprescription NSAIDs (aspirin, ibuprofen, naproxen, or others) </item>
                     <item>take more or for a longer time than directed</item>
                  </list>
                  <paragraph>
                     <content styleCode="bold">Heart attack and stroke warning: </content>NSAIDs, except aspirin, increase the risk of heart attack, heart failure, and stroke. These can be fatal. The risk is higher if you use more than directed or for longer than directed.</paragraph>
               </text>
               <effectiveTime value="20191016"/>
               <component>
                  <section ID="LINK_324df9c6-68f7-4de2-9f57-fcfbccb7b377">
                     <id root="76502bcc-10ec-4f94-abd4-ea583b69ff25"/>
                     <code code="50570-1" codeSystem="2.16.840.1.113883.6.1" displayName="OTC - DO NOT USE SECTION"/>
                     <title>Do not use</title>
                     <text>
                        <list listType="unordered" styleCode="Disk">
                           <item>if you have ever had an allergic reaction to any other pain reliever/fever reducer </item>
                           <item>right before or after heart surgery</item>
                        </list>
                     </text>
                     <effectiveTime value="20191016"/>
                  </section>
               </component>
               <component>
                  <section ID="LINK_30daf379-f66d-438d-8dbd-02a93cc7e593">
                     <id root="6cb44022-b90c-486d-8247-711f12d17dc7"/>
                     <code code="50569-3" codeSystem="2.16.840.1.113883.6.1" displayName="OTC - ASK DOCTOR SECTION"/>
                     <title>Ask a doctor before use if</title>
                     <text>
                        <list listType="unordered" styleCode="Disk">
                           <item>the stomach bleeding warning applies to you </item>
                           <item>you have a history of stomach problems, such as heartburn </item>
                           <item>you have high blood pressure, heart disease, liver cirrhosis, kidney disease, asthma, or had a stroke </item>
                           <item>you have problems or serious side effects from taking pain relievers or fever reducers </item>
                           <item>you are taking a diuretic</item>
                           <item>you have problems or serious side effects from taking pain relievers or fever reducers</item>
                        </list>
                     </text>
                     <effectiveTime value="20191016"/>
                  </section>
               </component>
               <component>
                  <section ID="LINK_90a979d2-c0bd-45be-b764-223a88e19ab3">
                     <id root="4b2a728d-e2be-40c4-b7ae-e297a6c012f4"/>
                     <code code="50568-5" codeSystem="2.16.840.1.113883.6.1" displayName="OTC - ASK DOCTOR/PHARMACIST SECTION"/>
                     <title>Ask a doctor or pharmacist before use if you are</title>
                     <text>
                        <list listType="unordered" styleCode="Disk">
                           <item>under a doctor’s care for any serious condition </item>
                           <item>taking any other drug</item>
                        </list>
                     </text>
                     <effectiveTime value="20191016"/>
                  </section>
               </component>
               <component>
                  <section ID="LINK_bd9eb249-8202-4b38-a153-7676616608e3">
                     <id root="1741b5ec-b3ae-4e14-8144-8085c2295c9a"/>
                     <code code="50567-7" codeSystem="2.16.840.1.113883.6.1" displayName="OTC - WHEN USING SECTION"/>
                     <title>When using this product</title>
                     <text>
                        <list listType="unordered" styleCode="Disk">
                           <item>take with food or milk if stomach upset occurs </item>
                        </list>
                     </text>
                     <effectiveTime value="20191016"/>
                  </section>
               </component>
               <component>
                  <section ID="LINK_bb2ede1e-a381-4d88-8149-904892116f02">
                     <id root="1e17600f-caa7-49ba-8851-399c001119a4"/>
                     <code code="50566-9" codeSystem="2.16.840.1.113883.6.1" displayName="OTC - STOP USE SECTION"/>
                     <title>Stop use and ask a doctor if</title>
                     <text>
                        <list listType="unordered" styleCode="Disk">
                           <item>you experience any of the following signs of stomach bleeding: 
<list listType="unordered" styleCode="Circle">
                                 <item>feel faint </item>
                                 <item>have bloody or black stools </item>
                                 <item>vomit blood </item>
                                 <item>have stomach pain that does not get better</item>
                              </list>
                           </item>
                           <item>you have symptoms of heart problems or stroke:
<list listType="unordered" styleCode="Circle">
                                 <item>chest pain </item>
                                 <item>slurred speech</item>
                                 <item>leg swelling</item>
                                 <item>trouble breathing</item>
                                 <item>weakness in one part or side of body</item>
                              </list>
                           </item>
                           <item>pain gets worse or lasts more than 10 days </item>
                           <item>fever gets worse or lasts more than 3 days </item>
                           <item>redness or swelling is present in the painful area </item>
                           <item>any new symptoms appear </item>
                           <item>you have difficulty swallowing </item>
                           <item>it feels like the capsule is stuck in your throat </item>
                        </list>
                     </text>
                     <effectiveTime value="20191016"/>
                  </section>
               </component>
               <component>
                  <section ID="LINK_5a49c31c-2c0b-4bf2-8b2c-7a7de9686cd5">
                     <id root="345da8ee-77a3-4572-806a-f83e5d1d3776"/>
                     <code code="53414-9" codeSystem="2.16.840.1.113883.6.1" displayName="OTC - PREGNANCY OR BREAST FEEDING SECTION"/>
                     <title>If pregnant or breast-feeding,</title>
                     <text>
                        <paragraph>ask a health professional before use. It is especially important not to use naproxen sodium during the last 3 months of pregnancy unless definitely directed to do so by a doctor because it may cause problems in the unborn child or complications during delivery.</paragraph>
                     </text>
                     <effectiveTime value="20191016"/>
                  </section>
               </component>
               <component>
                  <section ID="LINK_8baafca0-f1c2-49b6-b7e3-6d969323de4b">
                     <id root="c17637da-5b33-4c7e-9311-71eab8a0cd34"/>
                     <code code="50565-1" codeSystem="2.16.840.1.113883.6.1" displayName="OTC - KEEP OUT OF REACH OF CHILDREN SECTION"/>
                     <title>Keep out of reach of children.</title>
                     <text>
                        <paragraph>In case of overdose, get medical help or contact a Poison Control Center right away. (1-800-222-1222)</paragraph>
                     </text>
                     <effectiveTime value="20191016"/>
                  </section>
               </component>
            </section>
         </component>
         <component>
            <section ID="LINK_f35358d6-e360-402f-bb53-5fe1f319910a">
               <id root="6c99f6ff-6f34-4630-a0db-b8c785462d72"/>
               <code code="34068-7" codeSystem="2.16.840.1.113883.6.1" displayName="DOSAGE &amp; ADMINISTRATION SECTION"/>
               <title>Directions</title>
               <text>
                  <list listType="unordered" styleCode="Disk">
                     <item>
                        <content styleCode="bold">do not take more than directed </content>
                     </item>
                     <item>
                        <content styleCode="bold">the smallest effective dose should be used </content>
                     </item>
                     <item>drink a full glass of water with each dose </item>
                     <item>if taken with food, this product may take longer to work </item>
                     <item>adults and children 12 years and older: 
<list listType="unordered" styleCode="Circle">
                           <item>take 1 capsule every 8 to 12 hours while symptoms last </item>
                           <item>for the first dose you may take 2 capsules within the first hour </item>
                           <item>do not exceed 2 capsules in any 8- to 12-hour period </item>
                           <item>do not exceed 3 capsules in a 24-hour period</item>
                        </list>
                     </item>
                     <item>children under 12 years: ask a doctor</item>
                  </list>
               </text>
               <effectiveTime value="20191016"/>
            </section>
         </component>
         <component>
            <section ID="LINK_12c11468-1555-4dd5-ab0f-542cc74d7ecf">
               <id root="0fe0e364-226f-4887-81c5-7348b87e5bba"/>
               <code code="44425-7" codeSystem="2.16.840.1.113883.6.1" displayName="STORAGE AND HANDLING SECTION"/>
               <title>Other information</title>
               <text>
                  <list listType="unordered" styleCode="Disk">
                     <item>
                        <content styleCode="bold">each capsule contains: </content>sodium 20 mg  </item>
                     <item>store at 20-25°C (68-77°F). Avoid high humidity and excessive heat above 40°C (104°F). </item>
                     <item>read all directions and warnings before use. Keep carton.</item>
                  </list>
               </text>
               <effectiveTime value="20191016"/>
            </section>
         </component>
         <component>
            <section ID="LINK_ad6c739d-371e-498b-9722-3f9906b1ad64">
               <id root="c4e367a4-9b53-4e8f-a906-2c1bcbf9c097"/>
               <code code="51727-6" codeSystem="2.16.840.1.113883.6.1" displayName="INACTIVE INGREDIENT SECTION"/>
               <title>Inactive ingredients</title>
               <text>
                  <paragraph>FD&amp;C blue #1, gelatin, glycerin, lactic acid, mannitol, pharmaceutical ink, polyethylene glycol 600, povidone K30, propylene glycol, purified water, sorbitan, sorbitol</paragraph>
               </text>
               <effectiveTime value="20191016"/>
            </section>
         </component>
         <component>
            <section ID="LINK_5dfa9093-bbc0-4947-b1f0-9e6eb2a6a685">
               <id root="839ccce9-74db-4321-90d7-23fd65af4829"/>
               <code code="51945-4" codeSystem="2.16.840.1.113883.6.1" displayName="PACKAGE LABEL.PRINCIPAL DISPLAY PANEL"/>
               <title>Principal Display Panel</title>
               <text>
                  <paragraph>all<content styleCode="bold">dayrelief</content>
                  </paragraph>
                  <paragraph>NAPROXEN SODIUM CAPSULES, 220 MG</paragraph>
                  <paragraph>
                     <content styleCode="bold">PAIN RELIEVER / FEVER REDUCER (NSAID)</content>
                  </paragraph>
                  <paragraph>STRENGTH TO LAST 12 HOURS</paragraph>
                  <paragraph>LIQUID-FILLED CAPSULES</paragraph>
                  <paragraph>†Compare to the active ingredient in Aleve®</paragraph>
                  <paragraph>†This product is not manufactured or distributed by Bayer Healthcare, LLC, distributor of Aleve®.</paragraph>
                  <paragraph>TAMPER EVIDENT: DO NOT USE IF PRINTED SAFETY SEAL UNDER CAP IS BROKEN OR MISSING.</paragraph>
                  <paragraph>KEEP OUTER CARTON FOR COMPLETE WARNINGS AND PRODUCT INFORMATION.</paragraph>
                  <paragraph>DISTRIBUTED BY PUBLIX SUPER MARKETS, INC.,</paragraph>
                  <paragraph>3300 PUBLIX CORPORATE PARKWAY</paragraph>
                  <paragraph>LAKELAND, FL 33811</paragraph>
                  <paragraph>publix.com</paragraph>
               </text>
               <effectiveTime value="20191016"/>
            </section>
         </component>
         <component>
            <section ID="LINK_75ec08e3-9090-4791-b1c8-b64830f7f090">
               <id root="5d623707-6f03-456c-915f-53beb2ed4196"/>
               <code code="51945-4" codeSystem="2.16.840.1.113883.6.1" displayName="PACKAGE LABEL.PRINCIPAL DISPLAY PANEL"/>
               <title>Product Label</title>
               <text>
                  <renderMultiMedia referencedObject="MM1">
                     <caption>PUBLIX All day relief Naproxen Sodium Capsules 220 mg</caption>
                  </renderMultiMedia>
               </text>
               <effectiveTime value="20191016"/>
               <component>
                  <observationMedia ID="MM1">
                     <text>Naproxen sodium 220 mg (naproxen 200 mg) (NSAID)* *nonsteroidal anti-inflammatory drug</text>
                     <value xsi:type="ED" mediaType="image/jpeg">
                        <reference value="naproxen-sodium-220-mg-softgel-1.jpg"/>
                     </value>
                  </observationMedia>
               </component>
            </section>
         </component>
      </structuredBody>
   </component>
</document>