<?xml version="1.0" encoding="UTF-8"?><?xml-stylesheet href="https://www.accessdata.fda.gov/spl/stylesheet/spl.xsl" type="text/xsl"?>
<document xmlns="urn:hl7-org:v3" xmlns:xsi="http://www.w3.org/2001/XMLSchema-instance" xsi:schemaLocation="urn:hl7-org:v3 https://www.accessdata.fda.gov/spl/schema/spl.xsd">
   <id root="24a1b969-9477-4976-b5ba-daed1aec64b4"/>
   <code code="34390-5" codeSystem="2.16.840.1.113883.6.1" displayName="HUMAN OTC DRUG LABEL"/>
   <title>Rite Aid Corporation Ibuprofen Liquid Gels Drug Facts</title>
   <effectiveTime value="20200320"/>
   <setId root="3746c3ab-4c89-4b0d-bfc0-7227e0390dfc"/>
   <versionNumber value="4"/>
   <author>
      <time/>
      <assignedEntity>
         <representedOrganization>
            <id extension="014578892" root="1.3.6.1.4.1.519.1"/>
            <name>Rite Aid Corporation</name>
         </representedOrganization>
      </assignedEntity>
   </author>
   <component>
      <structuredBody>
         <component>
            <section>
               <id root="9b33049a-b34c-4bc6-8296-26a3921ff8cb"/>
               <code code="48780-1" codeSystem="2.16.840.1.113883.6.1" displayName="SPL product data elements section"/>
               <effectiveTime value="20200320"/>
               <subject>
                  <manufacturedProduct>
                     <manufacturedProduct>
                        <code code="11822-0131" codeSystem="2.16.840.1.113883.6.69"/>
                        <name>ibuprofen</name>
                        <formCode code="C42954" codeSystem="2.16.840.1.113883.3.26.1.1" displayName="CAPSULE, LIQUID FILLED"/>
                        <asEntityWithGeneric>
                           <genericMedicine>
                              <name>Ibuprofen</name>
                           </genericMedicine>
                        </asEntityWithGeneric>
                        <ingredient classCode="ACTIB">
                           <quantity>
                              <numerator unit="mg" value="200"/>
                              <denominator unit="1" value="1"/>
                           </quantity>
                           <ingredientSubstance>
                              <code code="WK2XYI10QM" codeSystem="2.16.840.1.113883.4.9"/>
                              <name>IBUPROFEN</name>
                              <activeMoiety>
                                 <activeMoiety>
                                    <code code="WK2XYI10QM" codeSystem="2.16.840.1.113883.4.9"/>
                                    <name>IBUPROFEN</name>
                                 </activeMoiety>
                              </activeMoiety>
                           </ingredientSubstance>
                        </ingredient>
                        <ingredient classCode="IACT">
                           <ingredientSubstance>
                              <code code="5138Q19F1X" codeSystem="2.16.840.1.113883.4.9"/>
                              <name>AMMONIA</name>
                           </ingredientSubstance>
                        </ingredient>
                        <ingredient classCode="IACT">
                           <ingredientSubstance>
                              <code code="3P3ONR6O1S" codeSystem="2.16.840.1.113883.4.9"/>
                              <name>FD&amp;C GREEN NO. 3</name>
                           </ingredientSubstance>
                        </ingredient>
                        <ingredient classCode="IACT">
                           <ingredientSubstance>
                              <code code="2G86QN327L" codeSystem="2.16.840.1.113883.4.9"/>
                              <name>GELATIN, UNSPECIFIED</name>
                           </ingredientSubstance>
                        </ingredient>
                        <ingredient classCode="IACT">
                           <ingredientSubstance>
                              <code code="ND2M416302" codeSystem="2.16.840.1.113883.4.9"/>
                              <name>ISOPROPYL ALCOHOL</name>
                           </ingredientSubstance>
                        </ingredient>
                        <ingredient classCode="IACT">
                           <ingredientSubstance>
                              <code code="3WJQ0SDW1A" codeSystem="2.16.840.1.113883.4.9"/>
                              <name>POLYETHYLENE GLYCOL, UNSPECIFIED</name>
                           </ingredientSubstance>
                        </ingredient>
                        <ingredient classCode="IACT">
                           <ingredientSubstance>
                              <code code="58QVG85GW3" codeSystem="2.16.840.1.113883.4.9"/>
                              <name>POLYVINYL ACETATE PHTHALATE</name>
                           </ingredientSubstance>
                        </ingredient>
                        <ingredient classCode="IACT">
                           <ingredientSubstance>
                              <code code="WZH3C48M4T" codeSystem="2.16.840.1.113883.4.9"/>
                              <name>POTASSIUM HYDROXIDE</name>
                           </ingredientSubstance>
                        </ingredient>
                        <ingredient classCode="IACT">
                           <ingredientSubstance>
                              <code code="6DC9Q167V3" codeSystem="2.16.840.1.113883.4.9"/>
                              <name>PROPYLENE GLYCOL</name>
                           </ingredientSubstance>
                        </ingredient>
                        <ingredient classCode="IACT">
                           <ingredientSubstance>
                              <code code="059QF0KO0R" codeSystem="2.16.840.1.113883.4.9"/>
                              <name>WATER</name>
                           </ingredientSubstance>
                        </ingredient>
                        <ingredient classCode="IACT">
                           <ingredientSubstance>
                              <code code="15FIX9V2JP" codeSystem="2.16.840.1.113883.4.9"/>
                              <name>TITANIUM DIOXIDE</name>
                           </ingredientSubstance>
                        </ingredient>
                        <ingredient classCode="IACT">
                           <ingredientSubstance>
                              <code code="506T60A25R" codeSystem="2.16.840.1.113883.4.9"/>
                              <name>SORBITOL</name>
                           </ingredientSubstance>
                        </ingredient>
                        <ingredient classCode="IACT">
                           <ingredientSubstance>
                              <code code="6O92ICV9RU" codeSystem="2.16.840.1.113883.4.9"/>
                              <name>SORBITAN</name>
                           </ingredientSubstance>
                        </ingredient>
                        <asContent>
                           <quantity>
                              <numerator unit="1" value="80"/>
                              <denominator value="1"/>
                           </quantity>
                           <containerPackagedProduct>
                              <code/>
                              <formCode code="C43169" codeSystem="2.16.840.1.113883.3.26.1.1" displayName="BOTTLE"/>
                              <asContent>
                                 <quantity>
                                    <numerator unit="1" value="1"/>
                                    <denominator value="1"/>
                                 </quantity>
                                 <containerPackagedProduct>
                                    <code code="11822-0131-1" codeSystem="2.16.840.1.113883.6.69"/>
                                    <formCode code="C43182" codeSystem="2.16.840.1.113883.3.26.1.1" displayName="CARTON"/>
                                 </containerPackagedProduct>
                                 <subjectOf>
                                    <marketingAct>
                                       <code code="C53292" codeSystem="2.16.840.1.113883.3.26.1.1"/>
                                       <statusCode code="active"/>
                                       <effectiveTime>
                                          <low value="20170623"/>
                                       </effectiveTime>
                                    </marketingAct>
                                 </subjectOf>
                              </asContent>
                           </containerPackagedProduct>
                           <subjectOf>
                              <characteristic classCode="OBS">
                                 <code code="SPLCMBPRDTP" codeSystem="2.16.840.1.113883.1.11.19255"/>
                                 <value code="C112160" codeSystem="2.16.840.1.113883.3.26.1.1" displayName="Type 0: Not a Combination Product" xsi:type="CE"/>
                              </characteristic>
                           </subjectOf>
                        </asContent>
                        <asContent>
                           <quantity>
                              <numerator unit="1" value="40"/>
                              <denominator value="1"/>
                           </quantity>
                           <containerPackagedProduct>
                              <code/>
                              <formCode code="C43169" codeSystem="2.16.840.1.113883.3.26.1.1" displayName="BOTTLE"/>
                              <asContent>
                                 <quantity>
                                    <numerator unit="1" value="1"/>
                                    <denominator value="1"/>
                                 </quantity>
                                 <containerPackagedProduct>
                                    <code code="11822-0131-2" codeSystem="2.16.840.1.113883.6.69"/>
                                    <formCode code="C43182" codeSystem="2.16.840.1.113883.3.26.1.1" displayName="CARTON"/>
                                 </containerPackagedProduct>
                                 <subjectOf>
                                    <marketingAct>
                                       <code code="C53292" codeSystem="2.16.840.1.113883.3.26.1.1"/>
                                       <statusCode code="active"/>
                                       <effectiveTime>
                                          <low value="20170616"/>
                                       </effectiveTime>
                                    </marketingAct>
                                 </subjectOf>
                              </asContent>
                           </containerPackagedProduct>
                           <subjectOf>
                              <characteristic classCode="OBS">
                                 <code code="SPLCMBPRDTP" codeSystem="2.16.840.1.113883.1.11.19255"/>
                                 <value code="C112160" codeSystem="2.16.840.1.113883.3.26.1.1" displayName="Type 0: Not a Combination Product" xsi:type="CE"/>
                              </characteristic>
                           </subjectOf>
                        </asContent>
                        <asContent>
                           <quantity>
                              <numerator unit="1" value="160"/>
                              <denominator value="1"/>
                           </quantity>
                           <containerPackagedProduct>
                              <code/>
                              <formCode code="C43169" codeSystem="2.16.840.1.113883.3.26.1.1" displayName="BOTTLE"/>
                              <asContent>
                                 <quantity>
                                    <numerator unit="1" value="1"/>
                                    <denominator value="1"/>
                                 </quantity>
                                 <containerPackagedProduct>
                                    <code code="11822-0131-4" codeSystem="2.16.840.1.113883.6.69"/>
                                    <formCode code="C43182" codeSystem="2.16.840.1.113883.3.26.1.1" displayName="CARTON"/>
                                 </containerPackagedProduct>
                                 <subjectOf>
                                    <marketingAct>
                                       <code code="C53292" codeSystem="2.16.840.1.113883.3.26.1.1"/>
                                       <statusCode code="active"/>
                                       <effectiveTime>
                                          <low value="20170711"/>
                                       </effectiveTime>
                                    </marketingAct>
                                 </subjectOf>
                              </asContent>
                           </containerPackagedProduct>
                           <subjectOf>
                              <characteristic classCode="OBS">
                                 <code code="SPLCMBPRDTP" codeSystem="2.16.840.1.113883.1.11.19255"/>
                                 <value code="C112160" codeSystem="2.16.840.1.113883.3.26.1.1" displayName="Type 0: Not a Combination Product" xsi:type="CE"/>
                              </characteristic>
                           </subjectOf>
                        </asContent>
                        <asContent>
                           <quantity>
                              <numerator unit="1" value="300"/>
                              <denominator value="1"/>
                           </quantity>
                           <containerPackagedProduct>
                              <code code="11822-0131-3" codeSystem="2.16.840.1.113883.6.69"/>
                              <formCode code="C43169" codeSystem="2.16.840.1.113883.3.26.1.1" displayName="BOTTLE"/>
                           </containerPackagedProduct>
                           <subjectOf>
                              <marketingAct>
                                 <code code="C53292" codeSystem="2.16.840.1.113883.3.26.1.1"/>
                                 <statusCode code="active"/>
                                 <effectiveTime>
                                    <low value="20170711"/>
                                 </effectiveTime>
                              </marketingAct>
                           </subjectOf>
                           <subjectOf>
                              <characteristic classCode="OBS">
                                 <code code="SPLCMBPRDTP" codeSystem="2.16.840.1.113883.1.11.19255"/>
                                 <value code="C112160" codeSystem="2.16.840.1.113883.3.26.1.1" displayName="Type 0: Not a Combination Product" xsi:type="CE"/>
                              </characteristic>
                           </subjectOf>
                        </asContent>
                        <asContent>
                           <quantity>
                              <numerator unit="1" value="20"/>
                              <denominator value="1"/>
                           </quantity>
                           <containerPackagedProduct>
                              <code/>
                              <formCode code="C43169" codeSystem="2.16.840.1.113883.3.26.1.1" displayName="BOTTLE"/>
                              <asContent>
                                 <quantity>
                                    <numerator unit="1" value="1"/>
                                    <denominator value="1"/>
                                 </quantity>
                                 <containerPackagedProduct>
                                    <code code="11822-0131-5" codeSystem="2.16.840.1.113883.6.69"/>
                                    <formCode code="C43182" codeSystem="2.16.840.1.113883.3.26.1.1" displayName="CARTON"/>
                                 </containerPackagedProduct>
                                 <subjectOf>
                                    <marketingAct>
                                       <code code="C53292" codeSystem="2.16.840.1.113883.3.26.1.1"/>
                                       <statusCode code="active"/>
                                       <effectiveTime>
                                          <low value="20200320"/>
                                       </effectiveTime>
                                    </marketingAct>
                                 </subjectOf>
                              </asContent>
                           </containerPackagedProduct>
                           <subjectOf>
                              <characteristic classCode="OBS">
                                 <code code="SPLCMBPRDTP" codeSystem="2.16.840.1.113883.1.11.19255"/>
                                 <value code="C112160" codeSystem="2.16.840.1.113883.3.26.1.1" displayName="Type 0: Not a Combination Product" xsi:type="CE"/>
                              </characteristic>
                           </subjectOf>
                        </asContent>
                     </manufacturedProduct>
                     <subjectOf>
                        <approval>
                           <id extension="ANDA203599" root="2.16.840.1.113883.3.150"/>
                           <code code="C73584" codeSystem="2.16.840.1.113883.3.26.1.1" displayName="ANDA"/>
                           <author>
                              <territorialAuthority>
                                 <territory>
                                    <code code="USA" codeSystem="2.16.840.1.113883.5.28"/>
                                 </territory>
                              </territorialAuthority>
                           </author>
                        </approval>
                     </subjectOf>
                     <subjectOf>
                        <marketingAct>
                           <code code="C53292" codeSystem="2.16.840.1.113883.3.26.1.1"/>
                           <statusCode code="active"/>
                           <effectiveTime>
                              <low value="20170616"/>
                           </effectiveTime>
                        </marketingAct>
                     </subjectOf>
                     <subjectOf>
                        <characteristic classCode="OBS">
                           <code code="SPLCOLOR" codeSystem="2.16.840.1.113883.1.11.19255"/>
                           <value code="C48329" codeSystem="2.16.840.1.113883.3.26.1.1" displayName="GREEN" xsi:type="CE">
                              <originalText>Light Green</originalText>
                           </value>
                        </characteristic>
                     </subjectOf>
                     <subjectOf>
                        <characteristic classCode="OBS">
                           <code code="SPLSIZE" codeSystem="2.16.840.1.113883.1.11.19255"/>
                           <value unit="mm" value="19" xsi:type="PQ"/>
                        </characteristic>
                     </subjectOf>
                     <subjectOf>
                        <characteristic classCode="OBS">
                           <code code="SPLSHAPE" codeSystem="2.16.840.1.113883.1.11.19255"/>
                           <value code="C48345" codeSystem="2.16.840.1.113883.3.26.1.1" displayName="OVAL" xsi:type="CE"/>
                        </characteristic>
                     </subjectOf>
                     <subjectOf>
                        <characteristic classCode="OBS">
                           <code code="SPLSCORE" codeSystem="2.16.840.1.113883.1.11.19255"/>
                           <value value="1" xsi:type="INT"/>
                        </characteristic>
                     </subjectOf>
                     <subjectOf>
                        <characteristic classCode="OBS">
                           <code code="SPLIMPRINT" codeSystem="2.16.840.1.113883.1.11.19255"/>
                           <value xsi:type="ST">131</value>
                        </characteristic>
                     </subjectOf>
                     <consumedIn>
                        <substanceAdministration>
                           <routeCode code="C38288" codeSystem="2.16.840.1.113883.3.26.1.1" displayName="ORAL"/>
                        </substanceAdministration>
                     </consumedIn>
                  </manufacturedProduct>
               </subject>
            </section>
         </component>
         <component>
            <section ID="i4i_OTC_Active_Ingredient_id_65c6fcb3-083c-42ee-8479-9ffc31f13da9">
               <id root="ef9b7c21-9ad6-47aa-a565-ecb14526f69c"/>
               <code code="55106-9" codeSystem="2.16.840.1.113883.6.1" displayName="OTC - ACTIVE INGREDIENT SECTION"/>
               <title>Active ingredient (in each capsule)</title>
               <text>
                  <paragraph>Solubilized Ibuprofen equal to 200 mg Ibuprofen (NSAID)*</paragraph>
                  <paragraph>(present as the free acid and potassium salt)</paragraph>
                  <paragraph>*nonsteroidal anti-inflammatory drug</paragraph>
               </text>
               <effectiveTime value="20170711"/>
            </section>
         </component>
         <component>
            <section ID="i4i_OTC_Purpose_id_a9c1f757-1170-4889-9ae7-fe4dce994bdd">
               <id root="0c4e76ce-a2c6-41e4-986b-83354cc921d0"/>
               <code code="55105-1" codeSystem="2.16.840.1.113883.6.1" displayName="OTC - PURPOSE SECTION"/>
               <title>Purpose</title>
               <text>
                  <paragraph>Pain reliever/Fever reducer</paragraph>
               </text>
               <effectiveTime value="20170711"/>
            </section>
         </component>
         <component>
            <section ID="i4i_indications_id_a13a0d71-8261-46c8-9b6e-e098b5faeaf8">
               <id root="682d6335-ea8c-4986-81bd-e9d075132c05"/>
               <code code="34067-9" codeSystem="2.16.840.1.113883.6.1" displayName="INDICATIONS &amp; USAGE SECTION"/>
               <title>Uses</title>
               <text>
                  <list listType="unordered">
                     <item>
                        <caption>•</caption>temporarily relieves minor aches and pains due to:</item>
                     <item>
                        <caption>•</caption>headache</item>
                     <item>
                        <caption>•</caption>toothache</item>
                     <item>
                        <caption>•</caption>backache</item>
                     <item>
                        <caption>•</caption>menstrual cramps</item>
                     <item>
                        <caption>•</caption>the common cold</item>
                     <item>
                        <caption>•</caption>muscular aches</item>
                     <item>
                        <caption>•</caption>minor pain of arthritis</item>
                     <item>
                        <caption>•</caption>temporarily reduces fever</item>
                  </list>
               </text>
               <effectiveTime value="20170711"/>
            </section>
         </component>
         <component>
            <section ID="i4i_warnings_id_311e3a21-222a-44b8-865a-e58268edacf8">
               <id root="64f802b8-24ab-4193-8cab-2e4b597f42ba"/>
               <code code="34071-1" codeSystem="2.16.840.1.113883.6.1" displayName="WARNINGS SECTION"/>
               <title>Warnings</title>
               <text>
                  <paragraph>
                     <content styleCode="bold">Allergy alert:</content> Ibuprofen may cause a severe allergic reaction, especially in people allergic to aspirin.</paragraph>
                  <paragraph>Symptoms may include:</paragraph>
                  <list listType="unordered">
                     <item>
                        <caption>•</caption>hives</item>
                     <item>
                        <caption>•</caption>facial swelling</item>
                     <item>
                        <caption>•</caption>asthma (wheezing)</item>
                     <item>
                        <caption>•</caption>shock</item>
                     <item>
                        <caption>•</caption>skin reddening</item>
                     <item>
                        <caption>•</caption>rash</item>
                     <item>
                        <caption>•</caption>blisters</item>
                  </list>
                  <paragraph>If an allergic reaction occurs, stop use and seek medical help right away.</paragraph>
                  <paragraph>
                     <content styleCode="bold">Stomach bleeding warning:</content> This product contains an NSAID, which may cause severe stomach bleeding.  The chance is higher if you</paragraph>
                  <list listType="unordered">
                     <item>
                        <caption>•</caption>are age 60 or older</item>
                     <item>
                        <caption>•</caption>have had stomach ulcers or bleeding problems</item>
                     <item>
                        <caption>•</caption>take a blood thinning (anticoagulant) or steroid drug</item>
                     <item>
                        <caption>•</caption>take other drugs containing prescription or nonprescription NSAIDs [aspirin, ibuprofen, naproxen, or others]</item>
                     <item>
                        <caption>•</caption>have 3 or more alcoholic drinks every day while using this product</item>
                     <item>
                        <caption>•</caption>take more or for a longer time than directed</item>
                  </list>
                  <paragraph>
                     <content styleCode="bold">Heart attack and stroke warning:</content> NSAIDs, except aspirin, increase the risk of heart attack, heart failure, and stroke. These can be fatal. The risk is higher if you use more than directed or for longer than directed.</paragraph>
               </text>
               <effectiveTime value="20190503"/>
               <component>
                  <section ID="i4i_OTC_Do_not_use_id_93dddd74-69f3-491e-b4ad-c3644580a2b5">
                     <id root="92dd478e-93dc-4aec-84c7-63ca59148606"/>
                     <code code="50570-1" codeSystem="2.16.840.1.113883.6.1" displayName="OTC - DO NOT USE SECTION"/>
                     <title>Do not use</title>
                     <text>
                        <list listType="unordered">
                           <item>
                              <caption>•</caption>if you have ever had an allergic reaction to any other pain reliever/fever reducer</item>
                           <item>
                              <caption>•</caption>right before or after heart surgery</item>
                        </list>
                     </text>
                     <effectiveTime value="20170711"/>
                  </section>
               </component>
               <component>
                  <section ID="i4i_OTC_Ask_Doctor_id_3a6a3f40-d4e0-4f37-9bdf-f0a534fd5ce2">
                     <id root="bc60f7fe-be4d-4cb6-9353-13edef3225f5"/>
                     <code code="50569-3" codeSystem="2.16.840.1.113883.6.1" displayName="OTC - ASK DOCTOR SECTION"/>
                     <title>Ask a doctor before use if</title>
                     <text>
                        <list listType="unordered">
                           <item>
                              <caption>•</caption>stomach bleeding warning applies to you</item>
                           <item>
                              <caption>•</caption>you have problems or serious side effects from taking pain relievers or fever reducers</item>
                           <item>
                              <caption>•</caption>you have a history of stomach problems, such as heartburn</item>
                           <item>
                              <caption>•</caption>you have high blood pressure, heart disease, liver cirrhosis, kidney disease, asthma, or had a stroke</item>
                           <item>
                              <caption>•</caption>you are taking a diuretic</item>
                        </list>
                     </text>
                     <effectiveTime value="20180619"/>
                  </section>
               </component>
               <component>
                  <section ID="i4i_OTC_Ask_Doctor_Pharmacist_id_80e9f86a-7119-44ba-880e-f421aebf971f">
                     <id root="60ef7d7a-f9f2-4355-b657-d13344caf981"/>
                     <code code="50568-5" codeSystem="2.16.840.1.113883.6.1" displayName="OTC - ASK DOCTOR/PHARMACIST SECTION"/>
                     <title>Ask a doctor or pharmacist before use if you are</title>
                     <text>
                        <list listType="unordered">
                           <item>
                              <caption>•</caption>under a doctor’s care for any serious condition</item>
                           <item>
                              <caption>•</caption>taking aspirin for heart attack or stroke, because ibuprofen may decrease this benefit of aspirin</item>
                           <item>
                              <caption>•</caption>taking any other drug</item>
                        </list>
                     </text>
                     <effectiveTime value="20170711"/>
                  </section>
               </component>
               <component>
                  <section ID="i4i_OTC_When_Using_id_ee9d3394-3c2c-428b-96e6-b7e2470c77ba">
                     <id root="6296a5fd-d486-4a81-8c12-02b93aacfcbe"/>
                     <code code="50567-7" codeSystem="2.16.840.1.113883.6.1" displayName="OTC - WHEN USING SECTION"/>
                     <title>When using this product</title>
                     <text>
                        <list listType="unordered">
                           <item>
                              <caption>•</caption>take with food or milk if stomach upset occurs</item>
                        </list>
                     </text>
                     <effectiveTime value="20180619"/>
                  </section>
               </component>
               <component>
                  <section ID="i4i_OTC_Stop_Use_id_f0d8cb3e-62aa-40c4-ae74-02aa44455980">
                     <id root="58cca5ef-bc6d-4cc3-961d-c6df41f46549"/>
                     <code code="50566-9" codeSystem="2.16.840.1.113883.6.1" displayName="OTC - STOP USE SECTION"/>
                     <title>Stop use and ask a doctor if</title>
                     <text>
                        <list listType="unordered">
                           <item>
                              <caption>•</caption>you experience any of the following signs of stomach bleeding:</item>
                           <item>
                              <caption>•</caption>feel faint</item>
                           <item>
                              <caption>•</caption>vomit blood</item>
                           <item>
                              <caption>•</caption>have bloody or black stools</item>
                           <item>
                              <caption>•</caption>have stomach pain that does not get better</item>
                           <item>
                              <caption>•</caption>you have symptoms of heart problems or stroke:</item>
                           <item>
                              <caption>•</caption>chest pain</item>
                           <item>
                              <caption>•</caption>trouble breathing</item>
                           <item>
                              <caption>•</caption>weakness in one part or side of body</item>
                           <item>
                              <caption>•</caption>slurred speech</item>
                           <item>
                              <caption>•</caption>leg swelling</item>
                           <item>
                              <caption>•</caption>pain gets worse or lasts more than 10 days</item>
                           <item>
                              <caption>•</caption>fever gets worse or lasts more than 3 days</item>
                           <item>
                              <caption>•</caption>redness or swelling is present in the painful area</item>
                           <item>
                              <caption>•</caption>any new symptoms appear</item>
                        </list>
                     </text>
                     <effectiveTime value="20190503"/>
                  </section>
               </component>
               <component>
                  <section ID="i4i_OTC_Pregancy_Breastfeeding_id_2012f55c-761b-478a-94c8-e937d95e47fc">
                     <id root="28b2a166-a9a6-4af0-b6d7-02261785dc58"/>
                     <code code="53414-9" codeSystem="2.16.840.1.113883.6.1" displayName="OTC - PREGNANCY OR BREAST FEEDING SECTION"/>
                     <title>If pregnant or breast-feeding,</title>
                     <text>
                        <paragraph>ask a health professional before use. It is especially important not to use ibuprofen during the last 3 months of pregnancy unless definitely directed to do so by a doctor because it may cause problems in the unborn child or complications during delivery.</paragraph>
                     </text>
                     <effectiveTime value="20170711"/>
                  </section>
               </component>
               <component>
                  <section ID="i4i_OTC_Keep_Away_Children_id_8387b167-1a41-4be8-8319-d81497f566e5">
                     <id root="3ee22cc7-7b9f-4bad-922f-7eae2b1d08e8"/>
                     <code code="50565-1" codeSystem="2.16.840.1.113883.6.1" displayName="OTC - KEEP OUT OF REACH OF CHILDREN SECTION"/>
                     <title>Keep out of reach of children.</title>
                     <text>
                        <paragraph>In case of overdose, get medical help or contact a Poison Control Center right away (1-800-222-1222).</paragraph>
                     </text>
                     <effectiveTime value="20170711"/>
                  </section>
               </component>
            </section>
         </component>
         <component>
            <section ID="i4i_dosage_admin_id_cafd98cf-4386-41b9-818f-4a165c2cf849">
               <id root="958427d5-5729-4c13-8015-dc26a4e6cfdc"/>
               <code code="34068-7" codeSystem="2.16.840.1.113883.6.1" displayName="DOSAGE &amp; ADMINISTRATION SECTION"/>
               <title>Directions</title>
               <text>
                  <list listType="unordered">
                     <item>
                        <caption>•</caption>
                        <content styleCode="bold">do not take more than directed</content>
                     </item>
                     <item>
                        <caption>•</caption>
                        <content styleCode="bold">the smallest effective dose should be used</content>
                     </item>
                     <item>
                        <caption>•</caption>adults and children 12 years and over: take 1 capsule every 4 to 6 hours while symptoms persist</item>
                     <item>
                        <caption>•</caption>if pain or fever does not respond to 1 capsule, 2 capsules may be used</item>
                     <item>
                        <caption>•</caption>do not exceed 6 capsules in 24 hours, unless directed by a doctor</item>
                     <item>
                        <caption>•</caption>children under 12 years: ask a doctor</item>
                  </list>
               </text>
               <effectiveTime value="20180619"/>
            </section>
         </component>
         <component>
            <section ID="i4i_storage_id_4b180f70-780f-4fd9-8ea4-d38401fadb5a">
               <id root="17a43585-b5bd-45f1-baac-3e2ca20fedca"/>
               <code code="44425-7" codeSystem="2.16.840.1.113883.6.1" displayName="STORAGE AND HANDLING SECTION"/>
               <title>Other information</title>
               <text>
                  <list listType="unordered">
                     <item>
                        <caption>•</caption>
                        <content styleCode="bold">each capsule contains:</content> potassium 20 mg</item>
                     <item>
                        <caption>•</caption>read all warnings and directions before use. Keep carton.</item>
                     <item>
                        <caption>•</caption>store at 20-25<sup>°</sup>C (68-77<sup>°</sup>F)</item>
                     <item>
                        <caption>•</caption>avoid excessive heat above 40<sup>°</sup>C (104<sup>°</sup>F)</item>
                  </list>
               </text>
               <effectiveTime value="20180619"/>
            </section>
         </component>
         <component>
            <section ID="i4i_inactive_ingredients_id_ad40462e-42e6-4713-af66-c7e4d4e91b53">
               <id root="8c0641e7-bfde-4749-9218-4f63df00882b"/>
               <code code="51727-6" codeSystem="2.16.840.1.113883.6.1" displayName="INACTIVE INGREDIENT SECTION"/>
               <title>Inactive ingredients</title>
               <text>
                  <paragraph>ammonium hydroxide, caprylic and capric acid triglycerides, FD&amp;C green No. 3, gelatin, isopropyl alcohol, lecithin, macrogol/PEG 400, polyethylene glycol, polyvinyl acetate phthalate, potassium hydroxide, propylene glycol, purified water, sorbitol sorbitan solution, titanium dioxide</paragraph>
               </text>
               <effectiveTime value="20200320"/>
            </section>
         </component>
         <component>
            <section ID="i4i_OTC_Questions_id_7fcd9946-2db0-415e-a7a5-3bcbab3badbf">
               <id root="f9df357e-80cd-435e-9bee-47d625e41574"/>
               <code code="53413-1" codeSystem="2.16.840.1.113883.6.1" displayName="OTC - QUESTIONS SECTION"/>
               <title>Questions or comments?</title>
               <text>
                  <paragraph>
                     <content styleCode="bold">1-800-719-9260</content>
                  </paragraph>
               </text>
               <effectiveTime value="20180619"/>
            </section>
         </component>
         <component>
            <section ID="i4i_Principal_display_panel_id_be6f4997-bc32-4f4b-9856-11493cf87d53">
               <id root="f0fe1c56-e3f0-419e-9fbb-5144c61616cf"/>
               <code code="51945-4" codeSystem="2.16.840.1.113883.6.1" displayName="PACKAGE LABEL.PRINCIPAL DISPLAY PANEL"/>
               <title>Principal Display Panel</title>
               <text>
                  <paragraph>Compare to the active ingredient of Advil® Liqui-Gels®</paragraph>
                  <paragraph>SEE NEW WARNINGS</paragraph>
                  <paragraph>IBUPROFEN </paragraph>
                  <paragraph>LIQUID GELS**</paragraph>
                  <paragraph>SOLUBILIZED IBUPROFEN CAPSULES, 200 mg</paragraph>
                  <paragraph>PAIN RELIEVER/FEVER REDUCER (NSAID)</paragraph>
                  <paragraph>ACTUAL SIZE</paragraph>
                  <paragraph>20 LIQUID GELS**</paragraph>
                  <paragraph>**LIQUID FILLED CAPSULES</paragraph>
                  <renderMultiMedia ID="id-1926184668" referencedObject="ID_26386660-135d-4d70-b647-729c7bcd6036"/>
               </text>
               <effectiveTime value="20200320"/>
               <component>
                  <observationMedia ID="ID_26386660-135d-4d70-b647-729c7bcd6036">
                     <text>13183-ibuprofen.jpg</text>
                     <value mediaType="image/jpeg" xsi:type="ED">
                        <reference value="13183-ibuprofen.jpg"/>
                     </value>
                  </observationMedia>
               </component>
            </section>
         </component>
      </structuredBody>
   </component>
</document>