<?xml version="1.0" encoding="UTF-8"?><?xml-stylesheet href="https://www.accessdata.fda.gov/spl/stylesheet/spl.xsl" type="text/xsl"?>
<document xmlns="urn:hl7-org:v3" xmlns:xsi="http://www.w3.org/2001/XMLSchema-instance" xsi:schemaLocation="urn:hl7-org:v3 https://www.accessdata.fda.gov/spl/schema/spl.xsd">
   <id root="2bc4d70c-29fc-4472-839a-8ddc69828213"/>
   <code code="34390-5" codeSystem="2.16.840.1.113883.6.1" displayName="HUMAN OTC DRUG LABEL"/>
   <title>Wal-Mart Naproxen Sodium Tablets, 200 mg Drug Facts</title>
   <effectiveTime value="20191122"/>
   <setId root="bfe489b6-4439-42ee-90ce-66434f0ec1b5"/>
   <versionNumber value="3"/>
   <author>
      <time/>
      <assignedEntity>
         <representedOrganization>
            <id extension="051957769" root="1.3.6.1.4.1.519.1"/>
            <name>Wal-Mart Stores Inc</name>
         </representedOrganization>
      </assignedEntity>
   </author>
   <component>
      <structuredBody>
         <component>
            <section>
               <id root="c3520c99-35d4-4d72-b58d-15b3bf9275b8"/>
               <code code="48780-1" codeSystem="2.16.840.1.113883.6.1" displayName="SPL product data elements section"/>
               <effectiveTime value="20191122"/>
               <subject>
                  <manufacturedProduct>
                     <manufacturedProduct>
                        <code code="49035-140" codeSystem="2.16.840.1.113883.6.69"/>
                        <name>Equate Naproxen Sodium</name>
                        <formCode code="C42931" codeSystem="2.16.840.1.113883.3.26.1.1" displayName="TABLET, FILM COATED"/>
                        <asEntityWithGeneric>
                           <genericMedicine>
                              <name>Naproxen sodium</name>
                           </genericMedicine>
                        </asEntityWithGeneric>
                        <ingredient classCode="ACTIB">
                           <quantity>
                              <numerator unit="mg" value="200"/>
                              <denominator unit="1" value="1"/>
                           </quantity>
                           <ingredientSubstance>
                              <code code="9TN87S3A3C" codeSystem="2.16.840.1.113883.4.9"/>
                              <name>NAPROXEN SODIUM</name>
                              <activeMoiety>
                                 <activeMoiety>
                                    <code code="57Y76R9ATQ" codeSystem="2.16.840.1.113883.4.9"/>
                                    <name>NAPROXEN</name>
                                 </activeMoiety>
                              </activeMoiety>
                           </ingredientSubstance>
                        </ingredient>
                        <ingredient classCode="IACT">
                           <ingredientSubstance>
                              <code code="3NXW29V3WO" codeSystem="2.16.840.1.113883.4.9"/>
                              <name>HYPROMELLOSE, UNSPECIFIED</name>
                           </ingredientSubstance>
                        </ingredient>
                        <ingredient classCode="IACT">
                           <ingredientSubstance>
                              <code code="70097M6I30" codeSystem="2.16.840.1.113883.4.9"/>
                              <name>MAGNESIUM STEARATE</name>
                           </ingredientSubstance>
                        </ingredient>
                        <ingredient classCode="IACT">
                           <ingredientSubstance>
                              <code code="OP1R32D61U" codeSystem="2.16.840.1.113883.4.9"/>
                              <name>MICROCRYSTALLINE CELLULOSE</name>
                           </ingredientSubstance>
                        </ingredient>
                        <ingredient classCode="IACT">
                           <ingredientSubstance>
                              <code code="3WJQ0SDW1A" codeSystem="2.16.840.1.113883.4.9"/>
                              <name>POLYETHYLENE GLYCOL, UNSPECIFIED</name>
                           </ingredientSubstance>
                        </ingredient>
                        <ingredient classCode="IACT">
                           <ingredientSubstance>
                              <code code="FZ989GH94E" codeSystem="2.16.840.1.113883.4.9"/>
                              <name>POVIDONE, UNSPECIFIED</name>
                           </ingredientSubstance>
                        </ingredient>
                        <ingredient classCode="IACT">
                           <ingredientSubstance>
                              <code code="7SEV7J4R1U" codeSystem="2.16.840.1.113883.4.9"/>
                              <name>TALC</name>
                           </ingredientSubstance>
                        </ingredient>
                        <ingredient classCode="IACT">
                           <ingredientSubstance>
                              <code code="15FIX9V2JP" codeSystem="2.16.840.1.113883.4.9"/>
                              <name>TITANIUM DIOXIDE</name>
                           </ingredientSubstance>
                        </ingredient>
                        <asContent>
                           <quantity>
                              <numerator unit="1" value="225"/>
                              <denominator value="1"/>
                           </quantity>
                           <containerPackagedProduct>
                              <code code="49035-140-83" codeSystem="2.16.840.1.113883.6.69"/>
                              <formCode code="C43169" codeSystem="2.16.840.1.113883.3.26.1.1" displayName="BOTTLE"/>
                           </containerPackagedProduct>
                           <subjectOf>
                              <marketingAct>
                                 <code code="C53292" codeSystem="2.16.840.1.113883.3.26.1.1"/>
                                 <statusCode code="active"/>
                                 <effectiveTime>
                                    <low value="20130809"/>
                                 </effectiveTime>
                              </marketingAct>
                           </subjectOf>
                           <subjectOf>
                              <characteristic classCode="OBS">
                                 <code code="SPLCMBPRDTP" codeSystem="2.16.840.1.113883.1.11.19255"/>
                                 <value code="C112160" codeSystem="2.16.840.1.113883.3.26.1.1" displayName="Type 0: Not a Combination Product" xsi:type="CE"/>
                              </characteristic>
                           </subjectOf>
                        </asContent>
                     </manufacturedProduct>
                     <subjectOf>
                        <approval>
                           <id extension="ANDA074661" root="2.16.840.1.113883.3.150"/>
                           <code code="C73584" codeSystem="2.16.840.1.113883.3.26.1.1" displayName="ANDA"/>
                           <author>
                              <territorialAuthority>
                                 <territory>
                                    <code code="USA" codeSystem="2.16.840.1.113883.5.28"/>
                                 </territory>
                              </territorialAuthority>
                           </author>
                        </approval>
                     </subjectOf>
                     <subjectOf>
                        <marketingAct>
                           <code code="C53292" codeSystem="2.16.840.1.113883.3.26.1.1"/>
                           <statusCode code="active"/>
                           <effectiveTime>
                              <low value="20130809"/>
                           </effectiveTime>
                        </marketingAct>
                     </subjectOf>
                     <subjectOf>
                        <characteristic classCode="OBS">
                           <code code="SPLCOLOR" codeSystem="2.16.840.1.113883.1.11.19255"/>
                           <value code="C48333" codeSystem="2.16.840.1.113883.3.26.1.1" displayName="BLUE" xsi:type="CE">
                              <originalText>light blue</originalText>
                           </value>
                        </characteristic>
                     </subjectOf>
                     <subjectOf>
                        <characteristic classCode="OBS">
                           <code code="SPLSIZE" codeSystem="2.16.840.1.113883.1.11.19255"/>
                           <value unit="mm" value="12" xsi:type="PQ"/>
                        </characteristic>
                     </subjectOf>
                     <subjectOf>
                        <characteristic classCode="OBS">
                           <code code="SPLSHAPE" codeSystem="2.16.840.1.113883.1.11.19255"/>
                           <value code="C48336" codeSystem="2.16.840.1.113883.3.26.1.1" displayName="CAPSULE" xsi:type="CE"/>
                        </characteristic>
                     </subjectOf>
                     <subjectOf>
                        <characteristic classCode="OBS">
                           <code code="SPLSCORE" codeSystem="2.16.840.1.113883.1.11.19255"/>
                           <value value="1" xsi:type="INT"/>
                        </characteristic>
                     </subjectOf>
                     <subjectOf>
                        <characteristic classCode="OBS">
                           <code code="SPLIMPRINT" codeSystem="2.16.840.1.113883.1.11.19255"/>
                           <value xsi:type="ST">L368</value>
                        </characteristic>
                     </subjectOf>
                     <consumedIn>
                        <substanceAdministration>
                           <routeCode code="C38288" codeSystem="2.16.840.1.113883.3.26.1.1" displayName="ORAL"/>
                        </substanceAdministration>
                     </consumedIn>
                  </manufacturedProduct>
               </subject>
            </section>
         </component>
         <component>
            <section ID="i4i_OTC_Active_Ingredient_id_1cc8eacc-fad0-41ce-a6d0-88ca3a6be2bd">
               <id root="305b54f9-ce69-4339-b3be-dc0ca049feb9"/>
               <code code="55106-9" codeSystem="2.16.840.1.113883.6.1" displayName="OTC - ACTIVE INGREDIENT SECTION"/>
               <title>Active ingredient (in each caplet)</title>
               <text>
                  <paragraph>Naproxen sodium 220 mg (naproxen 200 mg) (NSAID)*</paragraph>
                  <paragraph>*nonsteroidal anti-inflammatory drug</paragraph>
               </text>
               <effectiveTime value="20130912"/>
            </section>
         </component>
         <component>
            <section ID="i4i_OTC_Purpose_id_02839a14-73a6-49cc-b95f-44694b18aaf9">
               <id root="2c11baa8-bc4e-4ad9-870a-c0dcc027018d"/>
               <code code="55105-1" codeSystem="2.16.840.1.113883.6.1" displayName="OTC - PURPOSE SECTION"/>
               <title>Purposes</title>
               <text>
                  <paragraph>Pain reliever/fever reducer</paragraph>
               </text>
               <effectiveTime value="20130912"/>
            </section>
         </component>
         <component>
            <section ID="i4i_indications_id_3b338125-0df5-4b75-9538-3dfa2039e80f">
               <id root="f8c1f708-98f5-4de6-91b3-a4ef32f2bb7c"/>
               <code code="34067-9" codeSystem="2.16.840.1.113883.6.1" displayName="INDICATIONS &amp; USAGE SECTION"/>
               <title>Uses</title>
               <text>
                  <list listType="unordered">
                     <item>
                        <caption>•</caption>temporarily relieves minor aches and pains due to:</item>
                     <item>
                        <caption>•</caption>minor pain of arthritis</item>
                     <item>
                        <caption>•</caption>muscular aches</item>
                     <item>
                        <caption>•</caption>backache</item>
                     <item>
                        <caption>•</caption>menstrual cramps</item>
                     <item>
                        <caption>•</caption>headache</item>
                     <item>
                        <caption>•</caption>toothache</item>
                     <item>
                        <caption>•</caption>the common cold</item>
                     <item>
                        <caption>•</caption>temporarily reduces fever</item>
                  </list>
               </text>
               <effectiveTime value="20130912"/>
            </section>
         </component>
         <component>
            <section ID="i4i_warnings_id_218d0020-cb23-403f-bc51-321bdf3d5efa">
               <id root="7e113f8e-917d-4cda-9e6e-d1290afe57e7"/>
               <code code="34071-1" codeSystem="2.16.840.1.113883.6.1" displayName="WARNINGS SECTION"/>
               <title>Warnings</title>
               <text>
                  <paragraph>
                     <content styleCode="bold">Allergy alert:</content>  Naproxen sodium may cause a severe allergic reaction, especially in people allergic to aspirin.  Symptoms may include:</paragraph>
                  <list listType="unordered">
                     <item>
                        <caption>•</caption>hives</item>
                     <item>
                        <caption>•</caption>facial swelling</item>
                     <item>
                        <caption>•</caption>asthma (wheezing)</item>
                     <item>
                        <caption>•</caption>shock</item>
                     <item>
                        <caption>•</caption>skin reddening</item>
                     <item>
                        <caption>•</caption>rash</item>
                     <item>
                        <caption>•</caption>blisters</item>
                  </list>
                  <paragraph>If an allergic reaction occurs, stop use and seek medical help right away.</paragraph>
                  <paragraph>
                     <content styleCode="bold">Stomach bleeding warning:</content>  This product contains an NSAID, which may cause severe stomach bleeding.  The chance is higher if you</paragraph>
                  <list listType="unordered">
                     <item>
                        <caption>•</caption>are age 60 or older</item>
                     <item>
                        <caption>•</caption>have had stomach ulcers or bleeding problems</item>
                     <item>
                        <caption>•</caption>take a blood thinning (anticoagulant) or steroid drug</item>
                     <item>
                        <caption>•</caption>take other drugs containing prescription or nonprescription NSAIDs (aspirin, ibuprofen, naproxen, or others)</item>
                     <item>
                        <caption>•</caption>have 3 or more alcoholic drinks every day while using this product</item>
                     <item>
                        <caption>•</caption>take more or for a longer time than directed</item>
                  </list>
               </text>
               <effectiveTime value="20191122"/>
               <component>
                  <section ID="i4i_OTC_Do_not_use_id_483b6e40-29b0-4fa4-9673-62e042a97f53">
                     <id root="3f5189f1-d02f-41c3-a851-385024f18fd5"/>
                     <code code="50570-1" codeSystem="2.16.840.1.113883.6.1" displayName="OTC - DO NOT USE SECTION"/>
                     <title>Do not use</title>
                     <text>
                        <list listType="unordered">
                           <item>
                              <caption>•</caption>if you have ever had an allergic reaction to any other pain reliever/fever reducer</item>
                           <item>
                              <caption>•</caption>right before or after heart surgery</item>
                        </list>
                     </text>
                     <effectiveTime value="20130912"/>
                  </section>
               </component>
               <component>
                  <section ID="i4i_OTC_Ask_Doctor_id_c73425fd-33cc-4302-a647-94fb374bcd2d">
                     <id root="2d2588ba-f4b9-4f6f-a844-cc6d894acd98"/>
                     <code code="50569-3" codeSystem="2.16.840.1.113883.6.1" displayName="OTC - ASK DOCTOR SECTION"/>
                     <title>Ask a doctor before use if</title>
                     <text>
                        <list listType="unordered">
                           <item>
                              <caption>•</caption>the stomach bleeding warning applies to you</item>
                           <item>
                              <caption>•</caption>you have a history of stomach problems, such as heartburn</item>
                           <item>
                              <caption>•</caption>you have high blood pressure, heart disease, liver cirrhosis, or kidney disease</item>
                           <item>
                              <caption>•</caption>you are taking a diuretic</item>
                           <item>
                              <caption>•</caption>you have problems or serious side effects from taking pain relievers or fever reducers</item>
                           <item>
                              <caption>•</caption>you have asthma</item>
                        </list>
                     </text>
                     <effectiveTime value="20130912"/>
                  </section>
               </component>
               <component>
                  <section ID="i4i_OTC_Ask_Doctor_Pharmacist_id_532a1955-631c-4eb7-8dc3-c88d3f824da5">
                     <id root="995d7308-de94-4292-9892-627a46dcdefd"/>
                     <code code="50568-5" codeSystem="2.16.840.1.113883.6.1" displayName="OTC - ASK DOCTOR/PHARMACIST SECTION"/>
                     <title>Ask a doctor or pharmacist before use if you are</title>
                     <text>
                        <list listType="unordered">
                           <item>
                              <caption>•</caption>under a doctor’s care for any serious condition</item>
                           <item>
                              <caption>•</caption>taking any other drug</item>
                        </list>
                     </text>
                     <effectiveTime value="20130912"/>
                  </section>
               </component>
               <component>
                  <section ID="i4i_OTC_When_Using_id_44ecf36f-5e01-4a7c-bd7c-f73be63bc6ab">
                     <id root="54153ed5-5805-4f35-9475-52d2c50a2ecc"/>
                     <code code="50567-7" codeSystem="2.16.840.1.113883.6.1" displayName="OTC - WHEN USING SECTION"/>
                     <title>When using this product</title>
                     <text>
                        <list listType="unordered">
                           <item>
                              <caption>•</caption>take with food or milk if stomach upset occurs</item>
                           <item>
                              <caption>•</caption>the risk of heart attack or stroke may increase if you use more than directed or for longer than directed</item>
                        </list>
                     </text>
                     <effectiveTime value="20130912"/>
                  </section>
               </component>
               <component>
                  <section ID="i4i_OTC_Stop_Use_id_2bd0302a-799b-40be-9aaf-4a92e2d3b893">
                     <id root="77bff1b0-a6ea-4f1f-8132-85d4a3cfb63a"/>
                     <code code="50566-9" codeSystem="2.16.840.1.113883.6.1" displayName="OTC - STOP USE SECTION"/>
                     <title>Stop use and ask a doctor if</title>
                     <text>
                        <list listType="unordered">
                           <item>
                              <caption>•</caption>you experience any of the following signs of stomach bleeding:</item>
                           <item>
                              <caption>•</caption>feel faint</item>
                           <item>
                              <caption>•</caption>vomit blood</item>
                           <item>
                              <caption>•</caption>have bloody or black stools</item>
                           <item>
                              <caption>•</caption>have stomach pain that does not get better</item>
                           <item>
                              <caption>•</caption>pain gets worse or lasts more than 10 days</item>
                           <item>
                              <caption>•</caption>fever gets worse or lasts more than 3 days</item>
                           <item>
                              <caption>•</caption>you have difficulty swallowing</item>
                           <item>
                              <caption>•</caption>it feels like the pill is stuck in your throat</item>
                           <item>
                              <caption>•</caption>redness or swelling is present in the painful area</item>
                           <item>
                              <caption>•</caption>any new symptoms appear</item>
                        </list>
                     </text>
                     <effectiveTime value="20130912"/>
                  </section>
               </component>
               <component>
                  <section ID="i4i_OTC_Pregancy_Breastfeeding_id_f9ec6d8e-fffa-403b-bb81-474fb3a7c555">
                     <id root="a36f5ecd-b481-4e79-82ee-fedec84acef2"/>
                     <code code="53414-9" codeSystem="2.16.840.1.113883.6.1" displayName="OTC - PREGNANCY OR BREAST FEEDING SECTION"/>
                     <title>If pregnant or breast-feeding,</title>
                     <text>
                        <paragraph>ask a health professional before use.  It is especially important not to use naproxen sodium during the last 3 months of pregnancy unless definitely directed to do so by a doctor because it may cause problems in the unborn child or complications during delivery.</paragraph>
                     </text>
                     <effectiveTime value="20130912"/>
                  </section>
               </component>
               <component>
                  <section ID="i4i_OTC_Keep_Away_Children_id_eb46c5e6-f3ce-41b0-a832-9862d47d1489">
                     <id root="1c6030dd-060c-48e3-af4d-c005de3d3280"/>
                     <code code="50565-1" codeSystem="2.16.840.1.113883.6.1" displayName="OTC - KEEP OUT OF REACH OF CHILDREN SECTION"/>
                     <title>Keep out of reach of children.</title>
                     <text>
                        <paragraph>In case of overdose, get medical help or contact a Poison Control Center right away. (1-800-222-1222)</paragraph>
                     </text>
                     <effectiveTime value="20130912"/>
                  </section>
               </component>
            </section>
         </component>
         <component>
            <section ID="i4i_dosage_admin_id_aaa36ed6-d753-4e57-b32b-ac4e25e40f9e">
               <id root="9b313db7-0b18-4daf-b27d-5c3adff84095"/>
               <code code="34068-7" codeSystem="2.16.840.1.113883.6.1" displayName="DOSAGE &amp; ADMINISTRATION SECTION"/>
               <title>Directions</title>
               <text>
                  <list listType="unordered">
                     <item>
                        <caption>•</caption>do not take more than directed</item>
                     <item>
                        <caption>•</caption>the smallest effective dose should be used</item>
                     <item>
                        <caption>•</caption>drink a full glass of water with each dose</item>
                  </list>
                  <table width="100%">
                     <col width="17%"/>
                     <col width="73%"/>
                     <tbody>
                        <tr>
                           <td styleCode="Rrule Botrule Lrule Toprule " valign="top">
                              <paragraph>Adults and children 12 years and older</paragraph>
                           </td>
                           <td styleCode="Rrule Botrule Lrule Toprule " valign="top">
                              <list listType="unordered">
                                 <item>
                                    <caption>•</caption>take 1 caplet every 8 to 12 hours while symptoms last</item>
                                 <item>
                                    <caption>•</caption>for the first dose you may take 2 caplets within the first hour</item>
                                 <item>
                                    <caption>•</caption>do not exceed 2 caplets in any 8- to 12-hour period</item>
                                 <item>
                                    <caption>•</caption>do not exceed 3 caplets in a 24-hour period</item>
                              </list>
                           </td>
                        </tr>
                        <tr>
                           <td styleCode="Rrule Botrule Lrule Toprule " valign="top">
                              <paragraph>Children under 12 years</paragraph>
                           </td>
                           <td styleCode="Rrule Botrule Lrule Toprule " valign="top">
                              <list listType="unordered">
                                 <item>
                                    <caption>•</caption>ask a doctor</item>
                              </list>
                           </td>
                        </tr>
                     </tbody>
                  </table>
               </text>
               <effectiveTime value="20191122"/>
            </section>
         </component>
         <component>
            <section ID="i4i_storage_id_4038ccbe-4c80-4dd2-95d3-66ac6fa32067">
               <id root="3076e04e-e742-4560-b856-f433c7b463e6"/>
               <code code="44425-7" codeSystem="2.16.840.1.113883.6.1" displayName="STORAGE AND HANDLING SECTION"/>
               <title>Other information</title>
               <text>
                  <list listType="unordered">
                     <item>
                        <caption>•</caption>each caplet contains: sodium 21 mg</item>
                     <item>
                        <caption>•</caption>store at 20-25°C (68-77°F).  Avoid high humidity and excessive heat above 40°C (104°F).</item>
                  </list>
               </text>
               <effectiveTime value="20130912"/>
            </section>
         </component>
         <component>
            <section ID="i4i_inactive_ingredients_id_311d89cf-cefb-4ce5-840c-4da747fff34c">
               <id root="ac8b1663-c288-4015-9ed4-ba786ed1324d"/>
               <code code="51727-6" codeSystem="2.16.840.1.113883.6.1" displayName="INACTIVE INGREDIENT SECTION"/>
               <title>Inactive ingredients</title>
               <text>
                  <paragraph>FD&amp;C blue no. 2 aluminum lake, hypromellose, magnesium stearate, microcrystalline cellulose, polyethylene glycol, povidone, talc, titanium dioxide</paragraph>
               </text>
               <effectiveTime value="20130912"/>
            </section>
         </component>
         <component>
            <section ID="i4i_OTC_Questions_id_6a5f592a-2b22-4220-8c6c-41f911420e41">
               <id root="82d8ca22-0aca-4473-be2d-72ad768fd7ea"/>
               <code code="53413-1" codeSystem="2.16.840.1.113883.6.1" displayName="OTC - QUESTIONS SECTION"/>
               <title>Questions or comments?</title>
               <text>
                  <paragraph>
                     <content styleCode="bold">1-888-287-1915</content>
                  </paragraph>
               </text>
               <effectiveTime value="20191122"/>
            </section>
         </component>
         <component>
            <section ID="i4i_Principal_display_panel_id_d8c32294-3201-458c-a5d3-c1b5893b129d">
               <id root="1e0ed15e-c840-4855-913a-648439890fe8"/>
               <code code="51945-4" codeSystem="2.16.840.1.113883.6.1" displayName="PACKAGE LABEL.PRINCIPAL DISPLAY PANEL"/>
               <title>Principal Display Panel</title>
               <text>
                  <paragraph>EASY OPEN CAP</paragraph>
                  <paragraph>Compare to Aleve<sup>®</sup> Caplets Active Ingredient</paragraph>
                  <paragraph>Naproxen Sodium Tablets, 220 mg</paragraph>
                  <paragraph>Pain Reliever/Fever Reducer (NSAID)</paragraph>
                  <paragraph>Strength to Last 12 Hours</paragraph>
                  <paragraph>PACKAGE NOT CHILD RESISTANT</paragraph>
                  <paragraph>220 mg</paragraph>
                  <paragraph>225 CAPLETS<sup>†</sup>
                  </paragraph>
                  <paragraph>
                     <sup>†</sup>Capsule Shaped Tablets</paragraph>
                  <paragraph>Actual Size</paragraph>
                  <renderMultiMedia ID="id2108697872" referencedObject="D37E5761-9719-43B4-BF5B-7BC29F33F660"/>
                  <renderMultiMedia ID="id1838728442" referencedObject="ID_4705c15f-9709-461c-ba77-a113135b1636"/>
               </text>
               <effectiveTime value="20191122"/>
               <component>
                  <observationMedia ID="D37E5761-9719-43B4-BF5B-7BC29F33F660">
                     <text>Equate Naproxen Sodium Image 1</text>
                     <value mediaType="image/jpeg" xsi:type="ED">
                        <reference value="image-01.jpg"/>
                     </value>
                  </observationMedia>
               </component>
               <component>
                  <observationMedia ID="ID_4705c15f-9709-461c-ba77-a113135b1636">
                     <text>Equate Naproxen Sodium Image 2</text>
                     <value mediaType="image/jpeg" xsi:type="ED">
                        <reference value="image-02.jpg"/>
                     </value>
                  </observationMedia>
               </component>
            </section>
         </component>
      </structuredBody>
   </component>
</document>