<?xml version="1.0" encoding="UTF-8"?><?xml-stylesheet href="http://www.accessdata.fda.gov/spl/stylesheet/spl.xsl" type="text/xsl"?>
<document xmlns="urn:hl7-org:v3" xmlns:xsi="http://www.w3.org/2001/XMLSchema-instance" xsi:schemaLocation="urn:hl7-org:v3 http://www.accessdata.fda.gov/spl/schema/spl.xsd">
   <id root="2d748080-2d3f-4208-8435-0bcab549ffd5"/>
   <code code="34390-5" codeSystem="2.16.840.1.113883.6.1" displayName="HUMAN OTC DRUG LABEL"/>
   <title>Ibuprofen Caplets, USP<br/>
Fever reducer/ Pain Reliever (NSAID)</title>
   <effectiveTime value="20120221"/>
   <setId root="a8c6bc4e-1e48-4613-8cbf-8c5cd9d51ad0"/>
   <versionNumber value="3"/>
   <author>
      <time/>
      <assignedEntity>
         <representedOrganization>
            <id extension="123797875" root="1.3.6.1.4.1.519.1"/>
            <name>Amneal Pharmaceuticals</name>
            <assignedEntity>
               <assignedOrganization>
                  <id extension="123797875" root="1.3.6.1.4.1.519.1"/>
                  <name>Amneal Pharmaceuticals</name>
                  <assignedEntity>
                     <assignedOrganization>
                        <id extension="831227801" root="1.3.6.1.4.1.519.1"/>
                        <name>Amneal Pharmaceuticals</name>
                     </assignedOrganization>
                     <performance>
                        <actDefinition>
                           <code code="C25391" codeSystem="2.16.840.1.113883.3.26.1.1" displayName="ANALYSIS"/>
                        </actDefinition>
                     </performance>
                     <performance>
                        <actDefinition>
                           <code code="C43360" codeSystem="2.16.840.1.113883.3.26.1.1" displayName="MANUFACTURE"/>
                        </actDefinition>
                     </performance>
                     <performance>
                        <actDefinition>
                           <code code="C84732" codeSystem="2.16.840.1.113883.3.26.1.1" displayName="LABEL"/>
                        </actDefinition>
                     </performance>
                     <performance>
                        <actDefinition>
                           <code code="C84731" codeSystem="2.16.840.1.113883.3.26.1.1" displayName="PACK"/>
                        </actDefinition>
                     </performance>
                  </assignedEntity>
               </assignedOrganization>
            </assignedEntity>
         </representedOrganization>
      </assignedEntity>
   </author>
   <component>
      <structuredBody>
         <component>
            <section>
               <id root="0dc0f412-bc91-4fc8-8cf2-6e254626dc8f"/>
               <code code="48780-1" codeSystem="2.16.840.1.113883.6.1" displayName="SPL listing data elements section"/>
               <effectiveTime value="20120221"/>
               <subject>
                  <manufacturedProduct>
                     <manufacturedProduct>
                        <code code="53746-144" codeSystem="2.16.840.1.113883.6.69"/>
                        <name>Ibuprofen<suffix>(NSAID) Pain Releiver/ Fever Reducer</suffix>
                        </name>
                        <formCode code="C42998" codeSystem="2.16.840.1.113883.3.26.1.1" displayName="TABLET"/>
                        <asEntityWithGeneric>
                           <genericMedicine>
                              <name>Ibuprofen</name>
                           </genericMedicine>
                        </asEntityWithGeneric>
                        <ingredient classCode="ACTIB">
                           <quantity>
                              <numerator value="200" unit="mg"/>
                              <denominator value="1" unit="1"/>
                           </quantity>
                           <ingredientSubstance>
                              <code code="WK2XYI10QM" codeSystem="2.16.840.1.113883.4.9"/>
                              <name>IBUPROFEN</name>
                              <activeMoiety>
                                 <activeMoiety>
                                    <code code="WK2XYI10QM" codeSystem="2.16.840.1.113883.4.9"/>
                                    <name>IBUPROFEN</name>
                                 </activeMoiety>
                              </activeMoiety>
                           </ingredientSubstance>
                        </ingredient>
                        <ingredient classCode="IACT">
                           <ingredientSubstance>
                              <code code="3SY5LH9PMK" codeSystem="2.16.840.1.113883.4.9"/>
                              <name>ANHYDROUS LACTOSE</name>
                           </ingredientSubstance>
                        </ingredient>
                        <ingredient classCode="IACT">
                           <ingredientSubstance>
                              <code code="R12CBM0EIZ" codeSystem="2.16.840.1.113883.4.9"/>
                              <name>CARNAUBA WAX</name>
                           </ingredientSubstance>
                        </ingredient>
                        <ingredient classCode="IACT">
                           <ingredientSubstance>
                              <code code="ETJ7Z6XBU4" codeSystem="2.16.840.1.113883.4.9"/>
                              <name>SILICON DIOXIDE</name>
                           </ingredientSubstance>
                        </ingredient>
                        <ingredient classCode="IACT">
                           <ingredientSubstance>
                              <code code="3NXW29V3WO" codeSystem="2.16.840.1.113883.4.9"/>
                              <name>HYPROMELLOSES</name>
                           </ingredientSubstance>
                        </ingredient>
                        <ingredient classCode="IACT">
                           <ingredientSubstance>
                              <code code="1K09F3G675" codeSystem="2.16.840.1.113883.4.9"/>
                              <name>FERRIC OXIDE RED</name>
                           </ingredientSubstance>
                        </ingredient>
                        <ingredient classCode="IACT">
                           <ingredientSubstance>
                              <code code="70097M6I30" codeSystem="2.16.840.1.113883.4.9"/>
                              <name>MAGNESIUM STEARATE</name>
                           </ingredientSubstance>
                        </ingredient>
                        <ingredient classCode="IACT">
                           <ingredientSubstance>
                              <code code="OP1R32D61U" codeSystem="2.16.840.1.113883.4.9"/>
                              <name>CELLULOSE, MICROCRYSTALLINE</name>
                           </ingredientSubstance>
                        </ingredient>
                        <ingredient classCode="IACT">
                           <ingredientSubstance>
                              <code code="VH2XOU12IE" codeSystem="2.16.840.1.113883.4.9"/>
                              <name>POLYDEXTROSE</name>
                           </ingredientSubstance>
                        </ingredient>
                        <ingredient classCode="IACT">
                           <ingredientSubstance>
                              <code code="3WJQ0SDW1A" codeSystem="2.16.840.1.113883.4.9"/>
                              <name>POLYETHYLENE GLYCOL</name>
                           </ingredientSubstance>
                        </ingredient>
                        <ingredient classCode="IACT">
                           <ingredientSubstance>
                              <code code="FZ989GH94E" codeSystem="2.16.840.1.113883.4.9"/>
                              <name>POVIDONE</name>
                           </ingredientSubstance>
                        </ingredient>
                        <ingredient classCode="IACT">
                           <ingredientSubstance>
                              <code code="368GB5141J" codeSystem="2.16.840.1.113883.4.9"/>
                              <name>SODIUM LAURYL SULFATE</name>
                           </ingredientSubstance>
                        </ingredient>
                        <ingredient classCode="IACT">
                           <ingredientSubstance>
                              <code code="5856J3G2A2" codeSystem="2.16.840.1.113883.4.9"/>
                              <name>SODIUM STARCH GLYCOLATE TYPE A POTATO</name>
                           </ingredientSubstance>
                        </ingredient>
                        <ingredient classCode="IACT">
                           <ingredientSubstance>
                              <code code="O8232NY3SJ" codeSystem="2.16.840.1.113883.4.9"/>
                              <name>STARCH, CORN</name>
                           </ingredientSubstance>
                        </ingredient>
                        <ingredient classCode="IACT">
                           <ingredientSubstance>
                              <code code="15FIX9V2JP" codeSystem="2.16.840.1.113883.4.9"/>
                              <name>TITANIUM DIOXIDE</name>
                           </ingredientSubstance>
                        </ingredient>
                        <asContent>
                           <quantity>
                              <numerator value="24" unit="1">
                                 <translation code="C48542" codeSystem="2.16.840.1.113883.3.26.1.1" displayName="TABLET"/>
                              </numerator>
                              <denominator value="1"/>
                           </quantity>
                           <containerPackagedProduct>
                              <code code="53746-144-24" codeSystem="2.16.840.1.113883.6.69"/>
                              <formCode code="C43169" codeSystem="2.16.840.1.113883.3.26.1.1" displayName="BOTTLE"/>
                           </containerPackagedProduct>
                        </asContent>
                        <asContent>
                           <quantity>
                              <numerator value="100" unit="1">
                                 <translation code="C48542" codeSystem="2.16.840.1.113883.3.26.1.1" displayName="TABLET"/>
                              </numerator>
                              <denominator value="1"/>
                           </quantity>
                           <containerPackagedProduct>
                              <code code="53746-144-01" codeSystem="2.16.840.1.113883.6.69"/>
                              <formCode code="C43169" codeSystem="2.16.840.1.113883.3.26.1.1" displayName="BOTTLE"/>
                           </containerPackagedProduct>
                        </asContent>
                        <asContent>
                           <quantity>
                              <numerator value="1000" unit="1">
                                 <translation code="C48542" codeSystem="2.16.840.1.113883.3.26.1.1" displayName="TABLET"/>
                              </numerator>
                              <denominator value="1"/>
                           </quantity>
                           <containerPackagedProduct>
                              <code code="53746-144-10" codeSystem="2.16.840.1.113883.6.69"/>
                              <formCode code="C43169" codeSystem="2.16.840.1.113883.3.26.1.1" displayName="BOTTLE"/>
                           </containerPackagedProduct>
                        </asContent>
                     </manufacturedProduct>
                     <subjectOf>
                        <approval>
                           <id extension="ANDA072199" root="2.16.840.1.113883.3.150"/>
                           <code code="C73584" codeSystem="2.16.840.1.113883.3.26.1.1" displayName="ANDA"/>
                           <author>
                              <territorialAuthority>
                                 <territory>
                                    <code code="USA" codeSystem="2.16.840.1.113883.5.28"/>
                                 </territory>
                              </territorialAuthority>
                           </author>
                        </approval>
                     </subjectOf>
                     <subjectOf>
                        <marketingAct>
                           <code code="C53292" codeSystem="2.16.840.1.113883.3.26.1.1"/>
                           <statusCode code="active"/>
                           <effectiveTime>
                              <low value="20091216"/>
                           </effectiveTime>
                        </marketingAct>
                     </subjectOf>
                     <subjectOf>
                        <characteristic classCode="OBS">
                           <code code="SPLCOLOR" codeSystem="2.16.840.1.113883.1.11.19255"/>
                           <value code="C48331" codeSystem="2.16.840.1.113883.3.26.1.1" displayName="ORANGE" xsi:type="CE">
                              <originalText/>
                           </value>
                        </characteristic>
                     </subjectOf>
                     <subjectOf>
                        <characteristic classCode="OBS">
                           <code code="SPLIMPRINT" codeSystem="2.16.840.1.113883.1.11.19255"/>
                           <value xsi:type="ST">IP;144</value>
                        </characteristic>
                     </subjectOf>
                     <subjectOf>
                        <characteristic classCode="OBS">
                           <code code="SPLSHAPE" codeSystem="2.16.840.1.113883.1.11.19255"/>
                           <value code="C48336" codeSystem="2.16.840.1.113883.3.26.1.1" displayName="CAPSULE" xsi:type="CE">
                              <originalText/>
                           </value>
                        </characteristic>
                     </subjectOf>
                     <subjectOf>
                        <characteristic classCode="OBS">
                           <code code="SPLSIZE" codeSystem="2.16.840.1.113883.1.11.19255"/>
                           <value unit="mm" value="14" xsi:type="PQ"/>
                        </characteristic>
                     </subjectOf>
                     <subjectOf>
                        <characteristic classCode="OBS">
                           <code code="SPLSCORE" codeSystem="2.16.840.1.113883.1.11.19255"/>
                           <value value="1" xsi:type="INT"/>
                        </characteristic>
                     </subjectOf>
                     <consumedIn>
                        <substanceAdministration>
                           <routeCode code="C38288" codeSystem="2.16.840.1.113883.3.26.1.1" displayName="ORAL"/>
                        </substanceAdministration>
                     </consumedIn>
                  </manufacturedProduct>
               </subject>
               <subject>
                  <manufacturedProduct>
                     <manufacturedProduct>
                        <code code="53746-142" codeSystem="2.16.840.1.113883.6.69"/>
                        <name>Ibuprofen<suffix>(NSAID) Pain Releiver/ Fever Reducer</suffix>
                        </name>
                        <formCode code="C42998" codeSystem="2.16.840.1.113883.3.26.1.1" displayName="TABLET"/>
                        <asEntityWithGeneric>
                           <genericMedicine>
                              <name>Ibuprofen</name>
                           </genericMedicine>
                        </asEntityWithGeneric>
                        <ingredient classCode="ACTIB">
                           <quantity>
                              <numerator value="200" unit="mg"/>
                              <denominator value="1" unit="1"/>
                           </quantity>
                           <ingredientSubstance>
                              <code code="WK2XYI10QM" codeSystem="2.16.840.1.113883.4.9"/>
                              <name>IBUPROFEN</name>
                              <activeMoiety>
                                 <activeMoiety>
                                    <code code="WK2XYI10QM" codeSystem="2.16.840.1.113883.4.9"/>
                                    <name>IBUPROFEN</name>
                                 </activeMoiety>
                              </activeMoiety>
                           </ingredientSubstance>
                        </ingredient>
                        <ingredient classCode="IACT">
                           <ingredientSubstance>
                              <code code="3SY5LH9PMK" codeSystem="2.16.840.1.113883.4.9"/>
                              <name>ANHYDROUS LACTOSE</name>
                           </ingredientSubstance>
                        </ingredient>
                        <ingredient classCode="IACT">
                           <ingredientSubstance>
                              <code code="R12CBM0EIZ" codeSystem="2.16.840.1.113883.4.9"/>
                              <name>CARNAUBA WAX</name>
                           </ingredientSubstance>
                        </ingredient>
                        <ingredient classCode="IACT">
                           <ingredientSubstance>
                              <code code="ETJ7Z6XBU4" codeSystem="2.16.840.1.113883.4.9"/>
                              <name>SILICON DIOXIDE</name>
                           </ingredientSubstance>
                        </ingredient>
                        <ingredient classCode="IACT">
                           <ingredientSubstance>
                              <code code="3NXW29V3WO" codeSystem="2.16.840.1.113883.4.9"/>
                              <name>HYPROMELLOSES</name>
                           </ingredientSubstance>
                        </ingredient>
                        <ingredient classCode="IACT">
                           <ingredientSubstance>
                              <code code="H77VEI93A8" codeSystem="2.16.840.1.113883.4.9"/>
                              <name>FD&amp;C YELLOW NO. 6</name>
                           </ingredientSubstance>
                        </ingredient>
                        <ingredient classCode="IACT">
                           <ingredientSubstance>
                              <code code="70097M6I30" codeSystem="2.16.840.1.113883.4.9"/>
                              <name>MAGNESIUM STEARATE</name>
                           </ingredientSubstance>
                        </ingredient>
                        <ingredient classCode="IACT">
                           <ingredientSubstance>
                              <code code="OP1R32D61U" codeSystem="2.16.840.1.113883.4.9"/>
                              <name>CELLULOSE, MICROCRYSTALLINE</name>
                           </ingredientSubstance>
                        </ingredient>
                        <ingredient classCode="IACT">
                           <ingredientSubstance>
                              <code code="VH2XOU12IE" codeSystem="2.16.840.1.113883.4.9"/>
                              <name>POLYDEXTROSE</name>
                           </ingredientSubstance>
                        </ingredient>
                        <ingredient classCode="IACT">
                           <ingredientSubstance>
                              <code code="3WJQ0SDW1A" codeSystem="2.16.840.1.113883.4.9"/>
                              <name>POLYETHYLENE GLYCOL</name>
                           </ingredientSubstance>
                        </ingredient>
                        <ingredient classCode="IACT">
                           <ingredientSubstance>
                              <code code="FZ989GH94E" codeSystem="2.16.840.1.113883.4.9"/>
                              <name>POVIDONE</name>
                           </ingredientSubstance>
                        </ingredient>
                        <ingredient classCode="IACT">
                           <ingredientSubstance>
                              <code code="368GB5141J" codeSystem="2.16.840.1.113883.4.9"/>
                              <name>SODIUM LAURYL SULFATE</name>
                           </ingredientSubstance>
                        </ingredient>
                        <ingredient classCode="IACT">
                           <ingredientSubstance>
                              <code code="5856J3G2A2" codeSystem="2.16.840.1.113883.4.9"/>
                              <name>SODIUM STARCH GLYCOLATE TYPE A POTATO</name>
                           </ingredientSubstance>
                        </ingredient>
                        <ingredient classCode="IACT">
                           <ingredientSubstance>
                              <code code="O8232NY3SJ" codeSystem="2.16.840.1.113883.4.9"/>
                              <name>STARCH, CORN</name>
                           </ingredientSubstance>
                        </ingredient>
                        <ingredient classCode="IACT">
                           <ingredientSubstance>
                              <code code="15FIX9V2JP" codeSystem="2.16.840.1.113883.4.9"/>
                              <name>TITANIUM DIOXIDE</name>
                           </ingredientSubstance>
                        </ingredient>
                        <asContent>
                           <quantity>
                              <numerator value="24" unit="1">
                                 <translation code="C48542" codeSystem="2.16.840.1.113883.3.26.1.1" displayName="TABLET"/>
                              </numerator>
                              <denominator value="1"/>
                           </quantity>
                           <containerPackagedProduct>
                              <code code="53746-142-24" codeSystem="2.16.840.1.113883.6.69"/>
                              <formCode code="C43169" codeSystem="2.16.840.1.113883.3.26.1.1" displayName="BOTTLE"/>
                           </containerPackagedProduct>
                        </asContent>
                        <asContent>
                           <quantity>
                              <numerator value="100" unit="1">
                                 <translation code="C48542" codeSystem="2.16.840.1.113883.3.26.1.1" displayName="TABLET"/>
                              </numerator>
                              <denominator value="1"/>
                           </quantity>
                           <containerPackagedProduct>
                              <code code="53746-142-01" codeSystem="2.16.840.1.113883.6.69"/>
                              <formCode code="C43169" codeSystem="2.16.840.1.113883.3.26.1.1" displayName="BOTTLE"/>
                           </containerPackagedProduct>
                        </asContent>
                        <asContent>
                           <quantity>
                              <numerator value="1000" unit="1">
                                 <translation code="C48542" codeSystem="2.16.840.1.113883.3.26.1.1" displayName="TABLET"/>
                              </numerator>
                              <denominator value="1"/>
                           </quantity>
                           <containerPackagedProduct>
                              <code code="53746-142-10" codeSystem="2.16.840.1.113883.6.69"/>
                              <formCode code="C43169" codeSystem="2.16.840.1.113883.3.26.1.1" displayName="BOTTLE"/>
                           </containerPackagedProduct>
                        </asContent>
                     </manufacturedProduct>
                     <subjectOf>
                        <approval>
                           <id extension="ANDA072199" root="2.16.840.1.113883.3.150"/>
                           <code code="C73584" codeSystem="2.16.840.1.113883.3.26.1.1" displayName="ANDA"/>
                           <author>
                              <territorialAuthority>
                                 <territory>
                                    <code code="USA" codeSystem="2.16.840.1.113883.5.28"/>
                                 </territory>
                              </territorialAuthority>
                           </author>
                        </approval>
                     </subjectOf>
                     <subjectOf>
                        <marketingAct>
                           <code code="C53292" codeSystem="2.16.840.1.113883.3.26.1.1"/>
                           <statusCode code="active"/>
                           <effectiveTime>
                              <low value="20091216"/>
                           </effectiveTime>
                        </marketingAct>
                     </subjectOf>
                     <subjectOf>
                        <characteristic classCode="OBS">
                           <code code="SPLCOLOR" codeSystem="2.16.840.1.113883.1.11.19255"/>
                           <value code="C48332" codeSystem="2.16.840.1.113883.3.26.1.1" displayName="BROWN" xsi:type="CE">
                              <originalText/>
                           </value>
                        </characteristic>
                     </subjectOf>
                     <subjectOf>
                        <characteristic classCode="OBS">
                           <code code="SPLIMPRINT" codeSystem="2.16.840.1.113883.1.11.19255"/>
                           <value xsi:type="ST">IP;142</value>
                        </characteristic>
                     </subjectOf>
                     <subjectOf>
                        <characteristic classCode="OBS">
                           <code code="SPLSHAPE" codeSystem="2.16.840.1.113883.1.11.19255"/>
                           <value code="C48336" codeSystem="2.16.840.1.113883.3.26.1.1" displayName="CAPSULE" xsi:type="CE">
                              <originalText/>
                           </value>
                        </characteristic>
                     </subjectOf>
                     <subjectOf>
                        <characteristic classCode="OBS">
                           <code code="SPLSIZE" codeSystem="2.16.840.1.113883.1.11.19255"/>
                           <value unit="mm" value="14" xsi:type="PQ"/>
                        </characteristic>
                     </subjectOf>
                     <subjectOf>
                        <characteristic classCode="OBS">
                           <code code="SPLSCORE" codeSystem="2.16.840.1.113883.1.11.19255"/>
                           <value value="1" xsi:type="INT"/>
                        </characteristic>
                     </subjectOf>
                     <consumedIn>
                        <substanceAdministration>
                           <routeCode code="C38288" codeSystem="2.16.840.1.113883.3.26.1.1" displayName="ORAL"/>
                        </substanceAdministration>
                     </consumedIn>
                  </manufacturedProduct>
               </subject>
            </section>
         </component>
         <component>
            <section>
               <id root="ad98ce7f-caee-4335-afb1-9c995feefead"/>
               <code code="42229-5" codeSystem="2.16.840.1.113883.6.1" displayName="SPL UNCLASSIFIED SECTION"/>
               <title>
                  <content styleCode="bold"/>
               </title>
               <text>
                  <paragraph>
                     <content styleCode="bold italics">Drug Facts</content>
                  </paragraph>
               </text>
               <effectiveTime value="20100615"/>
            </section>
         </component>
         <component>
            <section>
               <id root="aac50fda-3f3c-402a-acf1-a5ea630c6fd3"/>
               <code code="55106-9" codeSystem="2.16.840.1.113883.6.1" displayName="OTC - ACTIVE INGREDIENT SECTION"/>
               <title>
                  <content styleCode="bold">ACTIVE INGREDIENT
</content>
               </title>
               <text>
                  <paragraph>
                     <content styleCode="bold italics">(in each caplet) </content>
                  </paragraph>
                  <paragraph>Ibuprofen USP, 200 mg (NSAID)**</paragraph>
                  <paragraph>**nonsteroidal anti-inflammatory drug</paragraph>
               </text>
               <effectiveTime value="20100118"/>
            </section>
         </component>
         <component>
            <section>
               <id root="aa52d00c-c974-472d-8551-cc52640c96a4"/>
               <code code="55105-1" codeSystem="2.16.840.1.113883.6.1" displayName="OTC - PURPOSE SECTION"/>
               <title>
                  <content styleCode="bold">PURPOSE
</content>
               </title>
               <text>
                  <paragraph>Pain reliever/fever reducer</paragraph>
               </text>
               <effectiveTime value="20100118"/>
            </section>
         </component>
         <component>
            <section>
               <id root="a4c5ae5c-6e94-4ea6-b47d-df08f210c3e3"/>
               <code code="34067-9" codeSystem="2.16.840.1.113883.6.1" displayName="INDICATIONS &amp; USAGE SECTION"/>
               <title>
                  <content styleCode="bold">INDICATIONS AND USAGE
</content>
               </title>
               <text>
                  <list listType="unordered" styleCode="Disc">
                     <item>temporarily relieves minor aches and pains due to:</item>
                     <item>headache</item>
                     <item>muscular aches</item>
                     <item>minor pain of arthritis</item>
                     <item>toothache</item>
                     <item>backache</item>
                     <item>the common cold</item>
                     <item>menstrual cramps</item>
                     <item>temporarily reduces fever</item>
                  </list>
               </text>
               <effectiveTime value="20100924"/>
            </section>
         </component>
         <component>
            <section>
               <id root="a0632fd1-2c3d-4a84-bbde-d3a2c001ebb0"/>
               <code code="34071-1" codeSystem="2.16.840.1.113883.6.1" displayName="WARNINGS SECTION"/>
               <title>
                  <content styleCode="bold">WARNINGS
</content>
               </title>
               <text>
                  <paragraph>
                     <content styleCode="bold">Allergy alert: </content>Ibuprofen may cause a severe allergic reaction, especially in people allergic to aspirin. Symptoms may include:</paragraph>
                  <list listType="unordered" styleCode="Disc">
                     <item>hives</item>
                     <item>facial swelling</item>
                     <item>asthma(wheezing)</item>
                     <item>shock</item>
                     <item>skin reddening</item>
                     <item>rash</item>
                     <item>blisters</item>
                  </list>
                  <paragraph>If an allergic reaction occurs, stop use and seek medical help right away.</paragraph>
                  <paragraph>
                     <content styleCode="bold">Stomach bleeding warning</content>: This product contains a nonsteroidal anti-inflammatory drug (NSAID), which may cause severe stomach bleeding. The chances are higher if you:</paragraph>
                  <list listType="unordered" styleCode="Disc">
                     <item>are age 60 or older</item>
                     <item>have had stomach ulcers or bleeding problems</item>
                     <item>take a blood thinning (anticoagulant) or steroid drug</item>
                     <item>take other drugs containing prescription or nonprescription NSAIDs (aspirin, ibuprofen, naproxen, or others)</item>
                     <item>have 3 or more alcoholic drinks every day while using this product</item>
                     <item>take more or for a longer time than directed</item>
                  </list>
                  <paragraph>
                     <content styleCode="bold">Do not use</content>
                  </paragraph>
                  <list listType="unordered" styleCode="Disc">
                     <item>if you have ever had an allergic reaction to any other pain reliever/fever reducer</item>
                     <item>right before or after heart surgery</item>
                  </list>
                  <paragraph>
                     <content styleCode="bold">Ask a doctor before use if</content>
                  </paragraph>
                  <list listType="unordered" styleCode="Disc">
                     <item>you have problems or serious side effects from taking pain relievers or fever reducers</item>
                     <item>the stomach bleeding warning applies to you</item>
                     <item>you have a history of stomach problems such as heartburn</item>
                     <item>you have high blood pressure, heart disease, liver cirrhosis, or kidney disease</item>
                     <item>you have asthma</item>
                     <item>you are taking a diuretic</item>
                  </list>
                  <paragraph>
                     <content styleCode="bold">Ask a doctor or pharmacist before use if you are</content>
                  </paragraph>
                  <list listType="unordered" styleCode="Disc">
                     <item>taking aspirin for heart attack or stroke, because ibuprofen may decrease this benefit of aspirin</item>
                     <item>under a doctor's care for any serious condition</item>
                     <item>taking any other drug</item>
                     <item>taking any other drug containing an NSAID (prescription or nonprescription)</item>
                     <item>taking a blood thinning (anticoagulant) or steroid drug</item>
                  </list>
                  <paragraph>
                     <content styleCode="bold">When using this product</content>
                  </paragraph>
                  <list listType="unordered" styleCode="Disc">
                     <item>take with food or milk if stomach upset occurs</item>
                     <item>long term continuous use may increase the risk of heart attack or stroke</item>
                  </list>
                  <paragraph>
                     <content styleCode="bold">Stop use and ask a doctor if</content>
                  </paragraph>
                  <list listType="unordered" styleCode="Disc">
                     <item>you experience any of the following signs of stomach bleeding</item>
                     <item>feel faint</item>
                     <item>vomit blood</item>
                     <item>have bloody or black stools</item>
                     <item>have stomach pain that does not get better</item>
                     <item>pain gets worse or lasts more than 10 days</item>
                     <item>fever gets worse or lasts more than 3 days</item>
                     <item>redness or swelling is present in the painful area</item>
                     <item>any new symptoms appear</item>
                  </list>
                  <paragraph>
                     <content styleCode="bold">If pregnant or breast-feeding,</content> ask a health professional before use. It is especially important not to use ibuprofen during the last 3 months of pregnancy unless definitely directed to do so by a doctor because it may cause problems in the unborn child or complications during delivery.</paragraph>
               </text>
               <effectiveTime value="20100118"/>
            </section>
         </component>
         <component>
            <section>
               <id root="a20f55ca-8f5d-4d1a-b9b5-a043e2a39217"/>
               <code code="50565-1" codeSystem="2.16.840.1.113883.6.1" displayName="OTC - KEEP OUT OF REACH OF CHILDREN SECTION"/>
               <title>
                  <content styleCode="bold">KEEP OUT OF REACH OF CHILDREN
</content>
               </title>
               <text>
                  <paragraph>
                     <content styleCode="bold">Keep out of reach of children</content>. In case of overdose, get medical help or contact a Poison Control Center (1-800-222-1222) right away.</paragraph>
               </text>
               <effectiveTime value="20100924"/>
            </section>
         </component>
         <component>
            <section>
               <id root="ab9f6686-9212-4da4-af9f-e71711c1fd82"/>
               <code code="34068-7" codeSystem="2.16.840.1.113883.6.1" displayName="DOSAGE &amp; ADMINISTRATION SECTION"/>
               <title>
                  <content styleCode="bold">DOSAGE AND ADMINISTRATION
</content>
               </title>
               <text>
                  <list listType="unordered" styleCode="Disc">
                     <item>
                        <content styleCode="bold">do not take more than directed</content>
                     </item>
                     <item>
                        <content styleCode="bold">the smallest effective dose should be used</content>
                     </item>
                  </list>
                  <table frame="void" width="471">
                     <thead>
                        <tr>
                           <td styleCode="BotruleLruleRruleToprule" align="left" valign="top"/>
                           <td styleCode="BotruleLruleRruleToprule" align="left" valign="top"/>
                        </tr>
                     </thead>
                     <tbody>
                        <tr>
                           <td styleCode="BotruleLruleRruleToprule" align="left" valign="top">Adults and children<br/>12 years and older</td>
                           <td styleCode="BotruleLruleRruleToprule" align="left" valign="top">
                              <list listType="unordered" styleCode="Disc">
                                 <item>take 1 caplet every 4 to 6 hours while symptoms persist</item>
                                 <item>if pain or fever does not respond to 1 caplet, 2 caplets may be used</item>
                                 <item>do not exceed 6 caplets in 24 hours, unless directed by a doctor</item>
                              </list>
                           </td>
                        </tr>
                        <tr>
                           <td styleCode="BotruleLruleRruleToprule" align="left" valign="top">Children under <br/>12 years</td>
                           <td styleCode="BotruleLruleRruleToprule" align="left" valign="top">
                              <list listType="unordered" styleCode="Disc">
                                 <item>ask a doctor</item>
                              </list>
                           </td>
                        </tr>
                     </tbody>
                  </table>
               </text>
               <effectiveTime value="20100924"/>
            </section>
         </component>
         <component>
            <section>
               <id root="a438a8fd-4753-4a29-8135-3fb9540969c6"/>
               <code code="42229-5" codeSystem="2.16.840.1.113883.6.1" displayName="SPL UNCLASSIFIED SECTION"/>
               <title>
                  <content styleCode="bold">OTHER INFORMATION
</content>
               </title>
               <text>
                  <list listType="unordered" styleCode="Disc">
                     <item>Store between 20 - 25°C (68 - 77°F)</item>
                     <item>Read all warnings and directions before use</item>
                  </list>
               </text>
               <effectiveTime value="20100615"/>
            </section>
         </component>
         <component>
            <section>
               <id root="a18d4076-b520-46c2-b182-edf35243a2d8"/>
               <code code="51727-6" codeSystem="2.16.840.1.113883.6.1" displayName="INACTIVE INGREDIENT SECTION"/>
               <title>
                  <content styleCode="bold">INACTIVE INGREDIENTS
</content>
               </title>
               <text>
                  <list listType="unordered">
                     <item>
                        <caption/>
                        <paragraph> Brown Caplets:	Anhydrous Lactose, Carnauba Wax, Colloidal Silicon Dioxide, Hypromellose, Iron Oxide Red, Magnesium Stearate, Microcrystalline Cellulose, Polydextrose, Polyethylene Glycol, Povidone, Sodium Lauryl Sulfate, Sodium Starch Glycolate, Corn Starch Corn, Titanium Dioxide</paragraph>
                     </item>
                  </list>
                  <list listType="unordered">
                     <item>
                        <caption> </caption>
                        <list listType="unordered">
                           <item>
                              <caption/>
                              <paragraph> Orange Caplets:	Anhydrous Lactose, Carnauba Wax, Colloidal Silicon Dioxide, FD&amp;C Yellow #6, Hypromellose, Magnesium Stearate, Microcrystalline Cellulose, Polydextrose, Polyethylene Glycol, Povidone, Sodium Lauryl Sulfate, Sodium Starch Glycolate, Corn Starch, Titanium Dioxide</paragraph>
                           </item>
                        </list>  </item>
                  </list>
               </text>
               <effectiveTime value="20100118"/>
            </section>
         </component>
         <component>
            <section>
               <id root="a4216e69-8309-4aa0-a5d1-c184902dc03b"/>
               <code code="42229-5" codeSystem="2.16.840.1.113883.6.1" displayName="SPL UNCLASSIFIED SECTION"/>
               <title>
                  <content styleCode="bold">Questions or Comments
</content>
               </title>
               <text>
                  <paragraph>Call 1-877-835-5472</paragraph>
                  <paragraph>Monday through Friday 9AM - 5PM EST.</paragraph>
                  <paragraph>*Amneal Pharmaceuticals is not affiliated with the owner of the trademark Advil<sup>®</sup>
                  </paragraph>
               </text>
               <effectiveTime value="20100615"/>
            </section>
         </component>
         <component>
            <section>
               <id root="a8a324c0-ddcb-4270-8da5-8d9bc77df446"/>
               <code code="42229-5" codeSystem="2.16.840.1.113883.6.1" displayName="SPL UNCLASSIFIED SECTION"/>
               <title>
                  <content styleCode="bold"/>
               </title>
               <text>
                  <paragraph>Distributed By:</paragraph>
                  <paragraph>
                     <content styleCode="bold">Ameal Pharmaceuticals</content>
                  </paragraph>
                  <paragraph>Glasgow, KY 42141</paragraph>
               </text>
               <effectiveTime value="20100615"/>
            </section>
         </component>
         <component>
            <section>
               <id root="a1c30f43-ccbd-4f20-a9b6-0c4ccf931472"/>
               <code code="51945-4" codeSystem="2.16.840.1.113883.6.1" displayName="PACKAGE LABEL.PRINCIPAL DISPLAY PANEL"/>
               <title>
                  <content styleCode="bold">PACKAGE LABEL.PRINCIPAL DISPLAY PANEL
</content>
               </title>
               <text>
                  <renderMultiMedia referencedObject="MM1"/>
                  <renderMultiMedia referencedObject="MM2"/>
                  <renderMultiMedia referencedObject="MM3"/>
                  <renderMultiMedia referencedObject="MM4"/>
                  <renderMultiMedia referencedObject="MM5"/>
                  <renderMultiMedia referencedObject="MM6"/>
               </text>
               <effectiveTime value="20100118"/>
               <component>
                  <observationMedia ID="MM1">
                     <text>2d748080-figure-01</text>
                     <value xsi:type="ED" mediaType="image/jpeg">
                        <reference value="2d748080-figure-01.jpg"/>
                     </value>
                  </observationMedia>
               </component>
               <component>
                  <observationMedia ID="MM2">
                     <text>2d748080-figure-02</text>
                     <value xsi:type="ED" mediaType="image/jpeg">
                        <reference value="2d748080-figure-02.jpg"/>
                     </value>
                  </observationMedia>
               </component>
               <component>
                  <observationMedia ID="MM3">
                     <text>2d748080-figure-03</text>
                     <value xsi:type="ED" mediaType="image/jpeg">
                        <reference value="2d748080-figure-03.jpg"/>
                     </value>
                  </observationMedia>
               </component>
               <component>
                  <observationMedia ID="MM4">
                     <text>2d748080-figure-04</text>
                     <value xsi:type="ED" mediaType="image/jpeg">
                        <reference value="2d748080-figure-04.jpg"/>
                     </value>
                  </observationMedia>
               </component>
               <component>
                  <observationMedia ID="MM5">
                     <text>2d748080-figure-05</text>
                     <value xsi:type="ED" mediaType="image/jpeg">
                        <reference value="2d748080-figure-05.jpg"/>
                     </value>
                  </observationMedia>
               </component>
               <component>
                  <observationMedia ID="MM6">
                     <text>2d748080-figure-06</text>
                     <value xsi:type="ED" mediaType="image/jpeg">
                        <reference value="2d748080-figure-06.jpg"/>
                     </value>
                  </observationMedia>
               </component>
            </section>
         </component>
      </structuredBody>
   </component>
</document>