<?xml version="1.0" encoding="UTF-8"?><?xml-stylesheet href="http://www.accessdata.fda.gov/spl/stylesheet/spl.xsl" type="text/xsl"?>
<document xmlns="urn:hl7-org:v3" xmlns:xsi="http://www.w3.org/2001/XMLSchema-instance" xsi:schemaLocation="urn:hl7-org:v3 http://www.accessdata.fda.gov/spl/schema/spl.xsd">
   <id root="30293465-3322-46e1-b3e1-b1d0055624e6"/>
   <code code="34390-5" codeSystem="2.16.840.1.113883.6.1" displayName="HUMAN OTC DRUG LABEL"/>
   <title>Major Pharmaceuticals Ibuprofen Oral Suspension Drug Facts</title>
   <effectiveTime value="20171209"/>
   <setId root="b4962985-47e6-4389-874f-76742b086e2f"/>
   <versionNumber value="3"/>
   <author>
      <time/>
      <assignedEntity>
         <representedOrganization>
            <id extension="191427277" root="1.3.6.1.4.1.519.1"/>
            <name>Major Pharmaceuticals</name>
         </representedOrganization>
      </assignedEntity>
   </author>
   <component>
      <structuredBody>
         <component>
            <section>
               <id root="67ff5b93-dada-412e-8689-23589c3a6486"/>
               <code code="48780-1" codeSystem="2.16.840.1.113883.6.1" displayName="SPL product data elements section"/>
               <effectiveTime value="20171209"/>
               <subject>
                  <manufacturedProduct>
                     <manufacturedProduct>
                        <code code="0904-5463" codeSystem="2.16.840.1.113883.6.69"/>
                        <name>ibuprofen</name>
                        <formCode code="C42994" codeSystem="2.16.840.1.113883.3.26.1.1" displayName="SUSPENSION"/>
                        <asEntityWithGeneric>
                           <genericMedicine>
                              <name>ibuprofen</name>
                           </genericMedicine>
                        </asEntityWithGeneric>
                        <ingredient classCode="ACTIB">
                           <quantity>
                              <numerator unit="mg" value="50"/>
                              <denominator unit="mL" value="1.25"/>
                           </quantity>
                           <ingredientSubstance>
                              <code code="WK2XYI10QM" codeSystem="2.16.840.1.113883.4.9"/>
                              <name>IBUPROFEN</name>
                              <activeMoiety>
                                 <activeMoiety>
                                    <code code="WK2XYI10QM" codeSystem="2.16.840.1.113883.4.9"/>
                                    <name>IBUPROFEN</name>
                                 </activeMoiety>
                              </activeMoiety>
                           </ingredientSubstance>
                        </ingredient>
                        <ingredient classCode="IACT">
                           <ingredientSubstance>
                              <code code="XF417D3PSL" codeSystem="2.16.840.1.113883.4.9"/>
                              <name>ANHYDROUS CITRIC ACID</name>
                           </ingredientSubstance>
                        </ingredient>
                        <ingredient classCode="IACT">
                           <ingredientSubstance>
                              <code code="WZB9127XOA" codeSystem="2.16.840.1.113883.4.9"/>
                              <name>FD&amp;C RED NO. 40</name>
                           </ingredientSubstance>
                        </ingredient>
                        <ingredient classCode="IACT">
                           <ingredientSubstance>
                              <code code="PDC6A3C0OX" codeSystem="2.16.840.1.113883.4.9"/>
                              <name>GLYCERIN</name>
                           </ingredientSubstance>
                        </ingredient>
                        <ingredient classCode="IACT">
                           <ingredientSubstance>
                              <code code="3NXW29V3WO" codeSystem="2.16.840.1.113883.4.9"/>
                              <name>HYPROMELLOSES</name>
                           </ingredientSubstance>
                        </ingredient>
                        <ingredient classCode="IACT">
                           <ingredientSubstance>
                              <code code="6OZP39ZG8H" codeSystem="2.16.840.1.113883.4.9"/>
                              <name>POLYSORBATE 80</name>
                           </ingredientSubstance>
                        </ingredient>
                        <ingredient classCode="IACT">
                           <ingredientSubstance>
                              <code code="059QF0KO0R" codeSystem="2.16.840.1.113883.4.9"/>
                              <name>WATER</name>
                           </ingredientSubstance>
                        </ingredient>
                        <ingredient classCode="IACT">
                           <ingredientSubstance>
                              <code code="OJ245FE5EU" codeSystem="2.16.840.1.113883.4.9"/>
                              <name>SODIUM BENZOATE</name>
                           </ingredientSubstance>
                        </ingredient>
                        <ingredient classCode="IACT">
                           <ingredientSubstance>
                              <code code="506T60A25R" codeSystem="2.16.840.1.113883.4.9"/>
                              <name>SORBITOL</name>
                           </ingredientSubstance>
                        </ingredient>
                        <ingredient classCode="IACT">
                           <ingredientSubstance>
                              <code code="C151H8M554" codeSystem="2.16.840.1.113883.4.9"/>
                              <name>SUCROSE</name>
                           </ingredientSubstance>
                        </ingredient>
                        <ingredient classCode="IACT">
                           <ingredientSubstance>
                              <code code="TTV12P4NEE" codeSystem="2.16.840.1.113883.4.9"/>
                              <name>XANTHAN GUM</name>
                           </ingredientSubstance>
                        </ingredient>
                        <asContent>
                           <quantity>
                              <numerator unit="mL" value="15"/>
                              <denominator value="1"/>
                           </quantity>
                           <containerPackagedProduct>
                              <code/>
                              <formCode code="C43169" codeSystem="2.16.840.1.113883.3.26.1.1" displayName="BOTTLE"/>
                              <asContent>
                                 <quantity>
                                    <numerator unit="1" value="1"/>
                                    <denominator value="1"/>
                                 </quantity>
                                 <containerPackagedProduct>
                                    <code code="0904-5463-35" codeSystem="2.16.840.1.113883.6.69"/>
                                    <formCode code="C43182" codeSystem="2.16.840.1.113883.3.26.1.1" displayName="CARTON"/>
                                 </containerPackagedProduct>
                                 <subjectOf>
                                    <marketingAct>
                                       <code code="C53292" codeSystem="2.16.840.1.113883.3.26.1.1"/>
                                       <statusCode code="active"/>
                                       <effectiveTime>
                                          <low value="20000108"/>
                                       </effectiveTime>
                                    </marketingAct>
                                 </subjectOf>
                              </asContent>
                           </containerPackagedProduct>
                           <subjectOf>
                              <characteristic classCode="OBS">
                                 <code code="SPLCMBPRDTP" codeSystem="2.16.840.1.113883.1.11.19255"/>
                                 <value code="C112160" codeSystem="2.16.840.1.113883.3.26.1.1" displayName="Type 0: Not a Combination Product" xsi:type="CE"/>
                              </characteristic>
                           </subjectOf>
                        </asContent>
                        <asContent>
                           <quantity>
                              <numerator unit="mL" value="30"/>
                              <denominator value="1"/>
                           </quantity>
                           <containerPackagedProduct>
                              <code/>
                              <formCode code="C43169" codeSystem="2.16.840.1.113883.3.26.1.1" displayName="BOTTLE"/>
                              <asContent>
                                 <quantity>
                                    <numerator unit="1" value="1"/>
                                    <denominator value="1"/>
                                 </quantity>
                                 <containerPackagedProduct>
                                    <code code="0904-5463-30" codeSystem="2.16.840.1.113883.6.69"/>
                                    <formCode code="C43182" codeSystem="2.16.840.1.113883.3.26.1.1" displayName="CARTON"/>
                                 </containerPackagedProduct>
                                 <subjectOf>
                                    <marketingAct>
                                       <code code="C53292" codeSystem="2.16.840.1.113883.3.26.1.1"/>
                                       <statusCode code="completed"/>
                                       <effectiveTime>
                                          <low value="20031125"/>
                                          <high value="20130823"/>
                                       </effectiveTime>
                                    </marketingAct>
                                 </subjectOf>
                              </asContent>
                           </containerPackagedProduct>
                           <subjectOf>
                              <characteristic classCode="OBS">
                                 <code code="SPLCMBPRDTP" codeSystem="2.16.840.1.113883.1.11.19255"/>
                                 <value code="C112160" codeSystem="2.16.840.1.113883.3.26.1.1" displayName="Type 0: Not a Combination Product" xsi:type="CE"/>
                              </characteristic>
                           </subjectOf>
                        </asContent>
                     </manufacturedProduct>
                     <subjectOf>
                        <approval>
                           <id extension="ANDA075217" root="2.16.840.1.113883.3.150"/>
                           <code code="C73584" codeSystem="2.16.840.1.113883.3.26.1.1" displayName="ANDA"/>
                           <author>
                              <territorialAuthority>
                                 <territory>
                                    <code code="USA" codeSystem="2.16.840.1.113883.5.28"/>
                                 </territory>
                              </territorialAuthority>
                           </author>
                        </approval>
                     </subjectOf>
                     <subjectOf>
                        <marketingAct>
                           <code code="C53292" codeSystem="2.16.840.1.113883.3.26.1.1"/>
                           <statusCode code="active"/>
                           <effectiveTime>
                              <low value="20000108"/>
                           </effectiveTime>
                        </marketingAct>
                     </subjectOf>
                     <subjectOf>
                        <characteristic classCode="OBS">
                           <code code="SPLCOLOR" codeSystem="2.16.840.1.113883.1.11.19255"/>
                           <value code="C48328" codeSystem="2.16.840.1.113883.3.26.1.1" displayName="PINK" xsi:type="CE">
                              <originalText>light</originalText>
                           </value>
                        </characteristic>
                     </subjectOf>
                     <subjectOf>
                        <characteristic classCode="OBS">
                           <code code="SPLFLAVOR" codeSystem="2.16.840.1.113883.1.11.19255"/>
                           <value code="C73365" codeSystem="2.16.840.1.113883.3.26.1.1" displayName="BERRY" xsi:type="CE"/>
                        </characteristic>
                     </subjectOf>
                     <consumedIn>
                        <substanceAdministration>
                           <routeCode code="C38288" codeSystem="2.16.840.1.113883.3.26.1.1" displayName="ORAL"/>
                        </substanceAdministration>
                     </consumedIn>
                  </manufacturedProduct>
               </subject>
            </section>
         </component>
         <component>
            <section ID="i4i_OTC_Active_Ingredient_id_e176d060-c6a8-499f-bcd1-31a635a1b7c2">
               <id root="8dc2424b-519c-4a2b-8b34-d82dda7a2448"/>
               <code code="55106-9" codeSystem="2.16.840.1.113883.6.1" displayName="OTC - ACTIVE INGREDIENT SECTION"/>
               <title>Active ingredient (in each 1.25 mL)</title>
               <text>
                  <paragraph>Ibuprofen 50 mg (NSAID)* </paragraph>
                  <paragraph>*nonsteroidal anti-inflammatory drug</paragraph>
               </text>
               <effectiveTime value="20090522"/>
            </section>
         </component>
         <component>
            <section ID="i4i_OTC_Purpose_id_1d6ef088-08bf-4e8b-b383-e264f5a1c2f7">
               <id root="c97f3a84-3231-4fd9-b37f-eb0b3f8aa3c6"/>
               <code code="55105-1" codeSystem="2.16.840.1.113883.6.1" displayName="OTC - PURPOSE SECTION"/>
               <title>Purposes</title>
               <text>
                  <paragraph>Pain reliever/fever reducer</paragraph>
               </text>
               <effectiveTime value="20171209"/>
            </section>
         </component>
         <component>
            <section ID="i4i_indications_id_668a7a86-6e30-4d27-8883-0960aeb672a4">
               <id root="d02c6884-a102-4062-a2c2-21c1b5e80dbb"/>
               <code code="34067-9" codeSystem="2.16.840.1.113883.6.1" displayName="INDICATIONS &amp; USAGE SECTION"/>
               <title>Uses</title>
               <text>
                  <paragraph>temporarily:</paragraph>
                  <list listType="unordered">
                     <item>
                        <caption>•</caption>reduces fever</item>
                     <item>
                        <caption>•</caption>relieves minor aches and pains due to the common cold, flu, sore throat, headaches and toothaches</item>
                  </list>
               </text>
               <effectiveTime value="20150213"/>
            </section>
         </component>
         <component>
            <section ID="i4i_warnings_id_c564c3d6-6601-45fa-ad07-fda305b8452f">
               <id root="5563f51b-87fc-450c-b730-0b6912ec85d4"/>
               <code code="34071-1" codeSystem="2.16.840.1.113883.6.1" displayName="WARNINGS SECTION"/>
               <title>Warnings</title>
               <text>
                  <paragraph>Allergy alert: Ibuprofen may cause a severe allergic reaction, especially in people allergic to aspirin.  Symptoms may include:  </paragraph>
                  <list listType="unordered">
                     <item>
                        <caption>•</caption>hives</item>
                     <item>
                        <caption>•</caption>facial swelling  </item>
                     <item>
                        <caption>•</caption>asthma (wheezing)</item>
                     <item>
                        <caption>•</caption>shock </item>
                     <item>
                        <caption>•</caption>skin reddening</item>
                     <item>
                        <caption>•</caption>rash </item>
                     <item>
                        <caption>•</caption>blisters</item>
                  </list>
                  <paragraph>If an allergic reaction occurs, stop use and seek medical help right away.</paragraph>
                  <paragraph>Stomach bleeding warning: This product contains an NSAID, which may cause severe stomach bleeding. The chance is higher if your child:</paragraph>
                  <list listType="unordered">
                     <item>
                        <caption>•</caption>has had stomach ulcers or bleeding problems</item>
                     <item>
                        <caption>•</caption>takes a blood thinning (anticoagulant) or steroid drug</item>
                     <item>
                        <caption>•</caption>takes other drugs containing prescription or nonprescription NSAIDs (aspirin, ibuprofen, naproxen, or others)</item>
                     <item>
                        <caption>•</caption>takes more or for a longer time than directed</item>
                  </list>
                  <paragraph>Heart attack and stroke warning: NSAIDs, except aspirin, increase the risk of heart attack, heart failure, and stroke. These can be fatal. The risk is higher if you use more than directed or for longer than directed.</paragraph>
                  <paragraph>Sore throat warning: Severe or persistent sore throat or sore throat accompanied by high fever, headache, nausea, and vomiting may be serious.  Consult doctor promptly.  Do not use more than 2 days or administer to children under 3 years of age unless directed by doctor.</paragraph>
               </text>
               <effectiveTime value="20171209"/>
               <component>
                  <section ID="i4i_OTC_Do_not_use_id_02886be0-93f4-402c-8814-9bdbfcd2895d">
                     <id root="d6c51993-2d49-4637-904d-99ae669acea9"/>
                     <code code="50570-1" codeSystem="2.16.840.1.113883.6.1" displayName="OTC - DO NOT USE SECTION"/>
                     <title>Do not use</title>
                     <text>
                        <list listType="unordered">
                           <item>
                              <caption>•</caption>if the child has ever had an allergic reaction to ibuprofen or any other pain reliever/fever reducer</item>
                           <item>
                              <caption>•</caption>right before or after heart surgery</item>
                        </list>
                     </text>
                     <effectiveTime value="20171209"/>
                  </section>
               </component>
               <component>
                  <section ID="i4i_OTC_Ask_Doctor_id_0f63d1ea-8248-4f3f-bf69-f5ed249e6f6b">
                     <id root="74924d0c-26b2-4989-87c2-f310c6624a78"/>
                     <code code="50569-3" codeSystem="2.16.840.1.113883.6.1" displayName="OTC - ASK DOCTOR SECTION"/>
                     <title>Ask a doctor before use if</title>
                     <text>
                        <list listType="unordered">
                           <item>
                              <caption>•</caption>stomach bleeding warning applies to your child</item>
                           <item>
                              <caption>•</caption>child has a history of stomach problems, such as heartburn</item>
                           <item>
                              <caption>•</caption>child has problems or serious side effects from taking pain relievers or fever reducers</item>
                           <item>
                              <caption>•</caption>child has not been drinking fluids</item>
                           <item>
                              <caption>•</caption>child has lost a lot of fluid due to vomiting or diarrhea</item>
                           <item>
                              <caption>•</caption>child has high blood pressure, heart disease, liver cirrhosis, kidney disease, or had a stroke</item>
                           <item>
                              <caption>•</caption>child has asthma</item>
                           <item>
                              <caption>•</caption>child is taking a diuretic</item>
                        </list>
                     </text>
                     <effectiveTime value="20171209"/>
                  </section>
               </component>
               <component>
                  <section ID="i4i_OTC_Ask_Doctor_Pharmacist_id_73c0cc0f-08bf-431f-a07a-446e6601858b">
                     <id root="2acc5a41-626b-4d97-9e71-b3ebca19dedc"/>
                     <code code="50568-5" codeSystem="2.16.840.1.113883.6.1" displayName="OTC - ASK DOCTOR/PHARMACIST SECTION"/>
                     <title>Ask a doctor or pharmacist before use if the child is</title>
                     <text>
                        <list listType="unordered">
                           <item>
                              <caption>•</caption>under a doctor’s care for any serious condition</item>
                           <item>
                              <caption>•</caption>taking any other drug</item>
                        </list>
                     </text>
                     <effectiveTime value="20150213"/>
                  </section>
               </component>
               <component>
                  <section ID="i4i_OTC_When_Using_id_6e53e9a0-a6a6-44e5-a51f-e5670bf021b8">
                     <id root="3dec7c61-8879-4762-8702-81be8f2e67d4"/>
                     <code code="50567-7" codeSystem="2.16.840.1.113883.6.1" displayName="OTC - WHEN USING SECTION"/>
                     <title>When using this product</title>
                     <text>
                        <list listType="unordered">
                           <item>
                              <caption>•</caption>give with food or milk if stomach upset occurs</item>
                        </list>
                     </text>
                     <effectiveTime value="20171209"/>
                  </section>
               </component>
               <component>
                  <section ID="i4i_OTC_Stop_Use_id_dfd023b9-424c-4571-99bb-06aaeb809f04">
                     <id root="6da06003-08ec-4340-acce-e6c272013009"/>
                     <code code="50566-9" codeSystem="2.16.840.1.113883.6.1" displayName="OTC - STOP USE SECTION"/>
                     <title>Stop use and ask a doctor if </title>
                     <text>
                        <list listType="unordered">
                           <item>
                              <caption>•</caption>child experiences any of the following signs of stomach bleeding:</item>
                           <item>
                              <caption>•</caption>feels faint </item>
                           <item>
                              <caption>•</caption>vomits blood </item>
                           <item>
                              <caption>•</caption>has bloody or black stools</item>
                           <item>
                              <caption>•</caption>has stomach pain that does not get better</item>
                           <item>
                              <caption>•</caption>child has symptoms of heart problems or stroke:</item>
                           <item>
                              <caption>•</caption>chest pain</item>
                           <item>
                              <caption>•</caption>trouble breathing</item>
                           <item>
                              <caption>•</caption>weakness in one part or side of body</item>
                           <item>
                              <caption>•</caption>slurred speech</item>
                           <item>
                              <caption>•</caption>leg swelling</item>
                           <item>
                              <caption>•</caption>the child does not get any relief within first day (24 hours) of treatment</item>
                           <item>
                              <caption>•</caption>fever or pain gets worse or lasts more than 3 days</item>
                           <item>
                              <caption>•</caption>redness or swelling is present in the painful area</item>
                           <item>
                              <caption>•</caption>any new symptoms appear</item>
                        </list>
                     </text>
                     <effectiveTime value="20171209"/>
                  </section>
               </component>
               <component>
                  <section ID="i4i_OTC_Keep_Away_Children_id_525fbb74-45b7-4fbb-91d4-95100414ae0d">
                     <id root="6ee569e3-b7b5-4db6-95a5-8033b539144d"/>
                     <code code="50565-1" codeSystem="2.16.840.1.113883.6.1" displayName="OTC - KEEP OUT OF REACH OF CHILDREN SECTION"/>
                     <title>Keep out of reach of children.</title>
                     <text>
                        <paragraph>In case of overdose, get medical help or contact a Poison Control Center right away. (1-800-222-1222)</paragraph>
                     </text>
                     <effectiveTime value="20090522"/>
                  </section>
               </component>
            </section>
         </component>
         <component>
            <section ID="i4i_dosage_admin_id_f5be72a4-66b6-4490-84a8-2c1c82c1555d">
               <id root="396eb478-bc9c-4e06-b23b-2d74ec8166a6"/>
               <code code="34068-7" codeSystem="2.16.840.1.113883.6.1" displayName="DOSAGE &amp; ADMINISTRATION SECTION"/>
               <title>Directions</title>
               <text>
                  <list listType="unordered">
                     <item>
                        <caption>•</caption>this product does not contain directions or complete warnings for adult use  </item>
                     <item>
                        <caption>•</caption>do not give more than directed</item>
                     <item>
                        <caption>•</caption>shake well before using</item>
                     <item>
                        <caption>•</caption>find right dose on chart below. If possible, use weight to dose; otherwise use age.</item>
                     <item>
                        <caption>•</caption>mL = milliliter</item>
                     <item>
                        <caption>•</caption>measure with the dosing device provided.  Do not use with any other device.</item>
                     <item>
                        <caption>•</caption>dispense liquid slowly into the child’s mouth, toward the inner cheek</item>
                     <item>
                        <caption>•</caption>if needed, repeat dose every 6-8 hours</item>
                     <item>
                        <caption>•</caption>do not use more than 4 times a day </item>
                  </list>
                  <table width="333pt">
                     <col width="25%"/>
                     <col width="24%"/>
                     <col width="21%"/>
                     <tbody>
                        <tr>
                           <td align="center" colspan="3" valign="top">
                              <paragraph>
                                 <content styleCode="bold">Dosing Chart</content>
                              </paragraph>
                           </td>
                        </tr>
                        <tr>
                           <td align="center" styleCode="Rrule Lrule Botrule " valign="top">
                              <paragraph>
                                 <content styleCode="bold">Weight (lbs)</content>
                              </paragraph>
                           </td>
                           <td align="center" styleCode="Rrule Lrule Toprule Botrule " valign="top">
                              <paragraph>
                                 <content styleCode="bold">Age (mos)</content>
                              </paragraph>
                           </td>
                           <td align="center" styleCode="Rrule Lrule Toprule Botrule " valign="top">
                              <paragraph>
                                 <content styleCode="bold">Dose (mL)</content>
                              </paragraph>
                           </td>
                        </tr>
                        <tr>
                           <td align="center" colspan="2" styleCode="Rrule Lrule Botrule " valign="top">
                              <paragraph>under 6 mos</paragraph>
                           </td>
                           <td align="center" styleCode="Rrule Lrule Toprule Botrule " valign="top">
                              <paragraph>ask a doctor</paragraph>
                           </td>
                        </tr>
                        <tr>
                           <td align="center" styleCode="Rrule Lrule Botrule " valign="top">
                              <paragraph>12-17 lbs</paragraph>
                           </td>
                           <td align="center" styleCode="Rrule Lrule Toprule Botrule " valign="top">
                              <paragraph>6-11 mos</paragraph>
                           </td>
                           <td align="center" styleCode="Rrule Lrule Toprule Botrule " valign="top">
                              <paragraph>1.25 mL</paragraph>
                           </td>
                        </tr>
                        <tr>
                           <td align="center" styleCode="Rrule Botrule Lrule Toprule " valign="top">
                              <paragraph>18-23 lbs</paragraph>
                           </td>
                           <td align="center" styleCode="Rrule Botrule Lrule Toprule " valign="top">
                              <paragraph>12-23 mos</paragraph>
                           </td>
                           <td align="center" styleCode="Rrule Botrule Lrule Toprule " valign="top">
                              <paragraph>1.875 mL</paragraph>
                           </td>
                        </tr>
                     </tbody>
                  </table>
               </text>
               <effectiveTime value="20171209"/>
            </section>
         </component>
         <component>
            <section ID="i4i_storage_id_3a6594b9-5ff9-4c8e-956d-c31009f3e5a4">
               <id root="94ce0c75-0f32-45db-a5a8-50c8e6241427"/>
               <code code="44425-7" codeSystem="2.16.840.1.113883.6.1" displayName="STORAGE AND HANDLING SECTION"/>
               <title>Other information</title>
               <text>
                  <list listType="unordered">
                     <item>
                        <caption>•</caption>store at 20-25°C (68-77°F)   </item>
                     <item>
                        <caption>•</caption>do not freeze</item>
                     <item>
                        <caption>•</caption>do not use if printed neckband is broken or missing</item>
                  </list>
               </text>
               <effectiveTime value="20171209"/>
            </section>
         </component>
         <component>
            <section ID="i4i_inactive_ingredients_id_cb12ab28-e9bc-48f7-aa84-a88cee3181be">
               <id root="4fb54445-5272-4cfe-a49d-fd025df9ef43"/>
               <code code="51727-6" codeSystem="2.16.840.1.113883.6.1" displayName="INACTIVE INGREDIENT SECTION"/>
               <title>Inactive ingredients</title>
               <text>
                  <paragraph>anhydrous citric acid, FD&amp;C red #40, glycerin, hypromellose, natural and artificial berry flavor, polysorbate 80, purified water, sodium benzoate, sorbitol solution, sucrose, xanthan gum</paragraph>
               </text>
               <effectiveTime value="20150213"/>
            </section>
         </component>
         <component>
            <section ID="i4i_OTC_Questions_id_64b08dc4-7734-407e-9ecb-d3f5ad6eb3ee">
               <id root="df35dfef-f66b-4bc2-b8c5-2abbe141bf78"/>
               <code code="53413-1" codeSystem="2.16.840.1.113883.6.1" displayName="OTC - QUESTIONS SECTION"/>
               <title>Questions or comments?</title>
               <text>
                  <paragraph>1-800-719-9260</paragraph>
               </text>
               <effectiveTime value="20090522"/>
            </section>
         </component>
         <component>
            <section ID="i4i_Principal_display_panel_id_74b90b9b-a259-41a1-bc0b-d28e85506554">
               <id root="af0b7c22-516e-4224-913c-d56b3ca04650"/>
               <code code="51945-4" codeSystem="2.16.840.1.113883.6.1" displayName="PACKAGE LABEL.PRINCIPAL DISPLAY PANEL"/>
               <title>Principal Display Panel</title>
               <text>
                  <paragraph>For Ages 6 mos. to 23 mos.</paragraph>
                  <paragraph>Infants’ Ibuprofen</paragraph>
                  <paragraph>Oral Suspension</paragraph>
                  <paragraph>50 mg per 1.25 mL</paragraph>
                  <paragraph>Pain Reliever/Fever Reducer (NSAID)</paragraph>
                  <paragraph>Lasts up to 8 hours</paragraph>
                  <paragraph>See New Warnings</paragraph>
                  <paragraph>Use only with enclosed syringe</paragraph>
                  <paragraph>Berry Flavored</paragraph>
                  <paragraph>No High Fructose Corn Syrup</paragraph>
                  <paragraph>Infants’ Concentrated Drops</paragraph>
                  <paragraph>COMPARE TO the Active Ingredient of MOTRIN® INFANTS’ DROPS</paragraph>
                  <paragraph>0.5 FL OZ (15 mL)</paragraph>
                  <renderMultiMedia ID="id1271675110" referencedObject="ID_82425f94-7201-4050-abcf-58e77ceaced5"/>
               </text>
               <effectiveTime value="20171209"/>
               <component>
                  <observationMedia ID="ID_82425f94-7201-4050-abcf-58e77ceaced5">
                     <text>infants ibuprofen image</text>
                     <value mediaType="image/jpeg" xsi:type="ED">
                        <reference value="057 5C infants ibuprofen image.jpg"/>
                     </value>
                  </observationMedia>
               </component>
            </section>
         </component>
      </structuredBody>
   </component>
</document>