<?xml version="1.0" encoding="UTF-8"?><?xml-stylesheet href="http://www.accessdata.fda.gov/spl/stylesheet/spl.xsl" type="text/xsl"?>
<document xmlns="urn:hl7-org:v3" xmlns:voc="urn:hl7-org:v3/voc" xmlns:xsi="http://www.w3.org/2001/XMLSchema-instance" xsi:schemaLocation="urn:hl7-org:v3 http://www.accessdata.fda.gov/spl/schema/spl.xsd">
   <id root="3084b568-a1f8-461b-97ad-00be615eac2e"/>
   <code code="34391-3" codeSystem="2.16.840.1.113883.6.1" displayName="HUMAN PRESCRIPTION DRUG LABEL"/>
   <title>
      <content styleCode="bold">IBU</content>
      <content styleCode="bold">
         <sup>™</sup>
      </content>
      <content styleCode="bold"> Tablets</content>
   </title>
   <effectiveTime value="20170906"/>
   <setId root="f2a61c07-e9b7-4d18-acd5-d0ddbc5ce1b2"/>
   <versionNumber value="9"/>
   <author>
      <assignedEntity>
         <representedOrganization>
            <id extension="831995316" root="1.3.6.1.4.1.519.1"/>
            <name>Unit Dose Services</name>
            <assignedEntity>
               <assignedOrganization>
                  <assignedEntity>
                     <assignedOrganization>
                        <id extension="831995316" root="1.3.6.1.4.1.519.1"/>
                        <name>Unit Dose Services</name>
                     </assignedOrganization>
                     <performance>
                        <actDefinition>
                           <code code="C73606" displayName="REPACK" codeSystem="2.16.840.1.113883.3.26.1.1"/>
                           <product>
                              <manufacturedProduct classCode="MANU">
                                 <manufacturedMaterialKind>
                                    <code code="50436-4605" codeSystem="2.16.840.1.113883.6.69"/>
                                 </manufacturedMaterialKind>
                              </manufacturedProduct>
                           </product>
                        </actDefinition>
                     </performance>
                     <performance>
                        <actDefinition>
                           <code code="C73607" displayName="RELABEL" codeSystem="2.16.840.1.113883.3.26.1.1"/>
                           <product>
                              <manufacturedProduct classCode="MANU">
                                 <manufacturedMaterialKind>
                                    <code code="50436-4605" codeSystem="2.16.840.1.113883.6.69"/>
                                 </manufacturedMaterialKind>
                              </manufacturedProduct>
                           </product>
                        </actDefinition>
                     </performance>
                  </assignedEntity>
               </assignedOrganization>
            </assignedEntity>
         </representedOrganization>
      </assignedEntity>
   </author>
   <component>
      <structuredBody>
         <component>
            <section>
               <id root="cd6a179e-4490-4d66-a2ba-106761f4f62b"/>
               <code code="48780-1" codeSystem="2.16.840.1.113883.6.1" displayName="SPL PRODUCT DATA ELEMENTS SECTION"/>
               <effectiveTime value="20161017"/>
               <subject>
                  <manufacturedProduct>
                     <manufacturedProduct>
                        <code code="50436-4605" codeSystem="2.16.840.1.113883.6.69"/>
                        <name>IBU</name>
                        <formCode code="C42998" codeSystem="2.16.840.1.113883.3.26.1.1" displayName="TABLET"/>
                        <asEntityWithGeneric>
                           <genericMedicine>
                              <name>Ibuprofen</name>
                           </genericMedicine>
                        </asEntityWithGeneric>
                        <asEquivalentEntity classCode="EQUIV">
                           <code code="C64637" codeSystem="2.16.840.1.113883.3.26.1.1"/>
                           <definingMaterialKind>
                              <code code="55111-683" codeSystem="2.16.840.1.113883.6.69"/>
                           </definingMaterialKind>
                        </asEquivalentEntity>
                        <ingredient classCode="ACTIB">
                           <quantity>
                              <numerator unit="mg" value="600"/>
                              <denominator unit="1" value="1"/>
                           </quantity>
                           <ingredientSubstance>
                              <code code="WK2XYI10QM" codeSystem="2.16.840.1.113883.4.9"/>
                              <name>IBUPROFEN</name>
                              <activeMoiety>
                                 <activeMoiety>
                                    <code code="WK2XYI10QM" codeSystem="2.16.840.1.113883.4.9"/>
                                    <name>IBUPROFEN</name>
                                 </activeMoiety>
                              </activeMoiety>
                           </ingredientSubstance>
                        </ingredient>
                        <ingredient classCode="IACT">
                           <ingredientSubstance>
                              <code code="R12CBM0EIZ" codeSystem="2.16.840.1.113883.4.9"/>
                              <name>carnauba wax</name>
                           </ingredientSubstance>
                        </ingredient>
                        <ingredient classCode="IACT">
                           <ingredientSubstance>
                              <code code="ETJ7Z6XBU4" codeSystem="2.16.840.1.113883.4.9"/>
                              <name>silicon dioxide</name>
                           </ingredientSubstance>
                        </ingredient>
                        <ingredient classCode="IACT">
                           <ingredientSubstance>
                              <code code="M28OL1HH48" codeSystem="2.16.840.1.113883.4.9"/>
                              <name>croscarmellose sodium</name>
                           </ingredientSubstance>
                        </ingredient>
                        <ingredient classCode="IACT">
                           <ingredientSubstance>
                              <code code="3NXW29V3WO" codeSystem="2.16.840.1.113883.4.9"/>
                              <name>HYPROMELLOSE, UNSPECIFIED</name>
                           </ingredientSubstance>
                        </ingredient>
                        <ingredient classCode="IACT">
                           <ingredientSubstance>
                              <code code="70097M6I30" codeSystem="2.16.840.1.113883.4.9"/>
                              <name>magnesium stearate</name>
                           </ingredientSubstance>
                        </ingredient>
                        <ingredient classCode="IACT">
                           <ingredientSubstance>
                              <code code="OP1R32D61U" codeSystem="2.16.840.1.113883.4.9"/>
                              <name>MICROCRYSTALLINE CELLULOSE</name>
                           </ingredientSubstance>
                        </ingredient>
                        <ingredient classCode="IACT">
                           <ingredientSubstance>
                              <code code="VH2XOU12IE" codeSystem="2.16.840.1.113883.4.9"/>
                              <name>polydextrose</name>
                           </ingredientSubstance>
                        </ingredient>
                        <ingredient classCode="IACT">
                           <ingredientSubstance>
                              <code code="3WJQ0SDW1A" codeSystem="2.16.840.1.113883.4.9"/>
                              <name>POLYETHYLENE GLYCOL, UNSPECIFIED</name>
                           </ingredientSubstance>
                        </ingredient>
                        <ingredient classCode="IACT">
                           <ingredientSubstance>
                              <code code="6OZP39ZG8H" codeSystem="2.16.840.1.113883.4.9"/>
                              <name>polysorbate 80</name>
                           </ingredientSubstance>
                        </ingredient>
                        <ingredient classCode="IACT">
                           <ingredientSubstance>
                              <code code="15FIX9V2JP" codeSystem="2.16.840.1.113883.4.9"/>
                              <name>titanium dioxide</name>
                           </ingredientSubstance>
                        </ingredient>
                        <asContent>
                           <quantity>
                              <numerator value=" 60" unit="1"/>
                              <denominator value="1"/>
                           </quantity>
                           <containerPackagedProduct>
                              <code code="50436-4605-2" codeSystem="2.16.840.1.113883.6.69"/>
                              <formCode code="C43169" codeSystem="2.16.840.1.113883.3.26.1.1" displayName="BOTTLE"/>
                           </containerPackagedProduct>
                           <subjectOf>
                              <characteristic classCode="OBS">
                                 <code code="SPLCMBPRDTP" codeSystem="2.16.840.1.113883.1.11.19255"/>
                                 <value code="C112160" codeSystem="2.16.840.1.113883.3.26.1.1" displayName="Type 0: Not a Combination Product" xsi:type="CV"/>
                              </characteristic>
                           </subjectOf>
                           <subjectOf>
                              <marketingAct>
                                 <code code="C53292" codeSystem="2.16.840.1.113883.3.26.1.1"/>
                                 <statusCode code="active"/>
                                 <effectiveTime>
                                    <low value="20081120"/>
                                 </effectiveTime>
                              </marketingAct>
                           </subjectOf>
                        </asContent>
                        <asContent>
                           <quantity>
                              <numerator value=" 30" unit="1"/>
                              <denominator value="1"/>
                           </quantity>
                           <containerPackagedProduct>
                              <code code="50436-4605-1" codeSystem="2.16.840.1.113883.6.69"/>
                              <formCode code="C43169" codeSystem="2.16.840.1.113883.3.26.1.1" displayName="BOTTLE"/>
                           </containerPackagedProduct>
                           <subjectOf>
                              <characteristic classCode="OBS">
                                 <code code="SPLCMBPRDTP" codeSystem="2.16.840.1.113883.1.11.19255"/>
                                 <value code="C112160" codeSystem="2.16.840.1.113883.3.26.1.1" displayName="Type 0: Not a Combination Product" xsi:type="CV"/>
                              </characteristic>
                           </subjectOf>
                           <subjectOf>
                              <marketingAct>
                                 <code code="C53292" codeSystem="2.16.840.1.113883.3.26.1.1"/>
                                 <statusCode code="active"/>
                                 <effectiveTime>
                                    <low value="20081120"/>
                                 </effectiveTime>
                              </marketingAct>
                           </subjectOf>
                        </asContent>
                        <asContent>
                           <quantity>
                              <numerator value=" 90" unit="1"/>
                              <denominator value="1"/>
                           </quantity>
                           <containerPackagedProduct>
                              <code code="50436-4605-3" codeSystem="2.16.840.1.113883.6.69"/>
                              <formCode code="C43169" codeSystem="2.16.840.1.113883.3.26.1.1" displayName="BOTTLE"/>
                           </containerPackagedProduct>
                           <subjectOf>
                              <characteristic classCode="OBS">
                                 <code code="SPLCMBPRDTP" codeSystem="2.16.840.1.113883.1.11.19255"/>
                                 <value code="C112160" codeSystem="2.16.840.1.113883.3.26.1.1" displayName="Type 0: Not a Combination Product" xsi:type="CV"/>
                              </characteristic>
                           </subjectOf>
                           <subjectOf>
                              <marketingAct>
                                 <code code="C53292" codeSystem="2.16.840.1.113883.3.26.1.1"/>
                                 <statusCode code="active"/>
                                 <effectiveTime>
                                    <low value="20081120"/>
                                 </effectiveTime>
                              </marketingAct>
                           </subjectOf>
                        </asContent>
                     </manufacturedProduct>
                     <subjectOf>
                        <marketingAct>
                           <code code="C53292" codeSystem="2.16.840.1.113883.3.26.1.1"/>
                           <statusCode code="active"/>
                           <effectiveTime>
                              <low value="20081120"/>
                           </effectiveTime>
                        </marketingAct>
                     </subjectOf>
                     <subjectOf>
                        <approval>
                           <id extension="ANDA075682" root="2.16.840.1.113883.3.150"/>
                           <code code="C73584" codeSystem="2.16.840.1.113883.3.26.1.1" displayName="ANDA"/>
                           <author>
                              <territorialAuthority>
                                 <territory>
                                    <code code="USA" codeSystem="2.16.840.1.113883.5.28"/>
                                 </territory>
                              </territorialAuthority>
                           </author>
                        </approval>
                     </subjectOf>
                     <subjectOf>
                        <characteristic classCode="OBS">
                           <code code="SPLCOLOR" codeSystem="2.16.840.1.113883.1.11.19255"/>
                           <value code="C48325" codeSystem="2.16.840.1.113883.3.26.1.1" displayName="WHITE" xsi:type="CE">
                              <originalText/>
                           </value>
                        </characteristic>
                     </subjectOf>
                     <subjectOf>
                        <characteristic classCode="OBS">
                           <code code="SPLSHAPE" codeSystem="2.16.840.1.113883.1.11.19255"/>
                           <value code="C48336" codeSystem="2.16.840.1.113883.3.26.1.1" displayName="CAPSULE" xsi:type="CE">
                              <originalText/>
                           </value>
                        </characteristic>
                     </subjectOf>
                     <subjectOf>
                        <characteristic classCode="OBS">
                           <code code="SPLSCORE" codeSystem="2.16.840.1.113883.1.11.19255"/>
                           <value value="1" xsi:type="INT"/>
                        </characteristic>
                     </subjectOf>
                     <subjectOf>
                        <characteristic classCode="OBS">
                           <code code="SPLIMPRINT" codeSystem="2.16.840.1.113883.1.11.19255"/>
                           <value xsi:type="ST">6I</value>
                        </characteristic>
                     </subjectOf>
                     <subjectOf>
                        <characteristic classCode="OBS">
                           <code code="SPLSIZE" codeSystem="2.16.840.1.113883.1.11.19255"/>
                           <value unit="mm" value="9" xsi:type="PQ"/>
                        </characteristic>
                     </subjectOf>
                     <consumedIn>
                        <substanceAdministration>
                           <routeCode code="C38288" codeSystem="2.16.840.1.113883.3.26.1.1" displayName="ORAL"/>
                        </substanceAdministration>
                     </consumedIn>
                  </manufacturedProduct>
               </subject>
               <component>
                  <section>
                     <id root="b1257b86-fbf4-40a2-931d-093d7cd91c63"/>
                     <code code="42229-5" codeSystem="2.16.840.1.113883.6.1" displayName="SPL UNCLASSIFIED SECTION"/>
                     <effectiveTime value="20100511"/>
                     <component>
                        <observationMedia ID="MM611693997076">
                           <text>strucuture</text>
                           <value mediaType="image/jpeg" xsi:type="ED">
                              <reference value="structure.jpg"/>
                           </value>
                        </observationMedia>
                     </component>
                     <component>
                        <observationMedia ID="MM1756068894">
                           <text>table</text>
                           <value mediaType="image/jpeg" xsi:type="ED">
                              <reference value="table.jpg"/>
                           </value>
                        </observationMedia>
                     </component>
                  </section>
               </component>
            </section>
         </component>
         <component>
            <section ID="BOXED_WARNING">
               <id root="84497853-219c-46d7-bc3a-5676768faf2d"/>
               <code code="34066-1" codeSystem="2.16.840.1.113883.6.1" displayName="BOXED WARNING SECTION"/>
               <title>BOXED WARNING</title>
               <text>
                  <paragraph>
                     <content styleCode="bold">
                        <content styleCode="bold">Cardiovascular Thrombotic Events</content>
                     </content>
                  </paragraph>
                  <list>
                     <item>Nonsteroidal anti-inflammatory drugs (NSAIDs) cause an increased risk of serious cardiovascular thrombotic events, including myocardial infarction and stroke, which can be fatal. This risk may occur early in treatment and may increase with duration of use. (See <linkHtml href="#_90b8392e-7f6c-a3cf-5f3a-d54eb5f2b21c">WARNINGS</linkHtml> and <linkHtml href="#_0773cbf5-754a-16ee-9b21-13e39d936358">PRECAUTIONS</linkHtml>).</item>
                  </list>
                  <list>
                     <item>IBU tablets are contraindicated in the setting of coronary artery bypass graft (CABG) surgery (See <linkHtml href="#CONTRAINDICATIONS">CONTRAINDICATIONS</linkHtml> and <linkHtml href="#_90b8392e-7f6c-a3cf-5f3a-d54eb5f2b21c">WARNINGS</linkHtml>).</item>
                  </list>
                  <paragraph>
                     <content styleCode="bold">Gastrointestinal Risk</content>
                  </paragraph>
                  <list>
                     <item>
                        <content styleCode="bold"/>NSAIDS cause an increased risk of serious gastrointestinaladverse events including bleeding, ulceration, and perforationof the stomach or intestines, which can be fatal. These eventscan occur at any time during use and without warning symptoms.Elderly patients are at greater risk for serious gastrointestinalevents. (See <content styleCode="bold">
                           <linkHtml href="#WARNINGS">WARNINGS</linkHtml>
                        </content>).</item>
                  </list>
               </text>
               <effectiveTime value="20161110"/>
            </section>
         </component>
         <component>
            <section ID="_19c737aa-a2aa-271e-5ed4-2f4f07375e83">
               <id root="e260550c-1a2d-4a17-9bb0-9ee4e5c3ad88"/>
               <code code="34089-3" codeSystem="2.16.840.1.113883.6.1" displayName="DESCRIPTION SECTION"/>
               <title>DESCRIPTION</title>
               <text>
                  <paragraph>IBU tablets contain the active ingredient ibuprofen, which is (±) -2 - (<content styleCode="italics">p</content> - isobutylphenyl) propionic acid. Ibuprofen is a white powde rwith a melting point of 74-77° C and is very slightly soluble in water(&lt;1 mg/mL) and readily soluble in organic solvents such as ethanol and acetone. The structural formula is represented below:</paragraph>
                  <paragraph>
                     <renderMultiMedia referencedObject="MM611693997076"/>
                  </paragraph>
                  <paragraph>IBU, a nonsteroidal anti-inflammatory drug (NSAID), is availablein 400 mg, 600 mg, and 800 mg tablets for oral administration.Inactive ingredients: carnauba wax, colloidal silicon dioxide,croscarmellose sodium, hypromellose, magnesium stearate, microcrystallinecellulose, polydextrose, polyethylene glycol, polysorbate,titanium dioxide.</paragraph>
                  <paragraph/>
               </text>
               <effectiveTime value="20100510"/>
            </section>
         </component>
         <component>
            <section ID="CLINICAL_PHARMACOLOGY">
               <id root="ac5d0a72-59e7-489d-a229-dc660b6da973"/>
               <code code="34090-1" codeSystem="2.16.840.1.113883.6.1" displayName="CLINICAL PHARMACOLOGY SECTION"/>
               <title>CLINICAL PHARMACOLOGY</title>
               <text>
                  <paragraph>IBU tablets contain ibuprofen which possesses analgesic andantipyretic activities. Its mode of action, like that of other NSAIDs, isnot completely understood, but may be related to prostaglandin synthetaseinhibition.</paragraph>
                  <paragraph>In clinical studies in patients with rheumatoid arthritis andosteoarthritis, Ibuprofen tablets have been shown to be comparableto aspirin in controlling pain and inflammation and to be associatedwith a statistically significant reduction in the milder gastrointestinalside effects (see <content styleCode="bold">
                        <linkHtml href="#_4928ac09-3e61-6f5b-e90a-2391436cc932">ADVERSE REACTIONS</linkHtml>
                     </content>). Ibuprofen may be well toleratedin some patients who have had gastrointestinal side effectswith aspirin, but these patients when treated with IBU tablets shouldbe carefully followed for signs and symptoms of gastrointestinalulceration and bleeding. Although it is not definitely known whetheribuprofen causes less peptic ulceration than aspirin, in one studyinvolving 885 patients with rheumatoid arthritis treated for up to oneyear, there were no reports of gastric ulceration with ibuprofenwhereas frank ulceration was reported in 13 patients in the aspiringroup (statistically significant p&lt;.001).</paragraph>
                  <paragraph>Gastroscopic studies at varying doses show an increased tendencytoward gastric irritation at higher doses. However, at comparabledoses, gastric irritation is approximately half that seen with aspirin.Studies using 51Cr-tagged red cells indicate that fecal blood lossassociated with Ibuprofen tablets in doses up to 2400 mg daily didnot exceed the normal range, and was significantly less than thatseen in aspirin-treated patients.</paragraph>
                  <paragraph>In clinical studies in patients with rheumatoid arthritis, Ibuprofenhas been shown to be comparable to indomethacin in controlling thesigns and symptoms of disease activity and to be associated with astatistically significant reduction of the milder gastrointestinal (see <content styleCode="bold">
                        <linkHtml href="#_4928ac09-3e61-6f5b-e90a-2391436cc932">ADVERSE REACTIONS</linkHtml>
                     </content>) and CNS side effects.</paragraph>
                  <paragraph>Ibuprofen may be used in combination with gold salts and/or corticosteroids.</paragraph>
                  <paragraph>Controlled studies have demonstrated that Ibuprofen is a more effective analgesic than propoxyphene for the relief of episiotomy pain, pain following dental extraction procedures, and for the relief ofthe symptoms of primary dysmenorrhea.</paragraph>
                  <paragraph>In patients with primary dysmenorrhea, Ibuprofen has been shown to reduce elevated levels of prostaglandin activity in the menstrualfluid and to reduce resting and active intrauterine pressure, as well asthe frequency of uterine contractions. The probable mechanism ofaction is to inhibit prostaglandin synthesis rather than simply to provide analgesia.</paragraph>
                  <paragraph>The ibuprofen in IBU tablets is rapidly absorbed. Peak serum ibuprofen levels are generally attained one to two hours after administration.With single doses up to 800 mg, a linear relationship exists between amount of drug administered and the integrated area underthe serum drug concentration vs time curve. Above 800 mg, however,the area under the curve increases less than proportional to increases in dose. There is no evidence of drug accumulation or enzyme induction.</paragraph>
                  <paragraph>The administration of Ibuprofen tablets either under fasting conditions or immediately before meals yields quite similar serum ibuprofen concentration-time profiles. When Ibuprofen is administered immediately after a meal, there is a reduction in the rate of absorption but no appreciable decrease in the extent of absorption.The bioavailability of the drug is minimally altered by the presence of food.</paragraph>
                  <paragraph>A bioavailability study has shown that there was no interference with the absorption of ibuprofen when given in conjunction with anantacid containing both aluminum hydroxide and magnesium hydroxide.</paragraph>
                  <paragraph>Ibuprofen is rapidly metabolized and eliminated in the urine. The excretion of ibuprofen is virtually complete 24 hours after the last dose. The serum half-life is 1.8 to 2.0 hours.</paragraph>
                  <paragraph>Studies have shown that following ingestion of the drug, 45% to79% of the dose was recovered in the urine within 24 hours as metabolite A (25%), (+)-2-[<content styleCode="italics">p</content>-(2hydroxymethyl-propyl) phenyl] propionic acid and metabolite B (37%), (+)-2-[<content styleCode="italics">p</content>-(2carboxypropyl)phenyl]propionic acid; the percentages of free and conjugated ibuprofen were approximately 1% and 14%, respectively.</paragraph>
               </text>
               <effectiveTime value="20100510"/>
            </section>
         </component>
         <component>
            <section ID="_8753f3a9-5f54-5449-f9dc-1cf42ebe0b49">
               <id root="7c574deb-6dea-481a-a5b3-d7de8db98176"/>
               <code code="34067-9" codeSystem="2.16.840.1.113883.6.1" displayName="INDICATIONS &amp; USAGE SECTION"/>
               <title>INDICATIONS AND USAGE</title>
               <text>
                  <paragraph>Carefully consider the potential benefits and risks of Ibuprofentablets and other treatment options before deciding to use Ibuprofen.Use the lowest effective dose for the shortest duration consistent withindividual patient treatment goals (see <content styleCode="bold">
                        <linkHtml href="#WARNINGS">WARNINGS</linkHtml>
                     </content>).</paragraph>
                  <paragraph>IBU tablets are indicated for relief of the signs and symptoms of rheumatoid arthritis and osteoarthritis.</paragraph>
                  <paragraph>IBU tablets are indicated for relief of mild to moderate pain.</paragraph>
                  <paragraph>IBU tablets are also indicated for the treatment of primary dysmenorrhea.</paragraph>
                  <paragraph>Controlled clinical trials to establish the safety and effectiveness of IBU tablets in children have not been conducted.</paragraph>
               </text>
               <effectiveTime value="20100510"/>
            </section>
         </component>
         <component>
            <section ID="CONTRAINDICATIONS">
               <id root="5e9a4b05-2e27-45af-896c-fe213ba25862"/>
               <code code="34070-3" codeSystem="2.16.840.1.113883.6.1" displayName="CONTRAINDICATIONS SECTION"/>
               <title>CONTRAINDICATIONS</title>
               <text>
                  <paragraph>IBU tablets are contraindicated in patients with known hypersensitivityto ibuprofen.</paragraph>
                  <paragraph>IBU tablets should not be given to patients who have experienced asthma, urticaria, or allergic-type reactions after taking aspirin orother NSAIDs. Severe, rarely fatal, anaphylactic-like reactions to NSAIDs have been reported in such patients (see <content styleCode="bold">
                        <linkHtml href="#WARNINGS">WARNINGS, Anaphylactoid Reactions,</linkHtml>
                     </content>
                     <content styleCode="bold"> and </content>
                     <content styleCode="bold">
                        <linkHtml href="#_290752df-9194-c5e6-15be-f490cc664a97">PRECAUTIONS, Preexisting Asthma</linkHtml>
                     </content>
                     <content styleCode="bold">).</content>
                  </paragraph>
                  <paragraph>IBU tablets are contraindicated  in the setting of coronary artery bypass graft (CABG) surgery(see <content styleCode="bold">
                        <linkHtml href="#WARNINGS">WARNINGS</linkHtml>
                     </content>).<content styleCode="bold"/>
                  </paragraph>
               </text>
               <effectiveTime value="20161110"/>
            </section>
         </component>
         <component>
            <section ID="WARNINGS">
               <id root="fe38da6c-0982-4dda-8771-257b47644432"/>
               <code code="34071-1" codeSystem="2.16.840.1.113883.6.1" displayName="WARNINGS SECTION"/>
               <title>WARNINGS</title>
               <text>
                  <paragraph/>
               </text>
               <effectiveTime value="20100510"/>
               <component>
                  <section ID="_67643989-c325-fd63-6e30-70d9b0356ad6">
                     <id root="7abc9dac-9acb-4488-a95b-9a462c2214a5"/>
                     <code code="42229-5" codeSystem="2.16.840.1.113883.6.1" displayName="SPL UNCLASSIFIED SECTION"/>
                     <title>
                        <content styleCode="bold">CARDIOVASCULAR EFFECTS</content>
                     </title>
                     <effectiveTime value="20100510"/>
                     <component>
                        <section ID="_90b8392e-7f6c-a3cf-5f3a-d54eb5f2b21c">
                           <id root="a6665fc8-7bb9-484a-acc9-b3ee2495ba2b"/>
                           <code code="42229-5" codeSystem="2.16.840.1.113883.6.1" displayName="SPL UNCLASSIFIED SECTION"/>
                           <title>
                              <content styleCode="bold">Cardiovascular Thrombotic Events</content>
                           </title>
                           <text>
                              <paragraph>Clinical trials of several COX-2 selective and nonselective NSAIDs of up to three years duration have shown an increased risk of serious cardiovascular (CV) thrombotic events, including myocardial infarction (MI), and stroke, which can be fatal. Based on available data, it is unclear that the risk for CV thrombotic events is similar for all NSAIDs.The relative increase in serious CV thrombotic events over baseline conferred by NSAID use appears to be similar in those with and without known CV disease or risk factors for CV disease. However, patients with known CV disease or risk factors had a higher absolute incidence of excess serious CV thrombotic events, due to their increased baseline rate. Some observational studies found that this increased risk of serious CV thrombotic events began as early as the first weeks of treatment. The increase in CV thrombotic risk has been observed most consistently at higher doses.</paragraph>
                              <paragraph>To minimize the potential risk for an adverse CV event in NSAID-treated patients, use the lowest effective dose for the shortest duration possible. Physicians and patients should remain alert for the development of such events, throughout the entire treatment course, even in the absence of previous CV symptoms. Patients should be informed about the symptoms of serious CV events and the steps to take if they occur.</paragraph>
                              <paragraph>There is no consistent evidence that concurrent use of aspirin mitigates the increased risk of serious CV thrombotic events associated with NSAID use. The concurrent use of aspirin and an NSAID, such as ibuprofen, increases the risk of serious gastrointestinal (GI) events (see <linkHtml href="#WARNINGS">WARNINGS)</linkHtml>.</paragraph>
                              <paragraph>
                                 <content styleCode="underline">Status Post Coronary Bypass Graft (CABG) Surgery</content> Two large, controlled clinical trials of a COX-2 selective NSAID for the treatment of pain in the first 10-14 days following CABG surgery found an increased incidence of myocardial infarction and stroke. NSAIDs are contraindicated in the setting of CABG (see <linkHtml href="#CONTRAINDICATIONS">CONTRAINDICATIONS</linkHtml>).</paragraph>
                              <paragraph>
                                 <content styleCode="underline">Post-MI Patients</content> Observational studies conducted in the Danish National Registry have demonstrated that patients treated with NSAIDs in the post-MI period were at increased risk of reinfarction, CV-related death, and all-cause mortality beginning in the first week of treatment. In this same cohort, the incidence of death in the first year post MI was 20 per 100 person years in NSAID-treated patients compared to 12 per 100 person years in non-NSAID exposed patients. Although the absolute rate of death declined somewhat after the first year post-MI, the increased relative risk of death in NSAID users persisted over at least the next four years to follow-up.</paragraph>
                              <paragraph>
                                 <content styleCode="underline">Avoid the use of Ibuprofen in patients with a recent MI unless the benefits are expected to outweigh the risk of recurrent CV thrombotic events. If Ibuprofen is used in patients with a recent MI, monitor patients for signs of cardiac ischemia.</content>
                              </paragraph>
                              <paragraph/>
                              <paragraph/>
                              <paragraph/>
                           </text>
                           <effectiveTime value="20161110"/>
                        </section>
                     </component>
                     <component>
                        <section ID="_cfd63f86-df35-1a47-998c-22413b7964e5">
                           <id root="fabd7906-6e18-46f4-9cc1-6ff4a8341e16"/>
                           <code code="42229-5" codeSystem="2.16.840.1.113883.6.1" displayName="SPL UNCLASSIFIED SECTION"/>
                           <title>
                              <content styleCode="bold">Hypertension</content>
                           </title>
                           <text>
                              <paragraph>NSAIDs including IBU tablets, can lead to onset of new hypertensionor worsening of preexisting hypertension, either of which maycontribute to the increased incidence of CV events. Patients takingthiazides or loop diuretics may have impaired response to these therapieswhen taking NSAIDs. NSAIDs, including IBU tablets, should beused with caution in patients with hypertension. Blood pressure (BP)should be monitored closely during the initiation of NSAID treatmentand throughout the course of therapy.</paragraph>
                           </text>
                           <effectiveTime value="20100510"/>
                        </section>
                     </component>
                     <component>
                        <section ID="_f150113b-71e9-01f2-d955-79a075d40534">
                           <id root="d34842df-c778-48b2-8aa0-ff8b4e718c8f"/>
                           <code code="42229-5" codeSystem="2.16.840.1.113883.6.1" displayName="SPL UNCLASSIFIED SECTION"/>
                           <title>
                              <content styleCode="bold">Heart Failure and Edema</content>
                           </title>
                           <text>
                              <paragraph>The Coxib and traditional NSAID Trialists’ Collaboration meta-analysis of randomized controlled trails demonstrated an approximately two-fold increase in hospitalizations for heart failure in COX-2 selective-treated patients and nonselective NSAID-treated patients compared to placebo-treated patients. In a Danish National Registry study of patients with heart failure, NSAID use increased the risk of MI, hospitalization for heart failure, and death.  Additionally, fluid retention and edema have been observed in some patients treated with NSAIDs. Use of ibuprofen may blunt the CV effects of several therapeutic agents used to treat these medical conditions [e.g., diuretics, ACE inhibitors, or angiotensin receptor blockers (ARBs)] [See <linkHtml href="#_a65edecc-7e6c-5d6d-70bd-d2c1736ea037">DRUG INTERACTIONS</linkHtml>].  Avoid the use of IBU tablets in patients with severe heart failure unless the benefits are expected to outweigh the risk of worsening heart failure. If IBU tablets is used in patients with severe heart failure, monitor patients for signs of worsening heart failure.</paragraph>
                           </text>
                           <effectiveTime value="20161110"/>
                        </section>
                     </component>
                     <component>
                        <section ID="_d36c6fce-a31f-e293-095e-3e35d5271b48">
                           <id root="44b270c0-16bd-45e2-b656-415d98990c05"/>
                           <code code="42229-5" codeSystem="2.16.840.1.113883.6.1" displayName="SPL UNCLASSIFIED SECTION"/>
                           <title>
                              <content styleCode="bold">Gastrointestinal Effects - Risk of Ulceration, Bleeding, and Perforation</content>
                           </title>
                           <text>
                              <paragraph>NSAIDs, including IBU tablets, can cause serious gastrointestinal(GI) adverse events including inflammation, bleeding, ulceration, and perforation of the stomach, small intestine, or large intestine, which can be fatal. These serious adverse events can occur at any time, with or without warning symptoms, in patients treated with NSAIDs. Only one in five patients, who develop a serious upper GI adverse event on NSAID therapy, is symptomatic. Upper GI ulcers, gross bleeding, or perforation caused by NSAIDs occur in approximately 1% of patientstreated for 3-6 months, and in about 2-4% of patients treated for oneyear. These trends continue with longer duration of use, increasing the likelihood of developing a serious GI event at some time during the course of therapy. However, even short-term therapy is not without risk. NSAIDs should be prescribed with extreme caution in thosewith a prior history of ulcer disease or gastrointestinal bleeding.Patients with a prior history of peptic ulcer disease and/or gastrointestinal bleeding who use NSAIDs have a greater than 10-fold increased risk for developing a GI bleed compared to patients treatedwith neither of these risk factors. Other factors that increase the riskof GI bleeding in patients treated with NSAIDs include concomitant use of oral corticosteroids or anticoagulants, longer duration of NSAID therapy, smoking, use of alcohol, older age, and poor general health status. Most spontaneous reports of fatal GI events are in elderly or debilitated patients and therefore, special care should be taken in treating this population. To minimize the potential risk for an adverse GI event in patients treated with an NSAID, the lowest effective dose should be used for the shortest possible duration. Patients and physicians should remain alert for signs and symptoms of GIulcerations and bleeding during NSAID therapy and promptly initiate additional evaluation and treatment if a serious GI event is suspected.This should include discontinuation of the NSAID until a serious GI adverse event is ruled out. For high-risk patients, alternate therapies that do not involve NSAIDs should be considered.</paragraph>
                           </text>
                           <effectiveTime value="20100510"/>
                        </section>
                     </component>
                     <component>
                        <section ID="_b369c5a9-777b-50cc-eab5-3f47b29191f0">
                           <id root="5752e43d-0b01-4abf-a1c3-55acf1946d85"/>
                           <code code="42229-5" codeSystem="2.16.840.1.113883.6.1" displayName="SPL UNCLASSIFIED SECTION"/>
                           <title>
                              <content styleCode="bold">Renal Effects</content>
                           </title>
                           <text>
                              <paragraph>Long-term administration of NSAIDs has resulted in renal papillary necrosis and other renal injury. Renal toxicity has also been seen in patients in whom renal prostaglandins have a compensatory role in the maintenance of renal perfusion. In these patients, administration of a NSAID may cause a dose dependent reduction in prostaglandin formation and, secondarily, in renal blood flow, which may precipitate overt renal decompensation. Patients at greatest riskof this reaction are those with impaired renal function, heart failure,liver dysfunction, those taking diuretics and ACE inhibitors, and the elderly. Discontinuation of NSAID therapy is usually followed by recovery to the pretreatment state.</paragraph>
                              <paragraph/>
                           </text>
                           <effectiveTime value="20100510"/>
                        </section>
                     </component>
                     <component>
                        <section ID="_641236dc-406b-c4b1-4d54-d52d51102255">
                           <id root="86b5695d-b971-456d-b2d4-0ff7f0e3c686"/>
                           <code code="42229-5" codeSystem="2.16.840.1.113883.6.1" displayName="SPL UNCLASSIFIED SECTION"/>
                           <title>
                              <content styleCode="bold">Advanced Renal Disease</content>
                           </title>
                           <text>
                              <paragraph>No information is available from controlled clinical studies regarding the use of Ibuprofen tablets in patients with advanced renal disease.Therefore, treatment with IBU tablets is not recommended in these patients with advanced renal disease. If IBU tablet therapy must be initiated, close monitoring of the patients renal function is advisable.</paragraph>
                           </text>
                           <effectiveTime value="20100510"/>
                        </section>
                     </component>
                     <component>
                        <section ID="_7762881f-b628-8ca3-105f-18eb0e422267">
                           <id root="36a7f34f-bb6e-4ed7-8017-44894a84e561"/>
                           <code code="42229-5" codeSystem="2.16.840.1.113883.6.1" displayName="SPL UNCLASSIFIED SECTION"/>
                           <title>
                              <content styleCode="bold">Anaphylactoid Reactions</content>
                           </title>
                           <text>
                              <paragraph>As with other NSAIDs, anaphylactoid reactions may occur inpatients without known prior exposure to IBU tablets. IBU tablets should not be given to patients with the aspirin triad. This symptom complex typically occurs in asthmatic patients who experience rhinitis with or without nasal polyps, or who exhibit severe, potentially fatal bronchospasm after taking aspirin or other NSAIDs (see <content styleCode="bold">
                                    <linkHtml href="#CONTRAINDICATIONS">CONTRAINDICATIONS</linkHtml>
                                 </content>
                                 <content styleCode="bold"> and </content>
                                 <content styleCode="bold">
                                    <linkHtml href="#_290752df-9194-c5e6-15be-f490cc664a97">PRECAUTIONS, Preexisting Asthma)</linkHtml>
                                 </content>
                                 <content styleCode="bold">.</content>Emergency help should be sought in cases where an anaphylactoidreaction occurs. </paragraph>
                           </text>
                           <effectiveTime value="20100510"/>
                        </section>
                     </component>
                     <component>
                        <section ID="_edc92ba8-c78e-e399-6ade-1cc8deac4275">
                           <id root="f32aad9d-47de-4ca0-8046-09a4acec1f98"/>
                           <code code="42229-5" codeSystem="2.16.840.1.113883.6.1" displayName="SPL UNCLASSIFIED SECTION"/>
                           <title>
                              <content styleCode="bold">Skin Reactions</content>
                           </title>
                           <text>
                              <paragraph>NSAIDs, including IBU tablets, can cause serious skin adverse events such as exfoliative dermatitis, Stevens-Johnson Syndrome(SJS), and toxic epidermal necrolysis (TEN), which can be fatal.These serious events may occur without warning. Patients should be informed about the signs and symptoms of serious skin manifestations and use of the drug should be discontinued at the first appearance of skin rash or any other sign of hypersensitivity.</paragraph>
                           </text>
                           <effectiveTime value="20100510"/>
                        </section>
                     </component>
                     <component>
                        <section ID="_a8314d25-2887-0410-71b8-6a01ee3f0fd7">
                           <id root="3769dd75-c39d-4273-a5dd-a3246a349b72"/>
                           <code code="42228-7" codeSystem="2.16.840.1.113883.6.1" displayName="PREGNANCY SECTION"/>
                           <title>
                              <content styleCode="bold">Pregnancy</content>
                           </title>
                           <text>
                              <paragraph>In late pregnancy, as with other NSAIDs, IBU tablets should beavoided because it may cause premature closure of the ductus arteriosus.</paragraph>
                           </text>
                           <effectiveTime value="20100510"/>
                        </section>
                     </component>
                  </section>
               </component>
            </section>
         </component>
         <component>
            <section ID="PRECAUTIONS">
               <id root="f4701292-1530-4a7c-bbdb-a43669f9ec6f"/>
               <code code="42232-9" codeSystem="2.16.840.1.113883.6.1" displayName="PRECAUTIONS SECTION"/>
               <title>PRECAUTIONS</title>
               <effectiveTime value="20100510"/>
               <component>
                  <section ID="_5d36bf16-6e95-a12e-5104-ac0681762c8f">
                     <id root="51bed696-d824-4cb3-8775-ea668db1c0a5"/>
                     <code code="34072-9" codeSystem="2.16.840.1.113883.6.1" displayName="GENERAL PRECAUTIONS SECTION"/>
                     <title>General</title>
                     <text>
                        <paragraph>IBU tablets cannot be expected to substitute for corticosteroids orto treat corticosteroid insufficiency. Abrupt discontinuation of corticosteroidsmay lead to disease exacerbation. Patients on prolongedcorticosteroid therapy should have their therapy tapered slowly if adecision is made to discontinue corticosteroids.</paragraph>
                        <paragraph>The pharmacological activity of IBU tablets in reducing fever andinflammation may diminish the utility of these diagnostic signs indetecting complications of presumed noninfectious, painful conditions.</paragraph>
                     </text>
                     <effectiveTime value="20100510"/>
                  </section>
               </component>
               <component>
                  <section ID="_b8acbbf3-9e91-3281-6163-404e71c71c4b">
                     <id root="89bf8473-7bdd-4040-b83b-0d203f430b5e"/>
                     <code code="42229-5" codeSystem="2.16.840.1.113883.6.1" displayName="SPL UNCLASSIFIED SECTION"/>
                     <title>
                        <content styleCode="bold">Hepatic effects</content>
                     </title>
                     <text>
                        <paragraph>Borderline elevations of one or more liver tests may occur in upto 15% of patients taking NSAIDs, including IBU tablets. These laboratoryabnormalities may progress, may remain unchanged, or maybe transient with continuing therapy. Notable elevations of ALT orAST (approximately three or more times the upper limit of normal)have been reported in approximately 1% of patients in clinical trialswith NSAIDs. In addition, rare cases of severe hepatic reactions,including jaundice, fulminant hepatitis, liver necrosis, and hepaticfailure, some of them with fatal outcomes have been reported. Apatient with symptoms and/or signs suggesting liver dysfunction, orwith abnormal liver test values, should be evaluated for evidence ofthe development of a more severe hepatic reaction while on therapywith IBU tablets. If clinical signs and symptoms consistent with liverdisease develop, or if systemic manifestations occur (e.g.,eosinophilia, rash, etc.), IBU tablets should be discontinued.</paragraph>
                     </text>
                     <effectiveTime value="20100510"/>
                  </section>
               </component>
               <component>
                  <section ID="_dca4a6e3-8e8a-4480-81b3-b3a11604a6ef">
                     <id root="20bd475c-c7a0-443b-b841-d3553a768ed7"/>
                     <code code="42229-5" codeSystem="2.16.840.1.113883.6.1" displayName="SPL UNCLASSIFIED SECTION"/>
                     <title>
                        <content styleCode="bold">Hematological effects</content>
                     </title>
                     <text>
                        <paragraph>Anemia is sometimes seen in patients receiving NSAIDs, includingIBU tablets. This may be due to fluid retention, occult or gross GIblood loss, or an incompletely described effect upon erythropoiesis.Patients on long-term treatment with NSAIDs, including IBU tablets,should have their hemoglobin or hematocrit checked if they exhibitany signs or symptoms of anemia.</paragraph>
                        <paragraph>In two postmarketing clinical studies the incidence of a decreasedhemoglobin level was greater than previously reported. Decrease inhemoglobin of 1 gram or more was observed in 17.1% of 193patients on 1600 mg ibuprofen daily (osteoarthritis), and in 22.8% of189 patients taking 2400 mg of ibuprofen daily (rheumatoid arthritis).Positive stool occult blood tests and elevated serum creatinine levelswere also observed in these studies.</paragraph>
                        <paragraph>NSAIDs inhibit platelet aggregation and have been shown to prolongbleeding time in some patients. Unlike aspirin, their effect onplatelet function is quantitatively less, of shorter duration, and reversible.</paragraph>
                        <paragraph>Patients receiving IBU tablets who may be adversely affected byalterations in platelet function, such as those with coagulation disordersor patients receiving anticoagulants should be carefully monitored.</paragraph>
                     </text>
                     <effectiveTime value="20100510"/>
                  </section>
               </component>
               <component>
                  <section ID="_290752df-9194-c5e6-15be-f490cc664a97">
                     <id root="3adf9f49-1342-44e7-ae2f-199024b9d640"/>
                     <code code="42229-5" codeSystem="2.16.840.1.113883.6.1" displayName="SPL UNCLASSIFIED SECTION"/>
                     <title>
                        <content styleCode="bold">Preexisting asthma</content>
                     </title>
                     <text>
                        <paragraph>Patients with asthma may have aspirin-sensitive asthma. The useof aspirin in patients with aspirin-sensitive asthma has been associatedwith severe bronchospasm, which can be fatal. Since cross reactivity,including bronchospasm, between aspirin and NSAIDs hasbeen reported in such aspirin-sensitive patients, IBU tablets shouldnot be administered to patients with this form of aspirin sensitivityand should be used with caution in patients with preexisting asthma.</paragraph>
                     </text>
                     <effectiveTime value="20100510"/>
                  </section>
               </component>
               <component>
                  <section ID="_2656acfb-40be-70d8-2d39-7c5bdf0f2cfd">
                     <id root="a1d0bc08-7bdf-4b90-b160-20c4b3ec0251"/>
                     <code code="42228-7" codeSystem="2.16.840.1.113883.6.1" displayName="PREGNANCY SECTION"/>
                     <title>
                        <content styleCode="bold">Ophthalmological effects</content>.</title>
                     <text>
                        <paragraph>Blurred and/or diminished vision, scotomata, and/or changes incolor vision have been reported. If a patient develops such complaintswhile receiving IBU tablets, the drug should be discontinued, and thepatient should have an ophthalmologic examination which includescentral visual fields and color vision testing.</paragraph>
                     </text>
                     <effectiveTime value="20100510"/>
                  </section>
               </component>
               <component>
                  <section ID="_a4f611a0-228c-3113-c8cc-c3adb1c5bcae">
                     <id root="6ef5f95f-8e62-4670-846f-fbffade46ea0"/>
                     <code code="42229-5" codeSystem="2.16.840.1.113883.6.1" displayName="SPL UNCLASSIFIED SECTION"/>
                     <title>
                        <content styleCode="bold">Aseptic Meningitis</content>
                     </title>
                     <text>
                        <paragraph>Aseptic meningitis with fever and coma has been observed on rareoccasions in patients on ibuprofen therapy. Although it is probablymore likely to occur in patients with systemic lupus erythematosusand related connective tissue diseases, it has been reported inpatients who do not have an underlying chronic disease. If signs orsymptoms of meningitis develop in a patient on IBU tablets, the possibilityof its being related to IBU tablets should be considered.</paragraph>
                     </text>
                     <effectiveTime value="20100510"/>
                  </section>
               </component>
               <component>
                  <section ID="_0773cbf5-754a-16ee-9b21-13e39d936358">
                     <id root="0bfec288-8d97-41cd-98d3-abf74a9126cc"/>
                     <code code="34076-0" codeSystem="2.16.840.1.113883.6.1" displayName="INFORMATION FOR PATIENTS SECTION"/>
                     <title>
                        <content styleCode="bold">Information for Patients</content>
                     </title>
                     <text>
                        <paragraph>Patients should be informed of the following information beforeinitiating therapy with an NSAID and periodically during the course ofongoing therapy. Patients should also be encouraged to read theNSAID Medication Guide that accompanies each prescription dispensed</paragraph>
                        <paragraph>• Cardiovascular Thrombotic Events: Advise patients to be alert for the symptoms of cardiovascular thrombotic events, including chest pain, shortness of breath, weakness, or slurring of speech, and to report any of these symptoms to their health care provider immediately [see <linkHtml href="#_90b8392e-7f6c-a3cf-5f3a-d54eb5f2b21c">WARNINGS</linkHtml>].</paragraph>
                        <paragraph>• IBU tablets, like other NSAIDs, can cause GI discomfort and, rarely,serious GI side effects, such as ulcers and bleeding, which mayresult in hospitalization and even death. Although serious GI tractulcerations and bleeding can occur without warning symptoms,patients should be alert for the signs and symptoms of ulcerationsand bleeding, and should ask for medical advice when observingany indicative signs or symptoms including epigastric pain, dyspepsia,melena, and hematemesis. Patients should be apprised of theimportance of this follow-up (see <content styleCode="bold">
                              <linkHtml href="#WARNINGS">WARNINGS,</linkHtml>
                           </content>
                           <content styleCode="bold"/>
                           <content styleCode="bold">
                              <linkHtml href="#_d36c6fce-a31f-e293-095e-3e35d5271b48">Gastrointestinal Effects-Risk of Ulceration</linkHtml>
                           </content>
                           <content styleCode="bold">, </content>
                           <content styleCode="bold">
                              <linkHtml href="#_d36c6fce-a31f-e293-095e-3e35d5271b48">Bleeding and Perforation)</linkHtml>
                           </content>
                           <content styleCode="bold">.</content>
                        </paragraph>
                        <paragraph>
                           <content styleCode="bold"/>• IBU tablets, like other NSAIDs, can cause serious skin side effectssuch as exfoliative dermatitis, SJS and TEN, which may result inhospitalization and even death. Although serious skin reactions mayoccur without warning, patients should be alert for the signs andsymptoms of skin rash and blisters, fever, or other signs of hypersensitivitysuch as itching, and should ask for medical advice whenobserving any indicative sign or symptoms. Patients should beadvised to stop the drug immediately if they develop any type ofrash and contact their physicians as soon as possible.</paragraph>
                        <paragraph>• Heart Failure and Edema: Advise patients to be alert for the symptoms of congestive heart failure including shortness of breath, unexplained weight gain, or edema and to contact their healthcare provider if such symptoms occur [see <linkHtml href="#_f150113b-71e9-01f2-d955-79a075d40534">WARNINGS</linkHtml>].</paragraph>
                        <paragraph>• Patients should be informed of the warning signs and symptoms ofhepatotoxicity (e.g., nausea, fatigue, lethargy, pruritus, jaundice,right upper quadrant tenderness and “flu-like” symptoms). If theseoccur, patients should be instructed to stop therapy and seek immediatemedical therapy.</paragraph>
                        <paragraph>• Patients should be informed of the signs of an anaphylactoid reaction(e.g. difficulty breathing, swelling of the face or throat). If theseoccur, patients should be instructed to seek immediate emergencyhelp (see <content styleCode="bold">
                              <linkHtml href="#WARNINGS">WARNINGS)</linkHtml>
                           </content>.</paragraph>
                        <paragraph>• In late pregnancy, as with other NSAIDs, IBU tablets should beavoided because it may cause premature closure of the ductus arteriosus.</paragraph>
                     </text>
                     <effectiveTime value="20161110"/>
                  </section>
               </component>
               <component>
                  <section ID="_aeee60cd-f26d-6343-dcfd-a48796a33007">
                     <id root="b0783926-ff60-4630-836f-29fdab2fa973"/>
                     <code code="34075-2" codeSystem="2.16.840.1.113883.6.1" displayName="LABORATORY TESTS SECTION"/>
                     <title>
                        <content styleCode="bold">Laboratory Tests</content>
                     </title>
                     <text>
                        <paragraph>Because serious GI tract ulcerations and bleeding can occur withoutwarning symptoms, physicians should monitor for signs orsymptoms of GI bleeding. Patients on long-term treatment withNSAIDs should have their CBC and chemistry profile checked periodically.If clinical signs and symptoms consistent with liver or renaldisease develop, systemic manifestations occur (e.g., eosinophilia,rash etc.), or abnormal liver tests persist or worsen, IBU tabletsshould be discontinued.</paragraph>
                     </text>
                     <effectiveTime value="20100510"/>
                  </section>
               </component>
               <component>
                  <section ID="_a65edecc-7e6c-5d6d-70bd-d2c1736ea037">
                     <id root="99e1a0f9-ff04-455c-8c01-23a8b80698aa"/>
                     <code code="34073-7" codeSystem="2.16.840.1.113883.6.1" displayName="DRUG INTERACTIONS SECTION"/>
                     <title>
                        <content styleCode="bold">Drug Interactions</content>
                     </title>
                     <text>
                        <paragraph>
                           <content styleCode="bold">ACE-inhibitors:</content>Reports suggest that NSAIDs may diminish the antihypertensiveeffect of ACE-inhibitors. This interaction should be given considerationin patients taking NSAIDs concomitantly with ACE-inhibitors.</paragraph>
                        <paragraph>
                           <content styleCode="bold">Aspirin</content>When IBU tablets are administered with aspirin, its protein bindingis reduced, although the clearance of free IBU tablets is notaltered. The clinical significance of this interaction is not known; however,as with other NSAIDs, concomitant administration of ibuprofenand aspirin is not generally recommended because of the potential forincreased adverse effects.</paragraph>
                     </text>
                     <effectiveTime value="20100510"/>
                  </section>
               </component>
               <component>
                  <section ID="_75af34ad-558e-29a6-0e43-7aa0845b4f77">
                     <id root="87c84de2-4ad4-429d-95be-b3a6fe4a0040"/>
                     <code code="42229-5" codeSystem="2.16.840.1.113883.6.1" displayName="SPL UNCLASSIFIED SECTION"/>
                     <title>Diuretics</title>
                     <text>
                        <paragraph>Clinical studies, as well as post marketing observations, haveshown that Ibuprofen tablets can reduce the natriuretic effect-offurosemide and thiazides in some patients. This response has beenattributed to inhibition of renal prostaglandin synthesis. During concomitanttherapy with NSAIDs, the patient should be observed closelyfor signs of renal failure (see PRECAUTIONS, Renal Effects), aswell as to assure diuretic efficacy.</paragraph>
                     </text>
                     <effectiveTime value="20100510"/>
                  </section>
               </component>
               <component>
                  <section ID="_9b8be80c-4b64-8d09-803d-9b3e1f909c27">
                     <id root="2d054239-5e21-495a-ae26-9b7775b1b79a"/>
                     <code code="42229-5" codeSystem="2.16.840.1.113883.6.1" displayName="SPL UNCLASSIFIED SECTION"/>
                     <title>
                        <content styleCode="bold">Lithium</content>
                     </title>
                     <text>
                        <paragraph>Ibuprofen produced an elevation of plasma lithium levels and areduction in renal lithium clearance in a study of eleven normal volunteers.The mean minimum lithium concentration increased 15%and the renal clearance of lithium was decreased by 19% during thisperiod of concomitant drug administration.This effect has been attributed to inhibition of renal prostaglandinsynthesis by ibuprofen. Thus, when ibuprofen and lithium are administeredconcurrently, subjects should be observed carefully for signsof lithium toxicity. (Read circulars for lithium preparation before useof such concurrent therapy.)</paragraph>
                     </text>
                     <effectiveTime value="20100510"/>
                  </section>
               </component>
               <component>
                  <section ID="_1495913c-24a8-6dfb-d73a-99748d8b9ae5">
                     <id root="8d60be7c-4c88-484e-a2ca-3f96d6b0326c"/>
                     <code code="42229-5" codeSystem="2.16.840.1.113883.6.1" displayName="SPL UNCLASSIFIED SECTION"/>
                     <title>
                        <content styleCode="bold">Methotrexate</content>
                     </title>
                     <text>
                        <paragraph>NSAIDs have been reported to competitively inhibit methotrexateaccumulation in rabbit kidney slices. This may indicate that they couldenhance the toxicity of methotrexate. Caution should be used whenNSAIDs are administered concomitantly with methotrexate.</paragraph>
                     </text>
                     <effectiveTime value="20100510"/>
                  </section>
               </component>
               <component>
                  <section ID="_4cebadb3-eeed-360d-f76d-d4f8d6b7c01f">
                     <id root="72847a71-7e2f-4e37-a1e5-f70237f60ad6"/>
                     <code code="42229-5" codeSystem="2.16.840.1.113883.6.1" displayName="SPL UNCLASSIFIED SECTION"/>
                     <title>
                        <content styleCode="bold">Warfarin-type anticoagulants</content>
                     </title>
                     <text>
                        <paragraph>Several short-term controlled studies failed to show that Ibuprofentablets significantly affected prothrombin times or a variety of otherclotting factors when administered to individuals on coumarin-typeanticoagulants. However, because bleeding has been reported whenIBU tablets and other NSAIDs have been administered to patients oncoumarin-type anticoagulants, the physician should be cautiouswhen administering IBU tablets to patients on anticoagulants. Theeffects of warfarin and NSAIDs on GI bleeding are synergistic, suchthat the users of both drugs together have a risk of serious GI bleedinghigher than users of either drug alone.</paragraph>
                     </text>
                     <effectiveTime value="20100510"/>
                  </section>
               </component>
               <component>
                  <section ID="_58dc821e-13ef-2c83-95ec-fcc8fd09e58c">
                     <id root="6d64ca9f-cf2a-4322-9412-5fb1f9c9d59c"/>
                     <code code="42229-5" codeSystem="2.16.840.1.113883.6.1" displayName="SPL UNCLASSIFIED SECTION"/>
                     <title>
                        <content styleCode="bold">H-2 Antagonists</content>
                     </title>
                     <text>
                        <paragraph>In studies with human volunteers, co-administration of cimetidineor ranitidine with ibuprofen had no substantive effect on ibuprofenserum concentrations.</paragraph>
                     </text>
                     <effectiveTime value="20100510"/>
                  </section>
               </component>
               <component>
                  <section ID="_afb98213-e582-3718-5f2e-7e21bffba7b9">
                     <id root="8e045057-bc00-4c82-bd35-8da25346c11c"/>
                     <code code="42228-7" codeSystem="2.16.840.1.113883.6.1" displayName="PREGNANCY SECTION"/>
                     <title>
                        <content styleCode="bold">Pregnancy</content>
                     </title>
                     <text>
                        <paragraph>
                           <content styleCode="bold">Teratogenic effects: Pregnancy Category C</content>
                        </paragraph>
                        <paragraph>Reproductive studies conducted in rats and rabbits have notdemonstrated evidence of developmental abnormalities. However,animal reproduction studies are not always predictive of humanresponse. There are no adequate and well-controlled studies in pregnantwomen. Ibuprofen should be used in pregnancy only if thepotential benefit justifies the potential risk to the fetus.</paragraph>
                     </text>
                     <effectiveTime value="20100510"/>
                     <component>
                        <section ID="_2b5b04ac-b826-432f-1550-031c48baf08c">
                           <id root="6bb37a8b-6289-4ab7-b225-d6a13fdbfb8d"/>
                           <code code="42229-5" codeSystem="2.16.840.1.113883.6.1" displayName="SPL UNCLASSIFIED SECTION"/>
                           <title>
                              <content styleCode="bold">Nonteratogenic effects</content>
                           </title>
                           <text>
                              <paragraph>Because of the known effects of NSAIDs on the fetal cardiovascularsystem (closure of ductus arteriosus), use during late pregnancyshould be avoided.</paragraph>
                           </text>
                           <effectiveTime value="20100510"/>
                        </section>
                     </component>
                     <component>
                        <section ID="_22482133-a23a-06a9-f037-36c224d49763">
                           <id root="2af61992-9e42-4740-958d-b261335e4f3c"/>
                           <code code="42229-5" codeSystem="2.16.840.1.113883.6.1" displayName="SPL UNCLASSIFIED SECTION"/>
                           <title>
                              <content styleCode="bold">Labor and Delivery</content>
                           </title>
                           <text>
                              <paragraph>In rat studies with NSAIDs, as with other drugs known to inhibitprostaglandin synthesis, an increased incidence of dystocia, delayedparturition, and decreased pup survival occurred. The effects of IBUtablets on labor and delivery in pregnant women are unknown.</paragraph>
                           </text>
                           <effectiveTime value="20100510"/>
                        </section>
                     </component>
                     <component>
                        <section ID="_81591538-9982-b491-c239-df1dcc682b02">
                           <id root="ff332b14-2c65-49d6-8ab7-6e62caf934bb"/>
                           <code code="42229-5" codeSystem="2.16.840.1.113883.6.1" displayName="SPL UNCLASSIFIED SECTION"/>
                           <title>
                              <content styleCode="bold">Nursing Mothers</content>
                           </title>
                           <text>
                              <paragraph>It is not known whether this drug is excreted in human milk.Because many drugs are excreted in human-milk and because of thepotential for serious adverse reactions in nursing infants from IBUtablets, a decision should be made whether to discontinue nursing ordiscontinue the drug, taking into account the importance of the drugto the mother.</paragraph>
                           </text>
                           <effectiveTime value="20100510"/>
                        </section>
                     </component>
                     <component>
                        <section ID="_d396c255-a5e1-0ab4-8377-82511c1c234b">
                           <id root="6f227684-066b-4ba1-83c7-71e162e4fe6f"/>
                           <code code="42229-5" codeSystem="2.16.840.1.113883.6.1" displayName="SPL UNCLASSIFIED SECTION"/>
                           <title>
                              <content styleCode="bold">Pediatric Use</content>
                           </title>
                           <text>
                              <paragraph>Safety and effectiveness of IBU tablets in pediatric patients havenot been established.</paragraph>
                           </text>
                           <effectiveTime value="20100510"/>
                        </section>
                     </component>
                     <component>
                        <section ID="_86ff9807-3921-d9f8-2a20-71f484b0b328">
                           <id root="48c26bdd-3bdf-4f32-bb81-0a4bce6840a5"/>
                           <code code="42229-5" codeSystem="2.16.840.1.113883.6.1" displayName="SPL UNCLASSIFIED SECTION"/>
                           <title>
                              <content styleCode="bold">Geriatric Use</content>
                           </title>
                           <text>
                              <paragraph>As with any NSAIDs, caution should be exercised in treating theelderly (65 years and older).</paragraph>
                           </text>
                           <effectiveTime value="20100510"/>
                        </section>
                     </component>
                  </section>
               </component>
            </section>
         </component>
         <component>
            <section ID="_4928ac09-3e61-6f5b-e90a-2391436cc932">
               <id root="f5f92577-6a85-4b75-9757-e8328e0ea353"/>
               <code code="34084-4" codeSystem="2.16.840.1.113883.6.1" displayName="ADVERSE REACTIONS SECTION"/>
               <title>ADVERSE REACTIONS</title>
               <text>
                  <paragraph>The most frequent type of adverse reaction occurring withIbuprofen tablets is gastrointestinal. In controlled clinical trials thepercentage of patients reporting one or more gastrointestinal complaintsranged from 4% to 16%.</paragraph>
                  <paragraph>In controlled studies when Ibuprofen tablets were compared toaspirin and indomethacin in equally effective doses, the overall incidenceof gastrointestinal complaints was about half that seen in eitherthe aspirin- or indomethacin-treated patients.</paragraph>
                  <paragraph>Adverse reactions observed during controlled clinical trials at anincidence greater than 1% are listed in the table. Those reactions listedin Column one encompass observations in approximately 3,000patients. More than 500 of these patients were treated for periods ofat least 54 weeks.</paragraph>
                  <paragraph>Still other reactions occurring less frequently than 1 in 100 werereported in controlled clinical trials and from marketing experience.These reactions have been divided into two categories: Column twoof the table lists reactions with therapy with Ibuprofen tablets wherethe probability of a causal relationship exists: for the reactions inColumn three, a causal relationship with Ibuprofen tablets has notbeen established.</paragraph>
                  <paragraph>Reported side effects were higher at doses of 3200 mg/day thanat doses of 2400 mg or less per day in clinical trials of patients withrheumatoid arthritis. The increases in incidence were slight and stillwithin the ranges reported in the table.</paragraph>
                  <paragraph>
                     <renderMultiMedia referencedObject="MM1756068894"/>
                  </paragraph>
                  <paragraph/>
                  <paragraph/>
               </text>
               <effectiveTime value="20100510"/>
            </section>
         </component>
         <component>
            <section ID="_fe8a5e87-81c2-3196-6206-5a42c618a8db">
               <id root="576c41c2-de69-4057-9cd2-646e504ea1b0"/>
               <code code="34088-5" codeSystem="2.16.840.1.113883.6.1" displayName="OVERDOSAGE SECTION"/>
               <title>OVERDOSAGE</title>
               <text>
                  <paragraph>Approximately 11⁄2 hours after the reported ingestion of from 7 to10 Ibuprofen tablets (400 mg), a 19-month old child weighing 12 kgwas seen in the hospital emergency room, apneic and cyanotic,responding only to painful stimuli. This type of stimulus, however,was sufficient to induce respiration. Oxygen and parenteral fluidswere given; a greenish-yellow fluid was aspirated from the stomachwith no evidence to indicate the presence of ibuprofen. Two hoursafter ingestion the child’s condition seemed stable; she still respondedonly to painful stimuli and continued to have periods of apnea lastingfrom 5 to 10 seconds. She was admitted to intensive care andsodium bicarbonate was administered as well as infusions of dextroseand normal saline. By four hours post-ingestion she could bearoused easily, sit by herself and respond to spoken commands.Blood level of ibuprofen was 102.9 μg/mL approximately 81⁄2 hoursafter accidental ingestion. At 12 hours she appeared to be completelyrecovered.</paragraph>
                  <paragraph>In two other reported cases where children (each weighingapproximately 10 kg) accidentally, acutely ingested approximately120 mg/kg, there were no signs of acute intoxication or late sequelae.Blood level in one child 90 minutes after ingestion was 700 μg/mL —about 10 times the peak levels seen in absorption-excretion studies.A 19-year old male who had taken 8,000 mg of ibuprofen over aperiod of a few hours complained of dizziness, and nystagmus wasnoted. After hospitalization, parenteral hydration and three days bedrest, he recovered with no reported sequelae.</paragraph>
                  <paragraph>In cases of acute overdosage, the stomach should be emptied byvomiting or lavage, though little drug will likely be recovered if morethan an hour has elapsed since ingestion. Because the drug is acidicand is excreted in the urine, it is theoretically beneficial to administeralkali and induce diuresis. In addition to supportive measures, the useof oral activated charcoal may help to reduce the absorption andreabsorption of Ibuprofen tablets.</paragraph>
               </text>
               <effectiveTime value="20100510"/>
            </section>
         </component>
         <component>
            <section ID="_7c5dadd0-446d-424b-879b-b5364e3f7f62">
               <id root="d36d5870-c3b6-40b5-be84-06c4f5acfca3"/>
               <code code="34068-7" codeSystem="2.16.840.1.113883.6.1" displayName="DOSAGE &amp; ADMINISTRATION SECTION"/>
               <title>DOSAGE AND ADMINISTRATION</title>
               <text>
                  <paragraph>Carefully consider the potential benefits and risks of IBU tabletsand other treatment options before deciding to use IBU tablets. Usethe lowest effective dose for the shortest duration consistent withindividual patient treatment goals (see WARNINGS).</paragraph>
                  <paragraph>After observing the response to initial therapy with IBU tablets, thedose and frequency should be adjusted to suit an individual patient’sneeds.Do not exceed 3200 mg total daily dose. If gastrointestinal complaintsoccur, administer IBU tablets with meals or milk.</paragraph>
               </text>
               <effectiveTime value="20100510"/>
               <component>
                  <section ID="_1eca5d84-9f61-bd34-b31d-c4bb5e4b2098">
                     <id root="1695e5bb-a963-44cb-a5a5-713bf6585eed"/>
                     <code code="42229-5" codeSystem="2.16.840.1.113883.6.1" displayName="SPL UNCLASSIFIED SECTION"/>
                     <title>Rheumatoid arthritis and osteoarthritis, including flare-ups ofchronic disease:</title>
                     <text>
                        <paragraph>Suggested Dosage: 1200 mg-3200 mg daily (400 mg, 600 mg or800 mg tid or qid). Individual patients may show a better responseto 3200 mg daily, as compared with 2400 mg, although in well-controlledclinical trials patients on 3200 mg did not show a better meanresponse in terms of efficacy. Therefore, when treating patients with3200 mg/day, the physician should observe sufficient increased clinicalbenefits to offset potential increased risk.The dose should be tailored to each patient, and may be loweredor raised depending on the severity of symptoms either at time of initiatingdrug therapy or as the patient responds or fails to respond.In general, patients with rheumatoid arthritis seem to require higherdoses of IBU tablets than do patients with osteoarthritis.</paragraph>
                        <paragraph>The smallest dose of IBU tablets that yields acceptable controlshould be employed. A linear blood level dose-response relationshipexists with single doses up to 800 mg (See CLINICAL PHARMACOLOGYfor effects of food on rate of absorption).</paragraph>
                        <paragraph>The availability of three tablet strengths facilitates dosage adjustment.In chronic conditions, a therapeutic response to therapy with IBU tablets is sometimes seen in a few days to a week but most often isobserved by two weeks. After a satisfactory response has beenachieved, the patient’s dose should be reviewed and adjusted asrequired.</paragraph>
                     </text>
                     <effectiveTime value="20100510"/>
                  </section>
               </component>
               <component>
                  <section ID="_378deeae-a27b-6405-6c6f-620b825516d4">
                     <id root="da95915d-810c-43b0-a0fd-1887e5dc4fc1"/>
                     <code code="42229-5" codeSystem="2.16.840.1.113883.6.1" displayName="SPL UNCLASSIFIED SECTION"/>
                     <title>
                        <content styleCode="bold">Mild to moderate pain:</content>
                     </title>
                     <text>
                        <paragraph>400 mg every 4 to 6 hours as necessaryfor relief of pain.In controlled analgesic clinical trials, doses of Ibuprofen tabletsgreater than 400 mg were no more effective than the 400 mg dose.</paragraph>
                     </text>
                     <effectiveTime value="20100510"/>
                  </section>
               </component>
               <component>
                  <section ID="_4d83ccbc-9fdf-aa28-bd4c-fd4b74c05803">
                     <id root="b289441c-ad06-4420-b3a8-e164cd3c0a28"/>
                     <code code="42229-5" codeSystem="2.16.840.1.113883.6.1" displayName="SPL UNCLASSIFIED SECTION"/>
                     <title>
                        <content styleCode="bold">Dysmenorrhea:</content>
                     </title>
                     <text>
                        <paragraph>For the treatment of dysmenorrhea, beginningwith the earliest onset of such pain, IBU tablets should be given in adose of 400 mg every 4 hours as necessary for the relief of pain.</paragraph>
                     </text>
                     <effectiveTime value="20100510"/>
                  </section>
               </component>
            </section>
         </component>
         <component>
            <section ID="_b7606723-375c-936b-0f27-0ee0fbf53761">
               <id root="34237341-0f5e-40f4-919a-9836a26b6c9b"/>
               <code code="34069-5" codeSystem="2.16.840.1.113883.6.1" displayName="HOW SUPPLIED SECTION"/>
               <title>HOW SUPPLIED</title>
               <text>
                  <paragraph>Product:    50436-4605</paragraph>
                  <paragraph>NDC:    50436-4605-2      60 TABLET in a BOTTLE</paragraph>
                  <paragraph>NDC:    50436-4605-1      30 TABLET in a BOTTLE</paragraph>
                  <paragraph>NDC:    50436-4605-3      90 TABLET in a BOTTLE</paragraph>
               </text>
               <effectiveTime value="20170906"/>
            </section>
         </component>
         <component>
            <section ID="_67891d09-984c-1217-b6c4-f5c7541440de">
               <id root="e6b1e0f1-e58b-4420-8c80-48cbb6d3f9e1"/>
               <code code="42231-1" codeSystem="2.16.840.1.113883.6.1" displayName="SPL MEDGUIDE SECTION"/>
               <title>MEDICATION GUIDE</title>
               <text>
                  <paragraph>
                     <content styleCode="bold">Medication Guide for</content>
                     <content styleCode="bold">Non-Steroidal Anti-Inflammatory Drugs (NSAIDs)</content>
                     <content styleCode="bold"/>
                  </paragraph>
                  <paragraph>
                     <content styleCode="bold">What it the most important information I should know about medicines called Non-Steroidal Anti-Inflammatory Drugs (NSAIDs)?</content>
                  </paragraph>
                  <paragraph>
                     <content styleCode="bold">NSAIDs can cause serious side effects, including:</content> </paragraph>
                  <paragraph>•<content styleCode="bold"> Increased risk of a heart attack or stroke that can lead to death.</content> This risk may happen early in treatment and may increase:</paragraph>
                  <paragraph>° with increasing doses of NSAIDs</paragraph>
                  <paragraph>° with longer use of NSAIDs</paragraph>
                  <paragraph>
                     <content styleCode="bold">Do not take NSAIDs right before or after a heart surgery called a "coronary artery bypass graft (CABG)."  </content>
                  </paragraph>
                  <paragraph>
                     <content styleCode="bold">Avoid taking NSAIDs after a recent heart attack, unless your healthcare provider tells you to. You may have an increased risk of another heart attack if you take NSAIDs after a recent heart attack. </content>
                  </paragraph>
                  <paragraph>
                     <content styleCode="bold">•Increased risk of bleeding, ulcers, and tears (perforation) of the esophagus (tube leading from the mouth to the stomach), stomach and intestines:</content>
                  </paragraph>
                  <paragraph>° anytime during use</paragraph>
                  <paragraph>° without warning symptoms</paragraph>
                  <paragraph>° that may cause death</paragraph>
                  <paragraph/>
                  <paragraph>
                     <content styleCode="bold">The risk of </content>
                     <content styleCode="bold">getting an ulcer or bleeding increases with:</content> </paragraph>
                  <paragraph>° past history of stomach ulcers, or stomach or intestinal bleeding with use of NSAIDs</paragraph>
                  <paragraph>° taking medicines called "corticosteroids", "anticoagulants", "SSRIs", or "SNRIs"</paragraph>
                  <paragraph>° increasing use of NSAIDs </paragraph>
                  <paragraph>° longer use of NSAIDs</paragraph>
                  <paragraph>° smoking</paragraph>
                  <paragraph>° drinking alcohol</paragraph>
                  <paragraph>° older age</paragraph>
                  <paragraph>° poor health</paragraph>
                  <paragraph>° advanced liver disease</paragraph>
                  <paragraph>° bleeding problems</paragraph>
                  <paragraph>
                     <content styleCode="bold">NSAIDs should only be used</content>:</paragraph>
                  <paragraph>° exactly as prescribed</paragraph>
                  <paragraph>° at the lowest dose possible for your treatment</paragraph>
                  <paragraph>° for the shortest time needed</paragraph>
                  <br/>
                  <br/>
                  <paragraph>
                     <content styleCode="bold">What are NSAIDs?</content> </paragraph>
                  <paragraph>NSAIDs are used to treat pain and redness, swelling, and heat (inflammation) from medical conditions such as different types of arthritis, menstrual cramps, and other types of short-term pain.</paragraph>
                  <paragraph>
                     <content styleCode="bold">Who should not NSAIDs? </content> <content styleCode="bold"/>
                  </paragraph>
                  <paragraph>
                     <content styleCode="bold">Do not take NSAIDs:</content>
                  </paragraph>
                  <paragraph>• if you had an asthma attack, hives, or other allergic reaction with aspirin or any other NSAIDs</paragraph>
                  <paragraph>• right before or after heart bypass surgery </paragraph>
                  <paragraph>
                     <content styleCode="bold">Before taking NSAIDs, tell your healthcare provider about all your medical conditions, including if you:</content>
                  </paragraph>
                  <paragraph>
                     <content styleCode="bold"/>• have liver or kidney problems</paragraph>
                  <paragraph> • have high blood pressure</paragraph>
                  <paragraph>• have asthma</paragraph>
                  <paragraph>• are pregnant or plan to become pregnant. Talk to your healthcare provider if you are considering taking NSAIDs during pregnancy. <content styleCode="bold">You should not take NSAIDs after 29 weeks or pregnancy.</content>
                  </paragraph>
                  <paragraph>• are breastfeeding or plan to breast feed</paragraph>
                  <paragraph>
                     <content styleCode="bold">Tell your healthcare provider about all of the medicines you take, including prescription or over-the-counter medicines, vitamins or herbal supplements. </content>NSAIDs and some other medicines can interact with each other and cause serious side effects.<content styleCode="bold"> Do not start taking any new medicine without talking to your healthcare provider first.</content>
                  </paragraph>
                  <paragraph>
                     <content styleCode="bold">What are the possible side effects of NSAIDs?</content>
                  </paragraph>
                  <paragraph>
                     <content styleCode="bold">NSAIDs can cause serious side effects, including:</content>
                  </paragraph>
                  <paragraph>See "What is the most important information I should know about medicines called Nonsterodial Anti-Inflammatory Drugs (NSAIDs)?"</paragraph>
                  <paragraph>• new or worse high blood pressure • low red blood cells (anemia)</paragraph>
                  <paragraph>• heart failure • life-threatening skin reactions</paragraph>
                  <paragraph>• liver problems including liver failure • life-threatening allergic reactions</paragraph>
                  <paragraph>• kidney problems including kidney failure</paragraph>
                  <paragraph>• <content styleCode="bold">Other side effects of NSAIDs include:</content> stomach pain, constipation, diarrhea, gas, heartburn, nausea, vomiting, and dizziness.</paragraph>
                  <paragraph>
                     <content styleCode="bold"/> <content styleCode="bold">Get emergency help right away if you have any of the following symptoms</content>:</paragraph>
                  <paragraph>• shortness of breath or trouble breathing • slurred speech</paragraph>
                  <paragraph>• chest pain • swelling of the face or throat</paragraph>
                  <paragraph>• weakness in one part or side of your body</paragraph>
                  <paragraph>
                     <content styleCode="bold">Stop your NSAID medicine and call your healthcare provider right away if you have any of the </content>
                     <content styleCode="bold">following symptoms:</content> <content styleCode="bold"/>
                  </paragraph>
                  <paragraph>• nausea • vomit blood</paragraph>
                  <paragraph>• more tired or weaker than usual • there is blood in your bowel movement or it is black and sticky like tar</paragraph>
                  <paragraph>• diarrhea • unusual weight gain</paragraph>
                  <paragraph>• itching • skin rash or blisters with fever</paragraph>
                  <paragraph>• your skin or eyes look yellow • swelling of the arms, legs, hands and feet</paragraph>
                  <paragraph>• indigestion or stomach pain • flu-like symptoms</paragraph>
                  <paragraph>
                     <content styleCode="bold">If you take too much of your NSAIDs, call your healthcare provider or get medical help right away.</content>
                  </paragraph>
                  <paragraph>These are not all the possible side effects of NSAIDs. For more information, ask your healthcare provider or pharmacist about NSAIDs.</paragraph>
                  <paragraph>
                     <content styleCode="bold">Call your doctor for medical advice about side effects. You may report side effects to FDA at 1-800-FDA-1088</content>.<content styleCode="bold"/>
                  </paragraph>
                  <paragraph>
                     <content styleCode="bold">Other information about NSAIDs</content>
                  </paragraph>
                  <paragraph>•Aspirin is an NSAID  but it does not increase the chance of a heart attack. Aspirin can cause bleeding in the brain, stomach, and intestines. Aspirin can also cause ulcers in the stomach and intestines.</paragraph>
                  <paragraph>• Some of  NSAIDs are sold in lower doses without a prescription (over-the-counter) Talk to your healthcare provider before using over- the-counter NSAIDs for more than 10 days.</paragraph>
                  <paragraph>
                     <content styleCode="bold">General information about the safe and effective use of NSAIDs</content>
                  </paragraph>
                  <paragraph>Medicines are sometimes prescribed for purposes other than those listed in a Medication Guide. Do not us NSAIDs for a condition for which it was not prescribed. Do not give NSAIDs to other people, even if they have the same symptoms that you have. It may harm them.</paragraph>
                  <paragraph>If you would like more information about NSAIDs, talk with your healthcare provider. You can ask your pharmacist or healthcare provider for information about NSAIDs that is written for professionals.</paragraph>
                  <paragraph>IBU™ Ibuprofen Tablets USP 400 mg, 600 mg, and 800 mg Rx - ANDA# 075682</paragraph>
                  <paragraph>
                     <content styleCode="bold">Manufacturing facility:</content> Dr. Reddy's Laboratories Louisiana, LLC - Shreveport, LA 71106 USA</paragraph>
                  <paragraph>
                     <content styleCode="bold">Distributed by:</content> Dr. Reddy's Laboratories, Inc.</paragraph>
                  <paragraph>
                     <content styleCode="bold">For more info, call/contact:</content> 1-888-375-3784</paragraph>
                  <paragraph/>
                  <paragraph>This Medication Guide has been approved by the U.S. Food and Drug Administration</paragraph>
                  <paragraph>Revised May 2016</paragraph>
                  <paragraph/>
               </text>
               <effectiveTime value="20161110"/>
            </section>
         </component>
         <component>
            <section>
               <id root="496d2419-0027-4d02-9b12-6e4476492106"/>
               <code code="51945-4" codeSystem="2.16.840.1.113883.6.1" displayName="PACKAGE LABEL.PRINCIPAL DISPLAY PANEL"/>
               <title>IBUPROFEN 600MG TABLET</title>
               <text>
                  <renderMultiMedia referencedObject="lbl504364605"/>
               </text>
               <effectiveTime value="20170906"/>
               <component>
                  <observationMedia ID="lbl504364605">
                     <text>Label Image</text>
                     <value xsi:type="ED" mediaType="image/jpeg">
                        <reference value="lbl504364605.jpg"/>
                     </value>
                  </observationMedia>
               </component>
            </section>
         </component>
      </structuredBody>
   </component>
</document>