<?xml version="1.0" encoding="UTF-8"?><?xml-stylesheet href="http://www.accessdata.fda.gov/spl/stylesheet/spl.xsl" type="text/xsl"?>
<document xmlns="urn:hl7-org:v3" xmlns:xsi="http://www.w3.org/2001/XMLSchema-instance" xsi:schemaLocation="urn:hl7-org:v3 http://www.accessdata.fda.gov/spl/schema/spl.xsd">
   <id root="30a3a571-f371-4779-9e2c-a17cfbe6d63b"/>
   <code code="34390-5" codeSystem="2.16.840.1.113883.6.1" displayName="HUMAN OTC DRUG LABEL"/>
   <title>Children's Motrin</title>
   <effectiveTime value="20190614"/>
   <setId root="4f664479-f68c-464a-956d-25bb9f39c4cc"/>
   <versionNumber value="7"/>
   <author>
      <time/>
      <assignedEntity>
         <representedOrganization>
            <id extension="878046358" root="1.3.6.1.4.1.519.1"/>
            <name>Johnson &amp; Johnson Consumer Inc., McNeil Consumer Healthcare Division</name>
            <assignedEntity>
               <assignedOrganization/>
            </assignedEntity>
         </representedOrganization>
      </assignedEntity>
   </author>
   <component>
      <structuredBody>
         <component>
            <section ID="DLDE">
               <id root="6f5e32e6-6eb4-4604-824c-4c933af86fb7"/>
               <code code="48780-1" codeSystem="2.16.840.1.113883.6.1" displayName="SPL PRODUCT DATA ELEMENTS SECTION"/>
               <effectiveTime value="20190614"/>
               <subject>
                  <manufacturedProduct>
                     <manufacturedProduct>
                        <code code="50580-603" codeSystem="2.16.840.1.113883.6.69"/>
                        <name>Childrens Motrin</name>
                        <formCode code="C42994" codeSystem="2.16.840.1.113883.3.26.1.1" displayName="SUSPENSION"/>
                        <asEntityWithGeneric>
                           <genericMedicine>
                              <name>Ibuprofen</name>
                           </genericMedicine>
                        </asEntityWithGeneric>
                        <ingredient classCode="ACTIB">
                           <quantity>
                              <numerator value="100" unit="mg"/>
                              <denominator value="5" unit="mL"/>
                           </quantity>
                           <ingredientSubstance>
                              <code code="WK2XYI10QM" codeSystem="2.16.840.1.113883.4.9"/>
                              <name>Ibuprofen</name>
                              <activeMoiety>
                                 <activeMoiety>
                                    <code code="WK2XYI10QM" codeSystem="2.16.840.1.113883.4.9"/>
                                    <name>Ibuprofen</name>
                                 </activeMoiety>
                              </activeMoiety>
                           </ingredientSubstance>
                        </ingredient>
                        <ingredient classCode="IACT">
                           <ingredientSubstance>
                              <code code="23OV73Q5G9" codeSystem="2.16.840.1.113883.4.9"/>
                              <name>acesulfame potassium</name>
                           </ingredientSubstance>
                        </ingredient>
                        <ingredient classCode="IACT">
                           <ingredientSubstance>
                              <code code="XF417D3PSL" codeSystem="2.16.840.1.113883.4.9"/>
                              <name>anhydrous citric acid</name>
                           </ingredientSubstance>
                        </ingredient>
                        <ingredient classCode="IACT">
                           <ingredientSubstance>
                              <code code="9DBA0SBB0L" codeSystem="2.16.840.1.113883.4.9"/>
                              <name>D&amp;C red no. 33</name>
                           </ingredientSubstance>
                        </ingredient>
                        <ingredient classCode="IACT">
                           <ingredientSubstance>
                              <code code="H3R47K3TBD" codeSystem="2.16.840.1.113883.4.9"/>
                              <name>FD&amp;C blue no. 1</name>
                           </ingredientSubstance>
                        </ingredient>
                        <ingredient classCode="IACT">
                           <ingredientSubstance>
                              <code code="WZB9127XOA" codeSystem="2.16.840.1.113883.4.9"/>
                              <name>FD&amp;C red no. 40</name>
                           </ingredientSubstance>
                        </ingredient>
                        <ingredient classCode="IACT">
                           <ingredientSubstance>
                              <code code="PDC6A3C0OX" codeSystem="2.16.840.1.113883.4.9"/>
                              <name>glycerin</name>
                           </ingredientSubstance>
                        </ingredient>
                        <ingredient classCode="IACT">
                           <ingredientSubstance>
                              <code code="6OZP39ZG8H" codeSystem="2.16.840.1.113883.4.9"/>
                              <name>polysorbate 80</name>
                           </ingredientSubstance>
                        </ingredient>
                        <ingredient classCode="IACT">
                           <ingredientSubstance>
                              <code code="059QF0KO0R" codeSystem="2.16.840.1.113883.4.9"/>
                              <name>water</name>
                           </ingredientSubstance>
                        </ingredient>
                        <ingredient classCode="IACT">
                           <ingredientSubstance>
                              <code code="OJ245FE5EU" codeSystem="2.16.840.1.113883.4.9"/>
                              <name>sodium benzoate</name>
                           </ingredientSubstance>
                        </ingredient>
                        <ingredient classCode="IACT">
                           <ingredientSubstance>
                              <code code="C151H8M554" codeSystem="2.16.840.1.113883.4.9"/>
                              <name>sucrose</name>
                           </ingredientSubstance>
                        </ingredient>
                        <ingredient classCode="IACT">
                           <ingredientSubstance>
                              <code code="TTV12P4NEE" codeSystem="2.16.840.1.113883.4.9"/>
                              <name>xanthan gum</name>
                           </ingredientSubstance>
                        </ingredient>
                        <asContent>
                           <quantity>
                              <numerator value="120" unit="mL"/>
                              <denominator value="1"/>
                           </quantity>
                           <containerPackagedProduct>
                              <code/>
                              <formCode code="C43169" codeSystem="2.16.840.1.113883.3.26.1.1" displayName="BOTTLE"/>
                              <asContent>
                                 <quantity>
                                    <numerator value="1" unit="1"/>
                                    <denominator value="1"/>
                                 </quantity>
                                 <containerPackagedProduct>
                                    <code code="50580-603-04" codeSystem="2.16.840.1.113883.6.69"/>
                                    <formCode code="C43182" codeSystem="2.16.840.1.113883.3.26.1.1" displayName="CARTON"/>
                                 </containerPackagedProduct>
                                 <subjectOf>
                                    <marketingAct>
                                       <code code="C53292" codeSystem="2.16.840.1.113883.3.26.1.1"/>
                                       <statusCode code="active"/>
                                       <effectiveTime>
                                          <low value="20160125"/>
                                       </effectiveTime>
                                    </marketingAct>
                                 </subjectOf>
                              </asContent>
                           </containerPackagedProduct>
                           <subjectOf>
                              <characteristic>
                                 <code code="SPLCMBPRDTP" codeSystem="2.16.840.1.113883.1.11.19255"/>
                                 <value code="C102834" codeSystem="2.16.840.1.113883.3.26.1.1" displayName="Type 1: Convenience Kit of Co-Package" xsi:type="CV"/>
                              </characteristic>
                           </subjectOf>
                        </asContent>
                     </manufacturedProduct>
                     <subjectOf>
                        <approval>
                           <id extension="NDA020516" root="2.16.840.1.113883.3.150"/>
                           <code code="C73594" codeSystem="2.16.840.1.113883.3.26.1.1" displayName="NDA"/>
                           <author>
                              <territorialAuthority>
                                 <territory>
                                    <code code="USA" codeSystem="2.16.840.1.113883.5.28"/>
                                 </territory>
                              </territorialAuthority>
                           </author>
                        </approval>
                     </subjectOf>
                     <subjectOf>
                        <marketingAct>
                           <code code="C53292" codeSystem="2.16.840.1.113883.3.26.1.1"/>
                           <statusCode code="active"/>
                           <effectiveTime>
                              <low value="20160125"/>
                           </effectiveTime>
                        </marketingAct>
                     </subjectOf>
                     <subjectOf>
                        <characteristic classCode="OBS">
                           <code code="SPLCOLOR" codeSystem="2.16.840.1.113883.1.11.19255"/>
                           <value code="C48327" codeSystem="2.16.840.1.113883.3.26.1.1" displayName="PURPLE" xsi:type="CE">
                              <originalText/>
                           </value>
                        </characteristic>
                     </subjectOf>
                     <subjectOf>
                        <characteristic classCode="OBS">
                           <code code="SPLFLAVOR" codeSystem="2.16.840.1.113883.1.11.19255"/>
                           <value code="C73391" codeSystem="2.16.840.1.113883.3.26.1.1" displayName="GRAPE" xsi:type="CE">
                              <originalText/>
                           </value>
                        </characteristic>
                     </subjectOf>
                     <consumedIn>
                        <substanceAdministration>
                           <routeCode code="C38288" codeSystem="2.16.840.1.113883.3.26.1.1" displayName="ORAL"/>
                        </substanceAdministration>
                     </consumedIn>
                  </manufacturedProduct>
               </subject>
            </section>
         </component>
         <component>
            <section>
               <id root="fbc79206-dc81-492e-a8f2-6b0d5cb060a0"/>
               <code code="42229-5" codeSystem="2.16.840.1.113883.6.1" displayName="SPL UNCLASSIFIED SECTION"/>
               <text>
                  <paragraph>
                     <content styleCode="bold italics">Drug Facts</content>
                  </paragraph>
               </text>
               <effectiveTime value="20190614"/>
            </section>
         </component>
         <component>
            <section>
               <id root="0ae7973a-9447-46ef-9eda-ed4c8e9361b1"/>
               <code code="55106-9" codeSystem="2.16.840.1.113883.6.1" displayName="OTC - ACTIVE INGREDIENT SECTION"/>
               <title>Active ingredient (in each 5 mL)</title>
               <text>
                  <paragraph>Ibuprofen 100 mg (NSAID)<footnote>nonsteroidal anti-inflammatory drug</footnote>
                  </paragraph>
               </text>
               <effectiveTime value="20190614"/>
            </section>
         </component>
         <component>
            <section>
               <id root="93118208-361e-4587-b8d2-7ae5a731b42a"/>
               <code code="55105-1" codeSystem="2.16.840.1.113883.6.1" displayName="OTC - PURPOSE SECTION"/>
               <title>Purpose</title>
               <text>
                  <paragraph>Pain reliever/fever reducer</paragraph>
               </text>
               <effectiveTime value="20190614"/>
            </section>
         </component>
         <component>
            <section>
               <id root="df57dd54-2981-4866-8f82-a64336abaa9c"/>
               <code code="34067-9" codeSystem="2.16.840.1.113883.6.1" displayName="INDICATIONS &amp; USAGE SECTION"/>
               <title>Uses</title>
               <text>
                  <paragraph>temporarily:</paragraph>
                  <list styleCode="square">
                     <item>relieves minor aches and pains due to the common cold, flu, sore throat, headache and toothache</item>
                     <item>reduces fever</item>
                  </list>
               </text>
               <effectiveTime value="20190614"/>
            </section>
         </component>
         <component>
            <section>
               <id root="462eb1bf-0454-460a-85d5-232f8a00c0fa"/>
               <code code="34071-1" codeSystem="2.16.840.1.113883.6.1" displayName="WARNINGS SECTION"/>
               <title>Warnings</title>
               <effectiveTime value="20190614"/>
               <component>
                  <section>
                     <id root="221b0388-7c62-404c-95dd-6dd10e9cdaf8"/>
                     <code code="42229-5" codeSystem="2.16.840.1.113883.6.1" displayName="SPL UNCLASSIFIED SECTION"/>
                     <title>Allergy alert</title>
                     <text>
                        <paragraph>Ibuprofen may cause a severe allergic reaction, especially in people allergic to aspirin. Symptoms may include:</paragraph>
                        <list styleCode="square">
                           <item>hives</item>
                           <item>facial swelling</item>
                           <item>asthma (wheezing)</item>
                           <item>shock</item>
                           <item>skin reddening</item>
                           <item>rash</item>
                           <item>blisters</item>
                        </list>
                        <paragraph>If an allergic reaction occurs, stop use and seek medical help right away.</paragraph>
                     </text>
                     <effectiveTime value="20190614"/>
                  </section>
               </component>
               <component>
                  <section>
                     <id root="a6c84c08-91c1-4c3f-9f25-f3cdb3f35a87"/>
                     <code code="42229-5" codeSystem="2.16.840.1.113883.6.1" displayName="SPL UNCLASSIFIED SECTION"/>
                     <title>Stomach bleeding warning</title>
                     <text>
                        <paragraph>This product contains an NSAID, which may cause severe stomach bleeding. The chance is higher if your child:</paragraph>
                        <list styleCode="square">
                           <item>has had stomach ulcers or bleeding problems</item>
                           <item>takes a blood thinning (anticoagulant) or steroid drug</item>
                           <item>takes other drugs containing prescription or nonprescription NSAIDs (aspirin, ibuprofen, naproxen, or others)</item>
                           <item>takes more or for a longer time than directed</item>
                        </list>
                     </text>
                     <effectiveTime value="20190614"/>
                  </section>
               </component>
               <component>
                  <section>
                     <id root="b1d0b9fd-bedc-43e9-b8bf-fcb95220faab"/>
                     <code code="42229-5" codeSystem="2.16.840.1.113883.6.1" displayName="SPL UNCLASSIFIED SECTION"/>
                     <title>Heart attack and stroke warning</title>
                     <text>
                        <paragraph>NSAIDs, except aspirin, increase the risk of heart attack, heart failure, and stroke. These can be fatal. The risk is higher if you use more than directed or for longer than directed.</paragraph>
                     </text>
                     <effectiveTime value="20190614"/>
                  </section>
               </component>
               <component>
                  <section>
                     <id root="cb80738f-ff8d-4119-b53e-7d48329a87a8"/>
                     <code code="42229-5" codeSystem="2.16.840.1.113883.6.1" displayName="SPL UNCLASSIFIED SECTION"/>
                     <title>Sore throat warning</title>
                     <text>
                        <paragraph>Severe or persistent sore throat or sore throat accompanied by high fever, headache, nausea, and vomiting may be serious. Consult doctor promptly. Do not use more than 2 days or administer to children under 3 years of age unless directed by doctor.</paragraph>
                     </text>
                     <effectiveTime value="20190614"/>
                  </section>
               </component>
               <component>
                  <section>
                     <id root="228e4f60-a586-45cb-a1b7-de5e8473d432"/>
                     <code code="50570-1" codeSystem="2.16.840.1.113883.6.1" displayName="OTC - DO NOT USE SECTION"/>
                     <title>Do not use</title>
                     <text>
                        <list styleCode="square">
                           <item>if the child has ever had an allergic reaction to ibuprofen or any other pain reliever/fever reducer</item>
                           <item>right before or after heart surgery</item>
                        </list>
                     </text>
                     <effectiveTime value="20190614"/>
                  </section>
               </component>
               <component>
                  <section>
                     <id root="f555e180-f480-4837-85dd-fc087704b7eb"/>
                     <code code="50569-3" codeSystem="2.16.840.1.113883.6.1" displayName="OTC - ASK DOCTOR SECTION"/>
                     <title>Ask a doctor before use if</title>
                     <text>
                        <list styleCode="square">
                           <item>stomach bleeding warning applies to your child</item>
                           <item>child has a history of stomach problems, such as heartburn</item>
                           <item>child has problems or serious side effects from taking pain relievers or fever reducers</item>
                           <item>child has not been drinking fluids</item>
                           <item>child has lost a lot of fluid due to vomiting or diarrhea</item>
                           <item>child has high blood pressure, heart disease, liver cirrhosis, kidney disease, or had a stroke</item>
                           <item>child has asthma</item>
                           <item>child is taking a diuretic</item>
                        </list>
                     </text>
                     <effectiveTime value="20190614"/>
                  </section>
               </component>
               <component>
                  <section>
                     <id root="50ae0169-b3c9-4788-8611-3bd251cac539"/>
                     <code code="50568-5" codeSystem="2.16.840.1.113883.6.1" displayName="OTC - ASK DOCTOR/PHARMACIST SECTION"/>
                     <title>Ask a doctor or pharmacist before use if the child is</title>
                     <text>
                        <list styleCode="square">
                           <item>under a doctor's care for any serious condition</item>
                           <item>taking any other drug</item>
                        </list>
                     </text>
                     <effectiveTime value="20190614"/>
                  </section>
               </component>
               <component>
                  <section>
                     <id root="17e4c589-ac7d-476f-982c-0e53f9a913ff"/>
                     <code code="50567-7" codeSystem="2.16.840.1.113883.6.1" displayName="OTC - WHEN USING SECTION"/>
                     <title>When using this product</title>
                     <text>
                        <list styleCode="square">
                           <item>take with food or milk if stomach upset occurs</item>
                        </list>
                     </text>
                     <effectiveTime value="20190614"/>
                  </section>
               </component>
               <component>
                  <section>
                     <id root="435db3c4-47ee-4966-8755-fe729f18028f"/>
                     <code code="50566-9" codeSystem="2.16.840.1.113883.6.1" displayName="OTC - STOP USE SECTION"/>
                     <title>Stop use and ask a doctor if</title>
                     <text>
                        <list styleCode="square">
                           <item>child experiences any of the following signs of stomach bleeding:<list styleCode="square">
                                 <item>feels faint</item>
                                 <item>vomits blood</item>
                                 <item>has bloody or black stools</item>
                                 <item>has stomach pain that does not get better</item>
                              </list>
                           </item>
                           <item>child has symptoms of heart problems or stroke:<list styleCode="square">
                                 <item>chest pain</item>
                                 <item>trouble breathing</item>
                                 <item>weakness in one part or side of body</item>
                                 <item>slurred speech</item>
                                 <item>leg swelling</item>
                              </list>
                           </item>
                           <item>the child does not get any relief within first day (24 hours) of treatment</item>
                           <item>fever or pain gets worse or lasts more than 3 days</item>
                           <item>redness or swelling is present in the painful area</item>
                           <item>any new symptoms appear</item>
                        </list>
                     </text>
                     <effectiveTime value="20190614"/>
                  </section>
               </component>
               <component>
                  <section>
                     <id root="62c6fb95-f14a-4f46-80a7-ac73c9d765a1"/>
                     <code code="50565-1" codeSystem="2.16.840.1.113883.6.1" displayName="OTC - KEEP OUT OF REACH OF CHILDREN SECTION"/>
                     <text>
                        <paragraph>
                           <content styleCode="bold">Keep out of reach of children.</content> In case of overdose, get medical help or contact a Poison Control Center right away. (1-800-222-1222)</paragraph>
                     </text>
                     <effectiveTime value="20190614"/>
                  </section>
               </component>
            </section>
         </component>
         <component>
            <section>
               <id root="6b8b9ba0-24ca-48a5-9c00-86c20b579132"/>
               <code code="34068-7" codeSystem="2.16.840.1.113883.6.1" displayName="DOSAGE &amp; ADMINISTRATION SECTION"/>
               <title>Directions</title>
               <text>
                  <list styleCode="square">
                     <item>
                        <content styleCode="bold">this product does not contain directions or complete warnings for adult use</content>
                     </item>
                     <item>
                        <content styleCode="bold">do not give more than directed</content>
                     </item>
                     <item>shake well before using</item>
                     <item>mL = milliliter</item>
                     <item>find right dose on chart. If possible, use weight to dose; otherwise use age.</item>
                     <item>use only enclosed dosing cup. Do not use any other dosing device.</item>
                     <item>if needed, repeat dose every <content styleCode="bold">6-8 hours</content>
                     </item>
                     <item>do not use more than <content styleCode="bold">4 times a day</content>
                     </item>
                     <item>replace original bottle cap to maintain child resistance</item>
                  </list>
                  <table width="60%">
                     <caption>Dosing Chart</caption>
                     <col width="33%" align="center" valign="top"/>
                     <col width="33%" align="center" valign="top"/>
                     <col width="34%" align="center" valign="top"/>
                     <thead>
                        <tr>
                           <th styleCode="Lrule Rrule">Weight (lb)</th>
                           <th styleCode="Rrule"> Age (yr)</th>
                           <th styleCode="Rrule">Dose (mL)<footnote>or as directed by a doctor</footnote>
                           </th>
                        </tr>
                     </thead>
                     <tbody>
                        <tr styleCode="Botrule">
                           <td styleCode="Lrule Rrule">under 24</td>
                           <td styleCode="Rrule">under 2 years</td>
                           <td styleCode="Rrule">ask a doctor</td>
                        </tr>
                        <tr styleCode="Botrule">
                           <td styleCode="Lrule Rrule">24-35 lbs</td>
                           <td styleCode="Rrule">2-3 years</td>
                           <td styleCode="Rrule">5 mL</td>
                        </tr>
                        <tr styleCode="Botrule">
                           <td styleCode="Lrule Rrule">36-47 lbs</td>
                           <td styleCode="Rrule">4-5 years</td>
                           <td styleCode="Rrule">7.5 mL</td>
                        </tr>
                        <tr styleCode="Botrule">
                           <td styleCode="Lrule Rrule">48-59 lbs</td>
                           <td styleCode="Rrule">6-8 years</td>
                           <td styleCode="Rrule">10 mL</td>
                        </tr>
                        <tr styleCode="Botrule">
                           <td styleCode="Lrule Rrule">60-71 lbs</td>
                           <td styleCode="Rrule">9-10 years</td>
                           <td styleCode="Rrule">12.5 mL</td>
                        </tr>
                        <tr>
                           <td styleCode="Lrule Rrule">72-95 lbs</td>
                           <td styleCode="Rrule">11 years</td>
                           <td styleCode="Rrule">15 mL</td>
                        </tr>
                     </tbody>
                  </table>
               </text>
               <effectiveTime value="20190614"/>
            </section>
         </component>
         <component>
            <section>
               <id root="40a3595e-3d5e-45f2-b48b-4102c6817136"/>
               <code code="44425-7" codeSystem="2.16.840.1.113883.6.1" displayName="STORAGE AND HANDLING SECTION"/>
               <title>Other information</title>
               <text>
                  <list styleCode="square">
                     <item>
                        <content styleCode="bold">each 5 mL contains:</content> sodium 2 mg</item>
                     <item>store between 20-25°C (68-77°F)</item>
                     <item>
                        <content styleCode="bold">do not use if carton is opened or if carton tape or bottle wrap imprinted "SAFETY SEAL®" is broken or missing</content>
                     </item>
                  </list>
               </text>
               <effectiveTime value="20190614"/>
            </section>
         </component>
         <component>
            <section>
               <id root="4b15a50c-0b01-4e49-970a-5d725cce0302"/>
               <code code="51727-6" codeSystem="2.16.840.1.113883.6.1" displayName="INACTIVE INGREDIENT SECTION"/>
               <title>Inactive ingredients</title>
               <text>
                  <paragraph>acesulfame potassium, anhydrous citric acid, D&amp;C red no. 33, FD&amp;C blue no.1, FD&amp;C red no. 40, flavors, glycerin, polysorbate 80, pregelatinized starch, purified water, sodium benzoate, sucrose, xanthan gum</paragraph>
               </text>
               <effectiveTime value="20190614"/>
            </section>
         </component>
         <component>
            <section>
               <id root="6b24136b-d68b-4753-a033-4be0586a1d7b"/>
               <code code="53413-1" codeSystem="2.16.840.1.113883.6.1" displayName="OTC - QUESTIONS SECTION"/>
               <title>Questions or comments?</title>
               <text>
                  <paragraph>Call <content styleCode="bold">1-877-895-3665</content> (toll-free) or <content styleCode="bold">215-273-8755</content> (collect)</paragraph>
               </text>
               <effectiveTime value="20190614"/>
            </section>
         </component>
         <component>
            <section>
               <id root="c9135647-cd60-40e5-a955-03e1712caace"/>
               <code code="51945-4" codeSystem="2.16.840.1.113883.6.1" displayName="PACKAGE LABEL.PRINCIPAL DISPLAY PANEL"/>
               <title>PRINCIPAL DISPLAY PANEL</title>
               <text>
                  <paragraph>
                     <content styleCode="bold italics">See New Warnings</content>
                  </paragraph>
                  <paragraph>NDC 50580-603-04</paragraph>
                  <paragraph>
                     <content styleCode="bold italics">For Ages 2 to 11 Years</content>
                  </paragraph>
                  <paragraph>
                     <content styleCode="bold italics">Children's<br/>Motrin<sup>®</sup>
                     </content>
                  </paragraph>
                  <paragraph>
                     <content styleCode="italics">contains</content> <content styleCode="bold italics">Ibuprofen<br/>Oral Suspension (NSAID)</content>
                     <br/>
                     <content styleCode="italics">100 mg per 5 mL</content>
                  </paragraph>
                  <paragraph>
                     <content styleCode="italics">Pain Reliever / Fever Reducer</content>
                  </paragraph>
                  <paragraph>
                     <content styleCode="bold italics">Lasts up to<br/>8 hours</content>
                  </paragraph>
                  <paragraph>
                     <content styleCode="italics">Alcohol Free</content>
                  </paragraph>
                  <paragraph>
                     <content styleCode="bold italics">Grape Flavor</content>
                  </paragraph>
                  <paragraph>
                     <content styleCode="bold">4 fl oz (120 mL)</content>
                  </paragraph>
                  <renderMultiMedia referencedObject="MM1"/>
               </text>
               <effectiveTime value="20190614"/>
               <component>
                  <observationMedia ID="MM1">
                     <text>Principal Display Panel</text>
                     <value xsi:type="ED" mediaType="image/jpeg">
                        <reference value="motrin-01.jpg"/>
                     </value>
                  </observationMedia>
               </component>
            </section>
         </component>
      </structuredBody>
   </component>
</document>