<?xml version="1.0" encoding="UTF-8"?><?xml-stylesheet href="https://www.accessdata.fda.gov/spl/stylesheet/spl.xsl" type="text/xsl"?>
<document xmlns="urn:hl7-org:v3" xmlns:xsi="http://www.w3.org/2001/XMLSchema-instance" xsi:schemaLocation="urn:hl7-org:v3 https://www.accessdata.fda.gov/spl/schema/spl.xsd">
   <id root="32156b71-8566-410b-a07c-0396bdfec856"/>
   <code code="34390-5" codeSystem="2.16.840.1.113883.6.1" displayName="HUMAN OTC DRUG LABEL"/>
   <title> Wal-Mart Naproxen Sodium Tablets, 220 mg Drug Facts</title>
   <effectiveTime value="20191127"/>
   <setId root="5d9e5081-38b5-449c-9d78-e6e2445e3d38"/>
   <versionNumber value="2"/>
   <author>
      <time/>
      <assignedEntity>
         <representedOrganization>
            <id extension="051957769" root="1.3.6.1.4.1.519.1"/>
            <name>Wal-Mart Stores Inc</name>
         </representedOrganization>
      </assignedEntity>
   </author>
   <component>
      <structuredBody>
         <component>
            <section>
               <id root="3696d0a2-8146-4858-bf25-75597970cc86"/>
               <code code="48780-1" codeSystem="2.16.840.1.113883.6.1" displayName="SPL product data elements section"/>
               <effectiveTime value="20191127"/>
               <subject>
                  <manufacturedProduct>
                     <manufacturedProduct>
                        <code code="49035-637" codeSystem="2.16.840.1.113883.6.69"/>
                        <name>Equate Naproxen Sodium</name>
                        <formCode code="C42998" codeSystem="2.16.840.1.113883.3.26.1.1" displayName="TABLET"/>
                        <asEntityWithGeneric>
                           <genericMedicine>
                              <name>Naproxen Sodium</name>
                           </genericMedicine>
                        </asEntityWithGeneric>
                        <ingredient classCode="ACTIB">
                           <quantity>
                              <numerator unit="mg" value="200"/>
                              <denominator unit="1" value="1"/>
                           </quantity>
                           <ingredientSubstance>
                              <code code="9TN87S3A3C" codeSystem="2.16.840.1.113883.4.9"/>
                              <name>NAPROXEN SODIUM</name>
                              <activeMoiety>
                                 <activeMoiety>
                                    <code code="57Y76R9ATQ" codeSystem="2.16.840.1.113883.4.9"/>
                                    <name>NAPROXEN</name>
                                 </activeMoiety>
                              </activeMoiety>
                           </ingredientSubstance>
                        </ingredient>
                        <ingredient classCode="IACT">
                           <ingredientSubstance>
                              <code code="3NXW29V3WO" codeSystem="2.16.840.1.113883.4.9"/>
                              <name>HYPROMELLOSE, UNSPECIFIED</name>
                           </ingredientSubstance>
                        </ingredient>
                        <ingredient classCode="IACT">
                           <ingredientSubstance>
                              <code code="70097M6I30" codeSystem="2.16.840.1.113883.4.9"/>
                              <name>MAGNESIUM STEARATE</name>
                           </ingredientSubstance>
                        </ingredient>
                        <ingredient classCode="IACT">
                           <ingredientSubstance>
                              <code code="OP1R32D61U" codeSystem="2.16.840.1.113883.4.9"/>
                              <name>MICROCRYSTALLINE CELLULOSE</name>
                           </ingredientSubstance>
                        </ingredient>
                        <ingredient classCode="IACT">
                           <ingredientSubstance>
                              <code code="3WJQ0SDW1A" codeSystem="2.16.840.1.113883.4.9"/>
                              <name>POLYETHYLENE GLYCOL, UNSPECIFIED</name>
                           </ingredientSubstance>
                        </ingredient>
                        <ingredient classCode="IACT">
                           <ingredientSubstance>
                              <code code="FZ989GH94E" codeSystem="2.16.840.1.113883.4.9"/>
                              <name>POVIDONE, UNSPECIFIED</name>
                           </ingredientSubstance>
                        </ingredient>
                        <ingredient classCode="IACT">
                           <ingredientSubstance>
                              <code code="7SEV7J4R1U" codeSystem="2.16.840.1.113883.4.9"/>
                              <name>TALC</name>
                           </ingredientSubstance>
                        </ingredient>
                        <ingredient classCode="IACT">
                           <ingredientSubstance>
                              <code code="15FIX9V2JP" codeSystem="2.16.840.1.113883.4.9"/>
                              <name>TITANIUM DIOXIDE</name>
                           </ingredientSubstance>
                        </ingredient>
                        <asContent>
                           <quantity>
                              <numerator unit="1" value="225"/>
                              <denominator value="1"/>
                           </quantity>
                           <containerPackagedProduct>
                              <code code="49035-637-83" codeSystem="2.16.840.1.113883.6.69"/>
                              <formCode code="C43169" codeSystem="2.16.840.1.113883.3.26.1.1" displayName="BOTTLE"/>
                           </containerPackagedProduct>
                           <subjectOf>
                              <marketingAct>
                                 <code code="C53292" codeSystem="2.16.840.1.113883.3.26.1.1"/>
                                 <statusCode code="active"/>
                                 <effectiveTime>
                                    <low value="20130911"/>
                                 </effectiveTime>
                              </marketingAct>
                           </subjectOf>
                           <subjectOf>
                              <characteristic classCode="OBS">
                                 <code code="SPLCMBPRDTP" codeSystem="2.16.840.1.113883.1.11.19255"/>
                                 <value code="C112160" codeSystem="2.16.840.1.113883.3.26.1.1" displayName="Type 0: Not a Combination Product" xsi:type="CE"/>
                              </characteristic>
                           </subjectOf>
                        </asContent>
                     </manufacturedProduct>
                     <subjectOf>
                        <approval>
                           <id extension="ANDA074661" root="2.16.840.1.113883.3.150"/>
                           <code code="C73584" codeSystem="2.16.840.1.113883.3.26.1.1" displayName="ANDA"/>
                           <author>
                              <territorialAuthority>
                                 <territory>
                                    <code code="USA" codeSystem="2.16.840.1.113883.5.28"/>
                                 </territory>
                              </territorialAuthority>
                           </author>
                        </approval>
                     </subjectOf>
                     <subjectOf>
                        <marketingAct>
                           <code code="C53292" codeSystem="2.16.840.1.113883.3.26.1.1"/>
                           <statusCode code="active"/>
                           <effectiveTime>
                              <low value="20130911"/>
                           </effectiveTime>
                        </marketingAct>
                     </subjectOf>
                     <subjectOf>
                        <characteristic classCode="OBS">
                           <code code="SPLCOLOR" codeSystem="2.16.840.1.113883.1.11.19255"/>
                           <value code="C48333" codeSystem="2.16.840.1.113883.3.26.1.1" displayName="BLUE" xsi:type="CE">
                              <originalText>(Light Blue)</originalText>
                           </value>
                        </characteristic>
                     </subjectOf>
                     <subjectOf>
                        <characteristic classCode="OBS">
                           <code code="SPLSIZE" codeSystem="2.16.840.1.113883.1.11.19255"/>
                           <value unit="mm" value="10" xsi:type="PQ"/>
                        </characteristic>
                     </subjectOf>
                     <subjectOf>
                        <characteristic classCode="OBS">
                           <code code="SPLSHAPE" codeSystem="2.16.840.1.113883.1.11.19255"/>
                           <value code="C48348" codeSystem="2.16.840.1.113883.3.26.1.1" displayName="ROUND" xsi:type="CE"/>
                        </characteristic>
                     </subjectOf>
                     <subjectOf>
                        <characteristic classCode="OBS">
                           <code code="SPLSCORE" codeSystem="2.16.840.1.113883.1.11.19255"/>
                           <value value="1" xsi:type="INT"/>
                        </characteristic>
                     </subjectOf>
                     <subjectOf>
                        <characteristic classCode="OBS">
                           <code code="SPLIMPRINT" codeSystem="2.16.840.1.113883.1.11.19255"/>
                           <value xsi:type="ST">L490</value>
                        </characteristic>
                     </subjectOf>
                     <consumedIn>
                        <substanceAdministration>
                           <routeCode code="C38288" codeSystem="2.16.840.1.113883.3.26.1.1" displayName="ORAL"/>
                        </substanceAdministration>
                     </consumedIn>
                  </manufacturedProduct>
               </subject>
            </section>
         </component>
         <component>
            <section ID="ID_d4d808dc-9b3b-4756-99aa-cdb7875e04d3">
               <id root="d4d808dc-9b3b-4756-99aa-cdb7875e04d3"/>
               <code code="55106-9" codeSystem="2.16.840.1.113883.6.1" displayName="OTC - ACTIVE INGREDIENT SECTION"/>
               <title>Active ingredient (in each tablet)</title>
               <text>
                  <paragraph>Naproxen sodium 220 mg</paragraph>
                  <paragraph>(naproxen 200 mg) (NSAID)*</paragraph>
                  <paragraph>*nonsteroidal anti-inflammatory drug</paragraph>
               </text>
               <effectiveTime value="20131025"/>
            </section>
         </component>
         <component>
            <section ID="ID_8340f172-6e71-4b1a-9d4c-e637cb28e9f1">
               <id root="8340f172-6e71-4b1a-9d4c-e637cb28e9f1"/>
               <code code="55105-1" codeSystem="2.16.840.1.113883.6.1" displayName="OTC - PURPOSE SECTION"/>
               <title>Purposes</title>
               <text>
                  <paragraph>Pain reliever/fever reducer</paragraph>
               </text>
               <effectiveTime value="20131025"/>
            </section>
         </component>
         <component>
            <section ID="ID_2b413432-a52b-47b9-9ba8-f01ae5a5d004">
               <id root="2b413432-a52b-47b9-9ba8-f01ae5a5d004"/>
               <code code="34067-9" codeSystem="2.16.840.1.113883.6.1" displayName="INDICATIONS &amp; USAGE SECTION"/>
               <title>Uses</title>
               <text>
                  <list listType="unordered">
                     <item>
                        <caption>•</caption>temporarily relieves minor aches and pains due to:</item>
                     <item>
                        <caption>•</caption>minor pain of arthritis</item>
                     <item>
                        <caption>•</caption>muscular aches</item>
                     <item>
                        <caption>•</caption>backache</item>
                     <item>
                        <caption>•</caption>menstrual cramps</item>
                     <item>
                        <caption>•</caption>headache</item>
                     <item>
                        <caption>•</caption>toothache</item>
                     <item>
                        <caption>•</caption>the common cold</item>
                     <item>
                        <caption>•</caption>temporarily reduces fever</item>
                  </list>
               </text>
               <effectiveTime value="20131025"/>
            </section>
         </component>
         <component>
            <section ID="ID_d0fc5f89-44b1-4092-8f33-08136f5896cd">
               <id root="0328af05-010a-485e-b5f4-69aae14a3958"/>
               <code code="34071-1" codeSystem="2.16.840.1.113883.6.1" displayName="WARNINGS SECTION"/>
               <title>Warnings</title>
               <text>
                  <paragraph>
                     <content styleCode="bold">Allergy alert:</content>  Naproxen sodium may cause a severe allergic reaction, especially in people allergic to aspirin.  Symptoms may include:</paragraph>
                  <list listType="unordered">
                     <item>
                        <caption>•</caption>hives</item>
                     <item>
                        <caption>•</caption>facial swelling</item>
                     <item>
                        <caption>•</caption>asthma (wheezing)</item>
                     <item>
                        <caption>•</caption>shock</item>
                     <item>
                        <caption>•</caption>skin reddening</item>
                     <item>
                        <caption>•</caption>rash</item>
                     <item>
                        <caption>•</caption>blisters</item>
                  </list>
                  <paragraph>If an allergic reaction occurs, stop use and seek medical help right away.</paragraph>
                  <paragraph>
                     <content styleCode="bold">Stomach bleeding warning</content>:  This product contains an NSAID, which may cause severe stomach bleeding.  The chance is higher if you:</paragraph>
                  <list listType="unordered">
                     <item>
                        <caption>•</caption>are age 60 or older</item>
                     <item>
                        <caption>•</caption>have had stomach ulcers or bleeding problems</item>
                     <item>
                        <caption>•</caption>take a blood thinning (anticoagulant) or steroid drug</item>
                     <item>
                        <caption>•</caption>take other drugs containing prescription or nonprescription NSAIDs (aspirin, ibuprofen, naproxen, or others)</item>
                     <item>
                        <caption>•</caption>have 3 or more alcoholic drinks every day while using this product</item>
                     <item>
                        <caption>•</caption>take more or for a longer time than directed</item>
                  </list>
               </text>
               <effectiveTime value="20191127"/>
               <component>
                  <section ID="ID_9dedbad2-47b3-48f0-a838-0a080c581624">
                     <id root="9dedbad2-47b3-48f0-a838-0a080c581624"/>
                     <code code="50570-1" codeSystem="2.16.840.1.113883.6.1" displayName="OTC - DO NOT USE SECTION"/>
                     <title>Do not use</title>
                     <text>
                        <list listType="unordered">
                           <item>
                              <caption>•</caption>if you have ever had an allergic reaction to any other pain reliever/fever reducer</item>
                           <item>
                              <caption>•</caption>right before or after heart surgery</item>
                        </list>
                     </text>
                     <effectiveTime value="20131025"/>
                  </section>
               </component>
               <component>
                  <section ID="ID_2e263492-19dd-49fd-bd99-e1a6bc1ce45e">
                     <id root="2e263492-19dd-49fd-bd99-e1a6bc1ce45e"/>
                     <code code="50569-3" codeSystem="2.16.840.1.113883.6.1" displayName="OTC - ASK DOCTOR SECTION"/>
                     <title>
                        <content styleCode="bold">Ask a doctor before use if</content>
                     </title>
                     <text>
                        <list listType="unordered">
                           <item>
                              <caption>•</caption>the stomach bleeding warning applies to you</item>
                           <item>
                              <caption>•</caption>you have a history of stomach problems, such as heartburn</item>
                           <item>
                              <caption>•</caption>you have high blood pressure, heart disease, liver cirrhosis, or kidney disease</item>
                           <item>
                              <caption>•</caption>you are taking a diuretic</item>
                           <item>
                              <caption>•</caption>you have problems or serious side effects from taking pain relievers or fever reducers</item>
                           <item>
                              <caption>•</caption>you have asthma</item>
                        </list>
                     </text>
                     <effectiveTime value="20131025"/>
                  </section>
               </component>
               <component>
                  <section ID="ID_ab4b6805-7255-46c6-8fe1-b50c363e255b">
                     <id root="ab4b6805-7255-46c6-8fe1-b50c363e255b"/>
                     <code code="50568-5" codeSystem="2.16.840.1.113883.6.1" displayName="OTC - ASK DOCTOR/PHARMACIST SECTION"/>
                     <title>
                        <content styleCode="bold">Ask a doctor or pharmacist before use if you are</content>
                     </title>
                     <text>
                        <list listType="unordered">
                           <item>
                              <caption>•</caption>under a doctor’s care for any serious condition</item>
                           <item>
                              <caption>•</caption>taking any other drug</item>
                        </list>
                     </text>
                     <effectiveTime value="20131025"/>
                  </section>
               </component>
               <component>
                  <section ID="ID_5a24c693-5a11-4cf4-9977-f24cb47618fb">
                     <id root="5a24c693-5a11-4cf4-9977-f24cb47618fb"/>
                     <code code="50567-7" codeSystem="2.16.840.1.113883.6.1" displayName="OTC - WHEN USING SECTION"/>
                     <title>
                        <content styleCode="bold">When using this product</content>
                     </title>
                     <text>
                        <list listType="unordered">
                           <item>
                              <caption>•</caption>take with food or milk if stomach upset occurs</item>
                           <item>
                              <caption>•</caption>the risk of heart attack or stroke may increase if you use more than directed or for longer than directed</item>
                        </list>
                     </text>
                     <effectiveTime value="20131025"/>
                  </section>
               </component>
               <component>
                  <section ID="ID_e39a3493-5fca-4f08-8d5e-de4d1edd25ff">
                     <id root="e39a3493-5fca-4f08-8d5e-de4d1edd25ff"/>
                     <code code="50566-9" codeSystem="2.16.840.1.113883.6.1" displayName="OTC - STOP USE SECTION"/>
                     <title>
                        <content styleCode="bold">Stop use and ask a doctor if</content>
                     </title>
                     <text>
                        <list listType="unordered">
                           <item>
                              <caption>•</caption>you experience any of the following signs of stomach bleeding:</item>
                           <item>
                              <caption>•</caption>feel faint</item>
                           <item>
                              <caption>•</caption>vomit blood</item>
                           <item>
                              <caption>•</caption>have bloody or black stools</item>
                           <item>
                              <caption>•</caption>have stomach pain that does not get better</item>
                           <item>
                              <caption>•</caption>pain gets worse or lasts more than 10 days</item>
                           <item>
                              <caption>•</caption>fever gets worse or lasts more than 3 days</item>
                           <item>
                              <caption>•</caption>you have difficulty swallowing</item>
                           <item>
                              <caption>•</caption>it feels like the pill is stuck in your throat</item>
                           <item>
                              <caption>•</caption>redness or swelling is present in the painful area</item>
                           <item>
                              <caption>•</caption>any new symptoms appear</item>
                        </list>
                     </text>
                     <effectiveTime value="20131025"/>
                  </section>
               </component>
               <component>
                  <section ID="ID_d016a2e7-4b66-4631-b1b7-3890ee2572f3">
                     <id root="d016a2e7-4b66-4631-b1b7-3890ee2572f3"/>
                     <code code="53414-9" codeSystem="2.16.840.1.113883.6.1" displayName="OTC - PREGNANCY OR BREAST FEEDING SECTION"/>
                     <title>
                        <content styleCode="bold">If pregnant or breast-feeding,</content>
                     </title>
                     <text>
                        <list listType="unordered">
                           <item>
                              <caption>•</caption>ask a health professional before use.  It is especially important not to use naproxen sodium during the last 3 months of pregnancy unless definitely directed to do so by a doctor because it may cause problems in the unborn child or complications during delivery.</item>
                        </list>
                     </text>
                     <effectiveTime value="20131025"/>
                  </section>
               </component>
            </section>
         </component>
         <component>
            <section ID="ID_75ba3672-ec42-4293-9857-d2314820165a">
               <id root="75ba3672-ec42-4293-9857-d2314820165a"/>
               <code code="50565-1" codeSystem="2.16.840.1.113883.6.1" displayName="OTC - KEEP OUT OF REACH OF CHILDREN SECTION"/>
               <title>Keep out of reach of children.</title>
               <text>
                  <paragraph>In case of overdose, get medical help or contact a Poison Control Center right away. (1-800-222-1222)</paragraph>
               </text>
               <effectiveTime value="20131025"/>
            </section>
         </component>
         <component>
            <section ID="ID_6f1c7da7-fa12-4874-b93e-5978589f1a14">
               <id root="dbfb7bd3-4efd-4843-ac13-cff44a90cef6"/>
               <code code="34068-7" codeSystem="2.16.840.1.113883.6.1" displayName="DOSAGE &amp; ADMINISTRATION SECTION"/>
               <title>Directions</title>
               <text>
                  <list listType="unordered">
                     <item>
                        <caption>•</caption>do not take more than directed</item>
                     <item>
                        <caption>•</caption>the smallest effective dose should be used</item>
                     <item>
                        <caption>•</caption>drink a full glass of water with each dose</item>
                  </list>
                  <table width="100%">
                     <col width="17%"/>
                     <col width="73%"/>
                     <tbody>
                        <tr>
                           <td styleCode="Rrule Botrule Lrule Toprule " valign="top">
                              <paragraph>Adults and children 12 years and older</paragraph>
                           </td>
                           <td styleCode="Rrule Botrule Lrule Toprule " valign="top">
                              <list listType="unordered">
                                 <item>
                                    <caption>•</caption>take 1 tablet every 8 to 12 hours while symptoms last</item>
                                 <item>
                                    <caption>•</caption>for the first dose you may take 2 tablets within the first hour</item>
                                 <item>
                                    <caption>•</caption>do not exceed 2 tablets in any 8- to 12-hour period</item>
                                 <item>
                                    <caption>•</caption>do not exceed 3 tablets in a 24-hour period</item>
                              </list>
                           </td>
                        </tr>
                        <tr>
                           <td styleCode="Rrule Botrule Lrule Toprule " valign="top">
                              <paragraph>Children under 12 years</paragraph>
                           </td>
                           <td styleCode="Rrule Botrule Lrule Toprule " valign="top">
                              <list listType="unordered">
                                 <item>
                                    <caption>•</caption>ask a doctor</item>
                              </list>
                           </td>
                        </tr>
                     </tbody>
                  </table>
               </text>
               <effectiveTime value="20191127"/>
               <component>
                  <section ID="ID_83d3cf84-92c7-47d7-b00d-4eb8b25dad60">
                     <id root="60e20fad-6250-482f-9464-bd830a67cfcf"/>
                     <code code="44425-7" codeSystem="2.16.840.1.113883.6.1" displayName="STORAGE AND HANDLING SECTION"/>
                     <title>
                        <content styleCode="bold">Other information</content>
                     </title>
                     <text>
                        <list listType="unordered">
                           <item>
                              <caption>•</caption>
                              <content styleCode="bold">each tablet contains:</content> sodium 21 mg</item>
                           <item>
                              <caption>•</caption>store at 20-25°C (68-77°F).  Avoid high humidity and excessive heat above 40°C (104°F).</item>
                        </list>
                     </text>
                     <effectiveTime value="20191127"/>
                  </section>
               </component>
            </section>
         </component>
         <component>
            <section ID="ID_e56e81c2-b23f-49b6-8770-a704861da116">
               <id root="c4d26daf-23f5-413c-bed2-04e0fba9687a"/>
               <code code="51727-6" codeSystem="2.16.840.1.113883.6.1" displayName="INACTIVE INGREDIENT SECTION"/>
               <title>Inactive ingredients</title>
               <text>
                  <paragraph>FD&amp;C blue no. 2 aluminum lake, hypromellose, magnesium stearate, microcrystalline cellulose, polyethylene glycol, povidone, talc, titanium dioxide</paragraph>
               </text>
               <effectiveTime value="20191127"/>
               <component>
                  <section ID="ID_703cf0b4-083e-480b-bb09-db9e4604d1ed">
                     <id root="13981424-a102-4c9c-8f2f-6a343a0350de"/>
                     <code code="53413-1" codeSystem="2.16.840.1.113883.6.1" displayName="OTC - QUESTIONS SECTION"/>
                     <title>
                        <content styleCode="bold">Questions or comments?</content>
                     </title>
                     <text>
                        <paragraph>
                           <content styleCode="bold">1-888-287-1915</content>
                        </paragraph>
                     </text>
                     <effectiveTime value="20191127"/>
                  </section>
               </component>
            </section>
         </component>
         <component>
            <section ID="ID_7df969db-08ab-4077-ab74-68106b8be16f">
               <id root="8d3c2e23-b561-45f9-8314-f110bb7a2499"/>
               <code code="51945-4" codeSystem="2.16.840.1.113883.6.1" displayName="PACKAGE LABEL.PRINCIPAL DISPLAY PANEL"/>
               <title>Package/Label Principal Display Panel</title>
               <text>
                  <paragraph>Compare to Aleve<sup>®</sup> Tablets Active Ingredient</paragraph>
                  <paragraph>Naproxen Sodium Tablets 220 mg</paragraph>
                  <paragraph>Pain Reliever/Fever Reducer (NSAID)</paragraph>
                  <paragraph>Strength to Last 12 Hours</paragraph>
                  <paragraph>220 mg</paragraph>
                  <paragraph>225 TABLETS</paragraph>
                  <paragraph>PACKAGE NOT CHILD RESISTANT</paragraph>
                  <paragraph>Actual Size</paragraph>
                  <renderMultiMedia ID="id756787952" referencedObject="efc45de4-8ab1-41f8-8230-a7fe25967ebd"/>
                  <renderMultiMedia ID="id1578165496" referencedObject="fc986358-ade1-4806-906f-629386d5b646"/>
                  <renderMultiMedia ID="id1969630017" referencedObject="ID_3227a832-8d1d-401f-95c9-0cbd499e3d4f"/>
               </text>
               <effectiveTime value="20191127"/>
               <component>
                  <observationMedia ID="efc45de4-8ab1-41f8-8230-a7fe25967ebd">
                     <text>Equate Naproxen Sodium Image 1</text>
                     <value mediaType="image/jpeg" xsi:type="ED">
                        <reference value="export-02.jpg"/>
                     </value>
                  </observationMedia>
               </component>
               <component>
                  <observationMedia ID="fc986358-ade1-4806-906f-629386d5b646">
                     <text>Equate Naproxen Sodium Image 2</text>
                     <value mediaType="image/jpeg" xsi:type="ED">
                        <reference value="export-01.jpg"/>
                     </value>
                  </observationMedia>
               </component>
               <component>
                  <observationMedia ID="ID_3227a832-8d1d-401f-95c9-0cbd499e3d4f">
                     <text>Equate Naproxen Sodium Image 3</text>
                     <value mediaType="image/jpeg" xsi:type="ED">
                        <reference value="export-00.jpg"/>
                     </value>
                  </observationMedia>
               </component>
            </section>
         </component>
      </structuredBody>
   </component>
</document>