<?xml version="1.0" encoding="UTF-8"?><?xml-stylesheet href="https://www.accessdata.fda.gov/spl/stylesheet/spl.xsl" type="text/xsl"?>
<document xmlns="urn:hl7-org:v3" xmlns:xsi="http://www.w3.org/2001/XMLSchema-instance" xsi:schemaLocation="urn:hl7-org:v3 https://www.accessdata.fda.gov/spl/schema/spl.xsd">
   <id root="3323858a-89b5-459b-8d5a-dcb38e458a2b"/>
   <code code="34390-5" codeSystem="2.16.840.1.113883.6.1" displayName="HUMAN OTC DRUG LABEL"/>
   <title>CVS Pharmacy, Inc. Drug Facts</title>
   <effectiveTime value="20191119"/>
   <setId root="cdca16a9-3c61-4715-911b-9dfaef5979a3"/>
   <versionNumber value="2"/>
   <author>
      <time/>
      <assignedEntity>
         <representedOrganization>
            <id extension="062312574" root="1.3.6.1.4.1.519.1"/>
            <name>CVS Pharmacy</name>
         </representedOrganization>
      </assignedEntity>
   </author>
   <component>
      <structuredBody>
         <component>
            <section>
               <id root="3df6c9b1-58e3-4dde-ae19-45b9c57de004"/>
               <code code="48780-1" codeSystem="2.16.840.1.113883.6.1" displayName="SPL product data elements section"/>
               <effectiveTime value="20191119"/>
               <subject>
                  <manufacturedProduct>
                     <manufacturedProduct>
                        <code code="69842-835" codeSystem="2.16.840.1.113883.6.69"/>
                        <name>CVS Ibuprofen Sodium</name>
                        <formCode code="C42931" codeSystem="2.16.840.1.113883.3.26.1.1" displayName="TABLET, FILM COATED"/>
                        <asEntityWithGeneric>
                           <genericMedicine>
                              <name>Ibuprofen</name>
                           </genericMedicine>
                        </asEntityWithGeneric>
                        <ingredient classCode="ACTIB">
                           <quantity>
                              <numerator unit="mg" value="256"/>
                              <denominator unit="1" value="1"/>
                           </quantity>
                           <ingredientSubstance>
                              <code code="RM1CE97Z4N" codeSystem="2.16.840.1.113883.4.9"/>
                              <name>IBUPROFEN SODIUM</name>
                              <activeMoiety>
                                 <activeMoiety>
                                    <code code="WK2XYI10QM" codeSystem="2.16.840.1.113883.4.9"/>
                                    <name>IBUPROFEN</name>
                                 </activeMoiety>
                              </activeMoiety>
                           </ingredientSubstance>
                        </ingredient>
                        <ingredient classCode="IACT">
                           <ingredientSubstance>
                              <code code="ETJ7Z6XBU4" codeSystem="2.16.840.1.113883.4.9"/>
                              <name>SILICON DIOXIDE</name>
                           </ingredientSubstance>
                        </ingredient>
                        <ingredient classCode="IACT">
                           <ingredientSubstance>
                              <code code="L06K8R7DQK" codeSystem="2.16.840.1.113883.4.9"/>
                              <name>FD&amp;C BLUE NO. 2</name>
                           </ingredientSubstance>
                        </ingredient>
                        <ingredient classCode="IACT">
                           <ingredientSubstance>
                              <code code="H77VEI93A8" codeSystem="2.16.840.1.113883.4.9"/>
                              <name>FD&amp;C YELLOW NO. 6</name>
                           </ingredientSubstance>
                        </ingredient>
                        <ingredient classCode="IACT">
                           <ingredientSubstance>
                              <code code="230OU9XXE4" codeSystem="2.16.840.1.113883.4.9"/>
                              <name>GLYCERYL MONOSTEARATE</name>
                           </ingredientSubstance>
                        </ingredient>
                        <ingredient classCode="IACT">
                           <ingredientSubstance>
                              <code code="EX438O2MRT" codeSystem="2.16.840.1.113883.4.9"/>
                              <name>FERRIC OXIDE YELLOW</name>
                           </ingredientSubstance>
                        </ingredient>
                        <ingredient classCode="IACT">
                           <ingredientSubstance>
                              <code code="3OWL53L36A" codeSystem="2.16.840.1.113883.4.9"/>
                              <name>MANNITOL</name>
                           </ingredientSubstance>
                        </ingredient>
                        <ingredient classCode="IACT">
                           <ingredientSubstance>
                              <code code="3WJQ0SDW1A" codeSystem="2.16.840.1.113883.4.9"/>
                              <name>POLYETHYLENE GLYCOL, UNSPECIFIED</name>
                           </ingredientSubstance>
                        </ingredient>
                        <ingredient classCode="IACT">
                           <ingredientSubstance>
                              <code code="532B59J990" codeSystem="2.16.840.1.113883.4.9"/>
                              <name>POLYVINYL ALCOHOL, UNSPECIFIED</name>
                           </ingredientSubstance>
                        </ingredient>
                        <ingredient classCode="IACT">
                           <ingredientSubstance>
                              <code code="368GB5141J" codeSystem="2.16.840.1.113883.4.9"/>
                              <name>SODIUM LAURYL SULFATE</name>
                           </ingredientSubstance>
                        </ingredient>
                        <ingredient classCode="IACT">
                           <ingredientSubstance>
                              <code code="7SEV7J4R1U" codeSystem="2.16.840.1.113883.4.9"/>
                              <name>TALC</name>
                           </ingredientSubstance>
                        </ingredient>
                        <ingredient classCode="IACT">
                           <ingredientSubstance>
                              <code code="15FIX9V2JP" codeSystem="2.16.840.1.113883.4.9"/>
                              <name>TITANIUM DIOXIDE</name>
                           </ingredientSubstance>
                        </ingredient>
                        <asContent>
                           <quantity>
                              <numerator unit="1" value="80"/>
                              <denominator value="1"/>
                           </quantity>
                           <containerPackagedProduct>
                              <code/>
                              <formCode code="C43169" codeSystem="2.16.840.1.113883.3.26.1.1" displayName="BOTTLE"/>
                              <asContent>
                                 <quantity>
                                    <numerator unit="1" value="1"/>
                                    <denominator value="1"/>
                                 </quantity>
                                 <containerPackagedProduct>
                                    <code code="69842-835-27" codeSystem="2.16.840.1.113883.6.69"/>
                                    <formCode code="C43182" codeSystem="2.16.840.1.113883.3.26.1.1" displayName="CARTON"/>
                                 </containerPackagedProduct>
                                 <subjectOf>
                                    <marketingAct>
                                       <code code="C53292" codeSystem="2.16.840.1.113883.3.26.1.1"/>
                                       <statusCode code="active"/>
                                       <effectiveTime>
                                          <low value="20170117"/>
                                       </effectiveTime>
                                    </marketingAct>
                                 </subjectOf>
                              </asContent>
                           </containerPackagedProduct>
                           <subjectOf>
                              <characteristic classCode="OBS">
                                 <code code="SPLCMBPRDTP" codeSystem="2.16.840.1.113883.1.11.19255"/>
                                 <value code="C112160" codeSystem="2.16.840.1.113883.3.26.1.1" displayName="Type 0: Not a Combination Product" xsi:type="CE"/>
                              </characteristic>
                           </subjectOf>
                        </asContent>
                        <asContent>
                           <quantity>
                              <numerator unit="1" value="20"/>
                              <denominator value="1"/>
                           </quantity>
                           <containerPackagedProduct>
                              <code/>
                              <formCode code="C43169" codeSystem="2.16.840.1.113883.3.26.1.1" displayName="BOTTLE"/>
                              <asContent>
                                 <quantity>
                                    <numerator unit="1" value="1"/>
                                    <denominator value="1"/>
                                 </quantity>
                                 <containerPackagedProduct>
                                    <code code="69842-835-60" codeSystem="2.16.840.1.113883.6.69"/>
                                    <formCode code="C43182" codeSystem="2.16.840.1.113883.3.26.1.1" displayName="CARTON"/>
                                 </containerPackagedProduct>
                                 <subjectOf>
                                    <marketingAct>
                                       <code code="C53292" codeSystem="2.16.840.1.113883.3.26.1.1"/>
                                       <statusCode code="active"/>
                                       <effectiveTime>
                                          <low value="20170117"/>
                                       </effectiveTime>
                                    </marketingAct>
                                 </subjectOf>
                              </asContent>
                           </containerPackagedProduct>
                           <subjectOf>
                              <characteristic classCode="OBS">
                                 <code code="SPLCMBPRDTP" codeSystem="2.16.840.1.113883.1.11.19255"/>
                                 <value code="C112160" codeSystem="2.16.840.1.113883.3.26.1.1" displayName="Type 0: Not a Combination Product" xsi:type="CE"/>
                              </characteristic>
                           </subjectOf>
                        </asContent>
                     </manufacturedProduct>
                     <subjectOf>
                        <approval>
                           <id extension="ANDA206581" root="2.16.840.1.113883.3.150"/>
                           <code code="C73584" codeSystem="2.16.840.1.113883.3.26.1.1" displayName="ANDA"/>
                           <author>
                              <territorialAuthority>
                                 <territory>
                                    <code code="USA" codeSystem="2.16.840.1.113883.5.28"/>
                                 </territory>
                              </territorialAuthority>
                           </author>
                        </approval>
                     </subjectOf>
                     <subjectOf>
                        <marketingAct>
                           <code code="C53292" codeSystem="2.16.840.1.113883.3.26.1.1"/>
                           <statusCode code="active"/>
                           <effectiveTime>
                              <low value="20170110"/>
                           </effectiveTime>
                        </marketingAct>
                     </subjectOf>
                     <subjectOf>
                        <characteristic classCode="OBS">
                           <code code="SPLCOLOR" codeSystem="2.16.840.1.113883.1.11.19255"/>
                           <value code="C48332" codeSystem="2.16.840.1.113883.3.26.1.1" displayName="BROWN" xsi:type="CE"/>
                        </characteristic>
                     </subjectOf>
                     <subjectOf>
                        <characteristic classCode="OBS">
                           <code code="SPLSIZE" codeSystem="2.16.840.1.113883.1.11.19255"/>
                           <value unit="mm" value="10" xsi:type="PQ"/>
                        </characteristic>
                     </subjectOf>
                     <subjectOf>
                        <characteristic classCode="OBS">
                           <code code="SPLSHAPE" codeSystem="2.16.840.1.113883.1.11.19255"/>
                           <value code="C48348" codeSystem="2.16.840.1.113883.3.26.1.1" displayName="ROUND" xsi:type="CE"/>
                        </characteristic>
                     </subjectOf>
                     <subjectOf>
                        <characteristic classCode="OBS">
                           <code code="SPLSCORE" codeSystem="2.16.840.1.113883.1.11.19255"/>
                           <value value="1" xsi:type="INT"/>
                        </characteristic>
                     </subjectOf>
                     <subjectOf>
                        <characteristic classCode="OBS">
                           <code code="SPLIMPRINT" codeSystem="2.16.840.1.113883.1.11.19255"/>
                           <value xsi:type="ST">L1</value>
                        </characteristic>
                     </subjectOf>
                     <consumedIn>
                        <substanceAdministration>
                           <routeCode code="C38288" codeSystem="2.16.840.1.113883.3.26.1.1" displayName="ORAL"/>
                        </substanceAdministration>
                     </consumedIn>
                  </manufacturedProduct>
               </subject>
            </section>
         </component>
         <component>
            <section ID="ID_ba61cd06-6f80-411c-940b-fa73df857203">
               <id root="ba61cd06-6f80-411c-940b-fa73df857203"/>
               <code code="55106-9" codeSystem="2.16.840.1.113883.6.1" displayName="OTC - ACTIVE INGREDIENT SECTION"/>
               <title>Active ingredient (in each tablet)</title>
               <text>
                  <paragraph>Ibuprofen 200 mg (provided as ibuprofen sodium 256 mg) (NSAID)*</paragraph>
                  <paragraph>*nonsteroidal anti-inflammatory drug</paragraph>
               </text>
               <effectiveTime value="20170123"/>
            </section>
         </component>
         <component>
            <section ID="ID_c5bb8b3d-b204-4b02-9777-7a7793032628">
               <id root="c5bb8b3d-b204-4b02-9777-7a7793032628"/>
               <code code="55105-1" codeSystem="2.16.840.1.113883.6.1" displayName="OTC - PURPOSE SECTION"/>
               <title>Purpose</title>
               <text>
                  <paragraph>Pain reliever/Fever reducer</paragraph>
               </text>
               <effectiveTime value="20170123"/>
            </section>
         </component>
         <component>
            <section ID="ID_34884c9b-b5cc-456c-899b-c23015fae1fa">
               <id root="34884c9b-b5cc-456c-899b-c23015fae1fa"/>
               <code code="34067-9" codeSystem="2.16.840.1.113883.6.1" displayName="INDICATIONS &amp; USAGE SECTION"/>
               <title>Uses</title>
               <text>
                  <list listType="unordered">
                     <item>
                        <caption>•</caption>temporarily relieves minor aches and pains due to:</item>
                     <item>
                        <caption>•</caption>headache</item>
                     <item>
                        <caption>•</caption>toothache</item>
                     <item>
                        <caption>•</caption>backache</item>
                     <item>
                        <caption>•</caption>menstrual cramps</item>
                     <item>
                        <caption>•</caption>the common cold</item>
                     <item>
                        <caption>•</caption>muscular aches</item>
                     <item>
                        <caption>•</caption>minor pain of arthritis</item>
                     <item>
                        <caption>•</caption>temporarily reduces fever</item>
                  </list>
               </text>
               <effectiveTime value="20170123"/>
            </section>
         </component>
         <component>
            <section ID="ID_74e446ef-c328-495d-ac43-90a0d079019e">
               <id root="640aea26-8af3-429e-9536-334851f2ae2e"/>
               <code code="34071-1" codeSystem="2.16.840.1.113883.6.1" displayName="WARNINGS SECTION"/>
               <title>Warnings</title>
               <text>
                  <paragraph>
                     <content styleCode="bold">Allergy alert:</content> Ibuprofen may cause a severe allergic reaction, especially in people allergic to aspirin.</paragraph>
                  <paragraph>Symptoms may include:</paragraph>
                  <list listType="unordered">
                     <item>
                        <caption>•</caption>hives</item>
                     <item>
                        <caption>•</caption>facial swelling</item>
                     <item>
                        <caption>•</caption>asthma (wheezing)</item>
                     <item>
                        <caption>•</caption>shock</item>
                     <item>
                        <caption>•</caption>skin reddening</item>
                     <item>
                        <caption>•</caption>rash</item>
                     <item>
                        <caption>•</caption>blisters</item>
                  </list>
                  <paragraph>If an allergic reaction occurs, stop use and seek medical help right away.</paragraph>
                  <paragraph>
                     <content styleCode="bold">Stomach bleeding warning:</content> This product contains an NSAID, which may cause severe stomach bleeding.  The chance is higher if you:</paragraph>
                  <list listType="unordered">
                     <item>
                        <caption>•</caption>are age 60 or older</item>
                     <item>
                        <caption>•</caption>have had stomach ulcers or bleeding problems</item>
                     <item>
                        <caption>•</caption>take a blood thinning (anticoagulant) or steroid drug</item>
                     <item>
                        <caption>•</caption>take other drugs containing prescription or nonprescription NSAIDs [aspirin, ibuprofen, naproxen, or others]</item>
                     <item>
                        <caption>•</caption>have 3 or more alcoholic drinks every day while using this product</item>
                     <item>
                        <caption>•</caption>take more or for a longer time than directed</item>
                  </list>
               </text>
               <effectiveTime value="20191119"/>
            </section>
         </component>
         <component>
            <section ID="ID_f8c6f0da-66f4-4dc9-9b8f-ed04eca4a438">
               <id root="f8c6f0da-66f4-4dc9-9b8f-ed04eca4a438"/>
               <code code="50570-1" codeSystem="2.16.840.1.113883.6.1" displayName="OTC - DO NOT USE SECTION"/>
               <title>Do not use</title>
               <text>
                  <list listType="unordered">
                     <item>
                        <caption>•</caption>if you have ever had an allergic reaction to any other pain reliever/fever reducer</item>
                     <item>
                        <caption>•</caption>right before or after heart surgery</item>
                  </list>
               </text>
               <effectiveTime value="20170123"/>
            </section>
         </component>
         <component>
            <section ID="ID_16d9b244-805c-45d2-a1f0-8bb68692353a">
               <id root="16d9b244-805c-45d2-a1f0-8bb68692353a"/>
               <code code="50569-3" codeSystem="2.16.840.1.113883.6.1" displayName="OTC - ASK DOCTOR SECTION"/>
               <title>Ask a doctor before use if</title>
               <text>
                  <list listType="unordered">
                     <item>
                        <caption>•</caption>stomach bleeding warning applies to you</item>
                     <item>
                        <caption>•</caption>you have problems or serious side effects from taking pain relievers or fever reducers</item>
                     <item>
                        <caption>•</caption>you have a history of stomach problems, such as heartburn</item>
                     <item>
                        <caption>•</caption>you have high blood pressure, heart disease, liver cirrhosis, kidney disease, or asthma</item>
                     <item>
                        <caption>•</caption>you are taking a diuretic</item>
                  </list>
               </text>
               <effectiveTime value="20170123"/>
            </section>
         </component>
         <component>
            <section ID="ID_1fccde75-37ea-41b7-9777-8b91335a71b0">
               <id root="1fccde75-37ea-41b7-9777-8b91335a71b0"/>
               <code code="50568-5" codeSystem="2.16.840.1.113883.6.1" displayName="OTC - ASK DOCTOR/PHARMACIST SECTION"/>
               <title>
                  <content styleCode="bold">Ask a doctor or pharmacist before use if you are</content>
               </title>
               <text>
                  <list listType="unordered">
                     <item>
                        <caption>•</caption>under a doctor’s care for any serious condition</item>
                     <item>
                        <caption>•</caption>taking aspirin for heart attack or stroke, because ibuprofen may decrease this benefit of aspirin</item>
                     <item>
                        <caption>•</caption>taking any other drug</item>
                  </list>
               </text>
               <effectiveTime value="20170123"/>
            </section>
         </component>
         <component>
            <section ID="ID_b61afb66-ec11-476c-b3ef-8931d12d31d9">
               <id root="b61afb66-ec11-476c-b3ef-8931d12d31d9"/>
               <code code="50567-7" codeSystem="2.16.840.1.113883.6.1" displayName="OTC - WHEN USING SECTION"/>
               <title>When using this product</title>
               <text>
                  <list listType="unordered">
                     <item>
                        <caption>•</caption>take with food or milk if stomach upset occurs</item>
                     <item>
                        <caption>•</caption>the risk of heart attack or stroke may increase if you use more than directed or for longer than directed</item>
                  </list>
               </text>
               <effectiveTime value="20170123"/>
            </section>
         </component>
         <component>
            <section ID="ID_e676d545-b25f-471f-a7bf-f2d6a152df4b">
               <id root="e676d545-b25f-471f-a7bf-f2d6a152df4b"/>
               <code code="50566-9" codeSystem="2.16.840.1.113883.6.1" displayName="OTC - STOP USE SECTION"/>
               <title>Stop use and ask a doctor if</title>
               <text>
                  <list listType="unordered">
                     <item>
                        <caption>•</caption>you experience any of the following signs of stomach bleeding:</item>
                     <item>
                        <caption>•</caption>feel faint</item>
                     <item>
                        <caption>•</caption>vomit blood</item>
                     <item>
                        <caption>•</caption>have bloody or black stools</item>
                     <item>
                        <caption>•</caption>have stomach pain that does not get better</item>
                     <item>
                        <caption>•</caption>pain gets worse or lasts more than 10 days</item>
                     <item>
                        <caption>•</caption>fever gets worse or lasts more than 3 days</item>
                     <item>
                        <caption>•</caption>redness or swelling is present in the painful area</item>
                     <item>
                        <caption>•</caption>any new symptoms appear</item>
                  </list>
               </text>
               <effectiveTime value="20170123"/>
            </section>
         </component>
         <component>
            <section ID="ID_9555e7f8-6861-41e0-8e1c-a359e0007ecc">
               <id root="9555e7f8-6861-41e0-8e1c-a359e0007ecc"/>
               <code code="53414-9" codeSystem="2.16.840.1.113883.6.1" displayName="OTC - PREGNANCY OR BREAST FEEDING SECTION"/>
               <title>If pregnant or breast-feeding,</title>
               <text>
                  <paragraph>ask a health professional before use. It is especially important not to use ibuprofen during the last 3 months of pregnancy unless definitely directed to do so by a doctor because it may cause problems in the unborn child or complications during delivery.</paragraph>
               </text>
               <effectiveTime value="20170123"/>
            </section>
         </component>
         <component>
            <section ID="ID_2ad6e33e-a575-49db-8ab4-8473e41dc0f6">
               <id root="2ad6e33e-a575-49db-8ab4-8473e41dc0f6"/>
               <code code="50565-1" codeSystem="2.16.840.1.113883.6.1" displayName="OTC - KEEP OUT OF REACH OF CHILDREN SECTION"/>
               <title>Keep out of reach of children.</title>
               <text>
                  <paragraph>In case of overdose, get medical help or contact a Poison Control Center right away (1-800-222-1222).</paragraph>
               </text>
               <effectiveTime value="20170123"/>
            </section>
         </component>
         <component>
            <section ID="ID_d7e3dddb-f2d9-4a42-ba5a-79f53459d200">
               <id root="d7e3dddb-f2d9-4a42-ba5a-79f53459d200"/>
               <code code="34068-7" codeSystem="2.16.840.1.113883.6.1" displayName="DOSAGE &amp; ADMINISTRATION SECTION"/>
               <title>Directions</title>
               <text>
                  <list listType="unordered">
                     <item>
                        <caption>•</caption>do not take more than directed</item>
                     <item>
                        <caption>•</caption>the smallest effective dose should be used</item>
                     <item>
                        <caption>•</caption>adults and children 12 years and over: take 1 tablet every 4 to 6 hours while symptoms persist</item>
                     <item>
                        <caption>•</caption>if pain or fever does not respond to 1 tablet, 2 tablets may be used</item>
                     <item>
                        <caption>•</caption>do not exceed 6 tablets in 24 hours, unless directed by a doctor</item>
                     <item>
                        <caption>•</caption>children under 12 years: ask a doctor</item>
                  </list>
               </text>
               <effectiveTime value="20170123"/>
            </section>
         </component>
         <component>
            <section ID="ID_240699ed-23c5-4b75-9af7-ce90dd1f7678">
               <id root="7ef2b056-7ad7-4726-aa64-11bd34127a6f"/>
               <code code="44425-7" codeSystem="2.16.840.1.113883.6.1" displayName="STORAGE AND HANDLING SECTION"/>
               <title>Other information</title>
               <text>
                  <list listType="unordered">
                     <item>
                        <caption>•</caption>
                        <content styleCode="bold">each tablet contains:</content> sodium 23 mg</item>
                     <item>
                        <caption>•</caption>read all warnings and directions before use. Keep carton.</item>
                     <item>
                        <caption>•</caption>store at 20-25<sup>°</sup>C (68-77<sup>°</sup>F)</item>
                     <item>
                        <caption>•</caption>avoid excessive heat above 40<sup>°</sup>C (104<sup>°</sup>F)</item>
                  </list>
               </text>
               <effectiveTime value="20191119"/>
            </section>
         </component>
         <component>
            <section ID="ID_18c16293-146b-4613-bf04-2e34135fd0ae">
               <id root="18c16293-146b-4613-bf04-2e34135fd0ae"/>
               <code code="51727-6" codeSystem="2.16.840.1.113883.6.1" displayName="INACTIVE INGREDIENT SECTION"/>
               <title>Inactive ingredients</title>
               <text>
                  <paragraph>colloidal silicon dioxide, FD&amp;C blue #2 aluminum lake, FD&amp;C yellow #6 aluminum lake, glyceryl monostearate, iron oxide yellow, mannitol, polyethylene glycol, polyvinyl alcohol, sodium lauryl sulfate, talc, titanium dioxide</paragraph>
               </text>
               <effectiveTime value="20170123"/>
            </section>
         </component>
         <component>
            <section ID="ID_bb99a804-706b-4504-bcd8-f92ef0e3654b">
               <id root="53f91a88-2d68-4bff-9edf-9298e410f3d8"/>
               <code code="53413-1" codeSystem="2.16.840.1.113883.6.1" displayName="OTC - QUESTIONS SECTION"/>
               <title>Questions or comments?</title>
               <text>
                  <paragraph>
                     <content styleCode="bold">1-800-719-9260</content>
                  </paragraph>
               </text>
               <effectiveTime value="20191119"/>
            </section>
         </component>
         <component>
            <section ID="ID_eeb6f65d-b16f-4a3a-968d-86dc5deae1d4">
               <id root="1a43452f-546e-4f00-9fd8-c94fa5222631"/>
               <code code="51945-4" codeSystem="2.16.840.1.113883.6.1" displayName="PACKAGE LABEL.PRINCIPAL DISPLAY PANEL"/>
               <title>Package/Label Principal Display Panel</title>
               <text>
                  <paragraph>Compare to the active ingredient in Advil<sup>®</sup> (Ibuprofen Sodium) Tablets</paragraph>
                  <paragraph>Film-Coated Tablets</paragraph>
                  <paragraph>Ibuprofen Sodium Tablets</paragraph>
                  <paragraph>IBUPROFEN TABLETS 200 mg</paragraph>
                  <paragraph>(PROVIDED AS IBUPROFEN SODIUM 256 mg)</paragraph>
                  <paragraph>Pain Reliever/Fever Reducer (NSAID)</paragraph>
                  <paragraph>Film-Coated Ibuprofen</paragraph>
                  <paragraph>Sodium Tablets</paragraph>
                  <paragraph>80 FILM-COATED TABLETS</paragraph>
                  <paragraph>Actual Size</paragraph>
                  <renderMultiMedia ID="id43488263" referencedObject="ID_471a9bf4-ad61-487d-a8db-70d567962931"/>
               </text>
               <effectiveTime value="20191119"/>
               <component>
                  <observationMedia ID="ID_471a9bf4-ad61-487d-a8db-70d567962931">
                     <text>CVS Ibuprofen Sodium</text>
                     <value mediaType="image/jpeg" xsi:type="ED">
                        <reference value="01 23 17 8352717C1.jpg"/>
                     </value>
                  </observationMedia>
               </component>
            </section>
         </component>
      </structuredBody>
   </component>
</document>