<?xml version="1.0" encoding="UTF-8"?><?xml-stylesheet href="http://www.accessdata.fda.gov/spl/stylesheet/spl.xsl" type="text/xsl"?>
<document xmlns="urn:hl7-org:v3" xmlns:xsi="http://www.w3.org/2001/XMLSchema-instance" xsi:schemaLocation="urn:hl7-org:v3 http://www.accessdata.fda.gov/spl/schema/spl.xsd">
   <id root="3439c425-e2f4-416d-9a0d-20a4475d83ea"/>
   <code code="34390-5" codeSystem="2.16.840.1.113883.6.1" displayName="HUMAN OTC DRUG LABEL"/>
   <title>Advil<sup>®</sup>
      <br/>ALLERGY &amp; CONGESTION RELIEF</title>
   <effectiveTime value="20191017"/>
   <setId root="a6cc97d8-252a-4527-a470-6d9e356342fd"/>
   <versionNumber value="8"/>
   <author>
      <time/>
      <assignedEntity>
         <representedOrganization>
            <id extension="828831730" root="1.3.6.1.4.1.519.1"/>
            <name>Wyeth Consumer Healthcare LLC</name>
            <assignedEntity>
               <assignedOrganization>
                  <assignedEntity>
                     <assignedOrganization>
                        <id extension="829390975" root="1.3.6.1.4.1.519.1"/>
                        <name>Wyeth Pharmaceuticals Company</name>
                     </assignedOrganization>
                     <performance>
                        <actDefinition>
                           <code code="C25391" codeSystem="2.16.840.1.113883.3.26.1.1" displayName="ANALYSIS"/>
                           <product>
                              <manufacturedProduct classCode="MANU">
                                 <manufacturedMaterialKind>
                                    <code code="0573-0196" codeSystem="2.16.840.1.113883.6.69"/>
                                 </manufacturedMaterialKind>
                              </manufacturedProduct>
                           </product>
                        </actDefinition>
                     </performance>
                     <performance>
                        <actDefinition>
                           <code code="C25391" codeSystem="2.16.840.1.113883.3.26.1.1" displayName="ANALYSIS"/>
                           <product>
                              <manufacturedProduct classCode="MANU">
                                 <manufacturedMaterialKind>
                                    <code code="0573-2161" codeSystem="2.16.840.1.113883.6.69"/>
                                 </manufacturedMaterialKind>
                              </manufacturedProduct>
                           </product>
                        </actDefinition>
                     </performance>
                     <performance>
                        <actDefinition>
                           <code code="C84732" codeSystem="2.16.840.1.113883.3.26.1.1" displayName="LABEL"/>
                           <product>
                              <manufacturedProduct classCode="MANU">
                                 <manufacturedMaterialKind>
                                    <code code="0573-0196" codeSystem="2.16.840.1.113883.6.69"/>
                                 </manufacturedMaterialKind>
                              </manufacturedProduct>
                           </product>
                        </actDefinition>
                     </performance>
                     <performance>
                        <actDefinition>
                           <code code="C84732" codeSystem="2.16.840.1.113883.3.26.1.1" displayName="LABEL"/>
                           <product>
                              <manufacturedProduct classCode="MANU">
                                 <manufacturedMaterialKind>
                                    <code code="0573-2161" codeSystem="2.16.840.1.113883.6.69"/>
                                 </manufacturedMaterialKind>
                              </manufacturedProduct>
                           </product>
                        </actDefinition>
                     </performance>
                     <performance>
                        <actDefinition>
                           <code code="C43360" codeSystem="2.16.840.1.113883.3.26.1.1" displayName="MANUFACTURE"/>
                           <product>
                              <manufacturedProduct classCode="MANU">
                                 <manufacturedMaterialKind>
                                    <code code="0573-0196" codeSystem="2.16.840.1.113883.6.69"/>
                                 </manufacturedMaterialKind>
                              </manufacturedProduct>
                           </product>
                        </actDefinition>
                     </performance>
                     <performance>
                        <actDefinition>
                           <code code="C43360" codeSystem="2.16.840.1.113883.3.26.1.1" displayName="MANUFACTURE"/>
                           <product>
                              <manufacturedProduct classCode="MANU">
                                 <manufacturedMaterialKind>
                                    <code code="0573-2161" codeSystem="2.16.840.1.113883.6.69"/>
                                 </manufacturedMaterialKind>
                              </manufacturedProduct>
                           </product>
                        </actDefinition>
                     </performance>
                     <performance>
                        <actDefinition>
                           <code code="C84731" codeSystem="2.16.840.1.113883.3.26.1.1" displayName="PACK"/>
                           <product>
                              <manufacturedProduct classCode="MANU">
                                 <manufacturedMaterialKind>
                                    <code code="0573-0196" codeSystem="2.16.840.1.113883.6.69"/>
                                 </manufacturedMaterialKind>
                              </manufacturedProduct>
                           </product>
                        </actDefinition>
                     </performance>
                     <performance>
                        <actDefinition>
                           <code code="C84731" codeSystem="2.16.840.1.113883.3.26.1.1" displayName="PACK"/>
                           <product>
                              <manufacturedProduct classCode="MANU">
                                 <manufacturedMaterialKind>
                                    <code code="0573-2161" codeSystem="2.16.840.1.113883.6.69"/>
                                 </manufacturedMaterialKind>
                              </manufacturedProduct>
                           </product>
                        </actDefinition>
                     </performance>
                  </assignedEntity>
               </assignedOrganization>
            </assignedEntity>
         </representedOrganization>
      </assignedEntity>
   </author>
   <component>
      <structuredBody>
         <component>
            <section ID="DLDE">
               <id root="ef95c46a-ee75-4092-ab37-ae0f08c8eeca"/>
               <code code="48780-1" codeSystem="2.16.840.1.113883.6.1" displayName="SPL PRODUCT DATA ELEMENTS SECTION"/>
               <effectiveTime value="20191017"/>
               <subject>
                  <manufacturedProduct>
                     <manufacturedProduct>
                        <code code="0573-0196" codeSystem="2.16.840.1.113883.6.69"/>
                        <name>Advil Allergy and Congestion Relief</name>
                        <formCode code="C42897" codeSystem="2.16.840.1.113883.3.26.1.1" displayName="TABLET, COATED"/>
                        <asEntityWithGeneric>
                           <genericMedicine>
                              <name>chlorpheniramine maleate, ibuprofen, and phenylephrine hydrochloride</name>
                           </genericMedicine>
                        </asEntityWithGeneric>
                        <ingredient classCode="ACTIB">
                           <quantity>
                              <numerator value="4" unit="mg"/>
                              <denominator value="1" unit="1"/>
                           </quantity>
                           <ingredientSubstance>
                              <code code="V1Q0O9OJ9Z" codeSystem="2.16.840.1.113883.4.9"/>
                              <name>CHLORPHENIRAMINE MALEATE</name>
                              <activeMoiety>
                                 <activeMoiety>
                                    <code code="3U6IO1965U" codeSystem="2.16.840.1.113883.4.9"/>
                                    <name>CHLORPHENIRAMINE</name>
                                 </activeMoiety>
                              </activeMoiety>
                           </ingredientSubstance>
                        </ingredient>
                        <ingredient classCode="ACTIB">
                           <quantity>
                              <numerator value="200" unit="mg"/>
                              <denominator value="1" unit="1"/>
                           </quantity>
                           <ingredientSubstance>
                              <code code="WK2XYI10QM" codeSystem="2.16.840.1.113883.4.9"/>
                              <name>IBUPROFEN</name>
                              <activeMoiety>
                                 <activeMoiety>
                                    <code code="WK2XYI10QM" codeSystem="2.16.840.1.113883.4.9"/>
                                    <name>IBUPROFEN</name>
                                 </activeMoiety>
                              </activeMoiety>
                           </ingredientSubstance>
                        </ingredient>
                        <ingredient classCode="ACTIB">
                           <quantity>
                              <numerator value="10" unit="mg"/>
                              <denominator value="1" unit="1"/>
                           </quantity>
                           <ingredientSubstance>
                              <code code="04JA59TNSJ" codeSystem="2.16.840.1.113883.4.9"/>
                              <name>PHENYLEPHRINE HYDROCHLORIDE</name>
                              <activeMoiety>
                                 <activeMoiety>
                                    <code code="1WS297W6MV" codeSystem="2.16.840.1.113883.4.9"/>
                                    <name>PHENYLEPHRINE</name>
                                 </activeMoiety>
                              </activeMoiety>
                           </ingredientSubstance>
                        </ingredient>
                        <ingredient classCode="IACT">
                           <ingredientSubstance>
                              <code code="23OV73Q5G9" codeSystem="2.16.840.1.113883.4.9"/>
                              <name>ACESULFAME POTASSIUM</name>
                           </ingredientSubstance>
                        </ingredient>
                        <ingredient classCode="IACT">
                           <ingredientSubstance>
                              <code code="R12CBM0EIZ" codeSystem="2.16.840.1.113883.4.9"/>
                              <name>CARNAUBA WAX</name>
                           </ingredientSubstance>
                        </ingredient>
                        <ingredient classCode="IACT">
                           <ingredientSubstance>
                              <code code="ETJ7Z6XBU4" codeSystem="2.16.840.1.113883.4.9"/>
                              <name>SILICON DIOXIDE</name>
                           </ingredientSubstance>
                        </ingredient>
                        <ingredient classCode="IACT">
                           <ingredientSubstance>
                              <code code="O8232NY3SJ" codeSystem="2.16.840.1.113883.4.9"/>
                              <name>STARCH, CORN</name>
                           </ingredientSubstance>
                        </ingredient>
                        <ingredient classCode="IACT">
                           <ingredientSubstance>
                              <code code="M28OL1HH48" codeSystem="2.16.840.1.113883.4.9"/>
                              <name>CROSCARMELLOSE SODIUM</name>
                           </ingredientSubstance>
                        </ingredient>
                        <ingredient classCode="IACT">
                           <ingredientSubstance>
                              <code code="PDC6A3C0OX" codeSystem="2.16.840.1.113883.4.9"/>
                              <name>GLYCERIN</name>
                           </ingredientSubstance>
                        </ingredient>
                        <ingredient classCode="IACT">
                           <ingredientSubstance>
                              <code code="R8WTH25YS2" codeSystem="2.16.840.1.113883.4.9"/>
                              <name>GLYCERYL DIBEHENATE</name>
                           </ingredientSubstance>
                        </ingredient>
                        <ingredient classCode="IACT">
                           <ingredientSubstance>
                              <code code="3NXW29V3WO" codeSystem="2.16.840.1.113883.4.9"/>
                              <name>HYPROMELLOSE, UNSPECIFIED</name>
                           </ingredientSubstance>
                        </ingredient>
                        <ingredient classCode="IACT">
                           <ingredientSubstance>
                              <code code="33X04XA5AT" codeSystem="2.16.840.1.113883.4.9"/>
                              <name>LACTIC ACID, UNSPECIFIED FORM</name>
                           </ingredientSubstance>
                        </ingredient>
                        <ingredient classCode="IACT">
                           <ingredientSubstance>
                              <code code="1Z74184RGV" codeSystem="2.16.840.1.113883.4.9"/>
                              <name>EGG PHOSPHOLIPIDS</name>
                           </ingredientSubstance>
                        </ingredient>
                        <ingredient classCode="IACT">
                           <ingredientSubstance>
                              <code code="7CVR7L4A2D" codeSystem="2.16.840.1.113883.4.9"/>
                              <name>MALTODEXTRIN</name>
                           </ingredientSubstance>
                        </ingredient>
                        <ingredient classCode="IACT">
                           <ingredientSubstance>
                              <code code="C9H2L21V7U" codeSystem="2.16.840.1.113883.4.9"/>
                              <name>MEDIUM-CHAIN TRIGLYCERIDES</name>
                           </ingredientSubstance>
                        </ingredient>
                        <ingredient classCode="IACT">
                           <ingredientSubstance>
                              <code code="OP1R32D61U" codeSystem="2.16.840.1.113883.4.9"/>
                              <name>MICROCRYSTALLINE CELLULOSE</name>
                           </ingredientSubstance>
                        </ingredient>
                        <ingredient classCode="IACT">
                           <ingredientSubstance>
                              <code code="VH2XOU12IE" codeSystem="2.16.840.1.113883.4.9"/>
                              <name>POLYDEXTROSE</name>
                           </ingredientSubstance>
                        </ingredient>
                        <ingredient classCode="IACT">
                           <ingredientSubstance>
                              <code code="532B59J990" codeSystem="2.16.840.1.113883.4.9"/>
                              <name>POLYVINYL ALCOHOL, UNSPECIFIED</name>
                           </ingredientSubstance>
                        </ingredient>
                        <ingredient classCode="IACT">
                           <ingredientSubstance>
                              <code code="8D4SNN7V92" codeSystem="2.16.840.1.113883.4.9"/>
                              <name>PROPYL GALLATE</name>
                           </ingredientSubstance>
                        </ingredient>
                        <ingredient classCode="IACT">
                           <ingredientSubstance>
                              <code code="96K6UQ3ZD4" codeSystem="2.16.840.1.113883.4.9"/>
                              <name>SUCRALOSE</name>
                           </ingredientSubstance>
                        </ingredient>
                        <ingredient classCode="IACT">
                           <ingredientSubstance>
                              <code code="1K09F3G675" codeSystem="2.16.840.1.113883.4.9"/>
                              <name>FERRIC OXIDE RED</name>
                           </ingredientSubstance>
                        </ingredient>
                        <ingredient classCode="IACT">
                           <ingredientSubstance>
                              <code code="7SEV7J4R1U" codeSystem="2.16.840.1.113883.4.9"/>
                              <name>TALC</name>
                           </ingredientSubstance>
                        </ingredient>
                        <ingredient classCode="IACT">
                           <ingredientSubstance>
                              <code code="15FIX9V2JP" codeSystem="2.16.840.1.113883.4.9"/>
                              <name>TITANIUM DIOXIDE</name>
                           </ingredientSubstance>
                        </ingredient>
                        <ingredient classCode="IACT">
                           <ingredientSubstance>
                              <code code="XHX3C3X673" codeSystem="2.16.840.1.113883.4.9"/>
                              <name>TRIACETIN</name>
                           </ingredientSubstance>
                        </ingredient>
                        <ingredient classCode="IACT">
                           <ingredientSubstance>
                              <code code="TTV12P4NEE" codeSystem="2.16.840.1.113883.4.9"/>
                              <name>XANTHAN GUM</name>
                           </ingredientSubstance>
                        </ingredient>
                        <asContent>
                           <quantity>
                              <numerator value="1" unit="1"/>
                              <denominator value="1"/>
                           </quantity>
                           <containerPackagedProduct>
                              <code/>
                              <formCode code="C43199" codeSystem="2.16.840.1.113883.3.26.1.1" displayName="PACKET"/>
                              <asContent>
                                 <quantity>
                                    <numerator value="50" unit="1"/>
                                    <denominator value="1"/>
                                 </quantity>
                                 <containerPackagedProduct>
                                    <code code="0573-0196-01" codeSystem="2.16.840.1.113883.6.69"/>
                                    <formCode code="C53438" codeSystem="2.16.840.1.113883.3.26.1.1" displayName="TRAY"/>
                                 </containerPackagedProduct>
                                 <subjectOf>
                                    <marketingAct>
                                       <code code="C53292" codeSystem="2.16.840.1.113883.3.26.1.1"/>
                                       <statusCode code="active"/>
                                       <effectiveTime>
                                          <low value="20120723"/>
                                       </effectiveTime>
                                    </marketingAct>
                                 </subjectOf>
                              </asContent>
                           </containerPackagedProduct>
                           <subjectOf>
                              <characteristic>
                                 <code code="SPLCMBPRDTP" codeSystem="2.16.840.1.113883.1.11.19255"/>
                                 <value code="C112160" codeSystem="2.16.840.1.113883.3.26.1.1" displayName="Type 0: Not a Combination Product" xsi:type="CV"/>
                              </characteristic>
                           </subjectOf>
                        </asContent>
                        <asContent>
                           <quantity>
                              <numerator value="10" unit="1"/>
                              <denominator value="1"/>
                           </quantity>
                           <containerPackagedProduct>
                              <code/>
                              <formCode code="C43168" codeSystem="2.16.840.1.113883.3.26.1.1" displayName="BLISTER PACK"/>
                              <asContent>
                                 <quantity>
                                    <numerator value="1" unit="1"/>
                                    <denominator value="1"/>
                                 </quantity>
                                 <containerPackagedProduct>
                                    <code code="0573-0196-10" codeSystem="2.16.840.1.113883.6.69"/>
                                    <formCode code="C43182" codeSystem="2.16.840.1.113883.3.26.1.1" displayName="CARTON"/>
                                 </containerPackagedProduct>
                                 <subjectOf>
                                    <marketingAct>
                                       <code code="C53292" codeSystem="2.16.840.1.113883.3.26.1.1"/>
                                       <statusCode code="active"/>
                                       <effectiveTime>
                                          <low value="20120723"/>
                                       </effectiveTime>
                                    </marketingAct>
                                 </subjectOf>
                              </asContent>
                           </containerPackagedProduct>
                           <subjectOf>
                              <characteristic>
                                 <code code="SPLCMBPRDTP" codeSystem="2.16.840.1.113883.1.11.19255"/>
                                 <value code="C112160" codeSystem="2.16.840.1.113883.3.26.1.1" displayName="Type 0: Not a Combination Product" xsi:type="CV"/>
                              </characteristic>
                           </subjectOf>
                        </asContent>
                        <asContent>
                           <quantity>
                              <numerator value="10" unit="1"/>
                              <denominator value="1"/>
                           </quantity>
                           <containerPackagedProduct>
                              <code/>
                              <formCode code="C43168" codeSystem="2.16.840.1.113883.3.26.1.1" displayName="BLISTER PACK"/>
                              <asContent>
                                 <quantity>
                                    <numerator value="2" unit="1"/>
                                    <denominator value="1"/>
                                 </quantity>
                                 <containerPackagedProduct>
                                    <code code="0573-0196-20" codeSystem="2.16.840.1.113883.6.69"/>
                                    <formCode code="C43182" codeSystem="2.16.840.1.113883.3.26.1.1" displayName="CARTON"/>
                                 </containerPackagedProduct>
                                 <subjectOf>
                                    <marketingAct>
                                       <code code="C53292" codeSystem="2.16.840.1.113883.3.26.1.1"/>
                                       <statusCode code="active"/>
                                       <effectiveTime>
                                          <low value="20120723"/>
                                       </effectiveTime>
                                    </marketingAct>
                                 </subjectOf>
                              </asContent>
                           </containerPackagedProduct>
                           <subjectOf>
                              <characteristic>
                                 <code code="SPLCMBPRDTP" codeSystem="2.16.840.1.113883.1.11.19255"/>
                                 <value code="C112160" codeSystem="2.16.840.1.113883.3.26.1.1" displayName="Type 0: Not a Combination Product" xsi:type="CV"/>
                              </characteristic>
                           </subjectOf>
                        </asContent>
                        <asContent>
                           <quantity>
                              <numerator value="1" unit="1"/>
                              <denominator value="1"/>
                           </quantity>
                           <containerPackagedProduct>
                              <code/>
                              <formCode code="C43199" codeSystem="2.16.840.1.113883.3.26.1.1" displayName="PACKET"/>
                              <asContent>
                                 <quantity>
                                    <numerator value="2" unit="1"/>
                                    <denominator value="1"/>
                                 </quantity>
                                 <containerPackagedProduct>
                                    <code code="0573-0196-02" codeSystem="2.16.840.1.113883.6.69"/>
                                    <formCode code="C43182" codeSystem="2.16.840.1.113883.3.26.1.1" displayName="CARTON"/>
                                 </containerPackagedProduct>
                                 <subjectOf>
                                    <marketingAct>
                                       <code code="C53292" codeSystem="2.16.840.1.113883.3.26.1.1"/>
                                       <statusCode code="active"/>
                                       <effectiveTime>
                                          <low value="20191001"/>
                                       </effectiveTime>
                                    </marketingAct>
                                 </subjectOf>
                              </asContent>
                           </containerPackagedProduct>
                           <subjectOf>
                              <characteristic>
                                 <code code="SPLCMBPRDTP" codeSystem="2.16.840.1.113883.1.11.19255"/>
                                 <value code="C112160" codeSystem="2.16.840.1.113883.3.26.1.1" displayName="Type 0: Not a Combination Product" xsi:type="CV"/>
                              </characteristic>
                           </subjectOf>
                        </asContent>
                     </manufacturedProduct>
                     <subjectOf>
                        <approval>
                           <id extension="NDA022113" root="2.16.840.1.113883.3.150"/>
                           <code code="C73594" codeSystem="2.16.840.1.113883.3.26.1.1" displayName="NDA"/>
                           <author>
                              <territorialAuthority>
                                 <territory>
                                    <code code="USA" codeSystem="2.16.840.1.113883.5.28"/>
                                 </territory>
                              </territorialAuthority>
                           </author>
                        </approval>
                     </subjectOf>
                     <subjectOf>
                        <marketingAct>
                           <code code="C53292" codeSystem="2.16.840.1.113883.3.26.1.1"/>
                           <statusCode code="active"/>
                           <effectiveTime>
                              <low value="20120723"/>
                           </effectiveTime>
                        </marketingAct>
                     </subjectOf>
                     <subjectOf>
                        <characteristic classCode="OBS">
                           <code code="SPLCOLOR" codeSystem="2.16.840.1.113883.1.11.19255"/>
                           <value code="C48324" codeSystem="2.16.840.1.113883.3.26.1.1" displayName="GRAY" xsi:type="CE">
                              <originalText/>
                           </value>
                        </characteristic>
                     </subjectOf>
                     <subjectOf>
                        <characteristic classCode="OBS">
                           <code code="SPLSCORE" codeSystem="2.16.840.1.113883.1.11.19255"/>
                           <value value="1" xsi:type="INT"/>
                        </characteristic>
                     </subjectOf>
                     <subjectOf>
                        <characteristic classCode="OBS">
                           <code code="SPLSHAPE" codeSystem="2.16.840.1.113883.1.11.19255"/>
                           <value code="C48345" codeSystem="2.16.840.1.113883.3.26.1.1" displayName="OVAL" xsi:type="CE">
                              <originalText/>
                           </value>
                        </characteristic>
                     </subjectOf>
                     <subjectOf>
                        <characteristic classCode="OBS">
                           <code code="SPLSIZE" codeSystem="2.16.840.1.113883.1.11.19255"/>
                           <value unit="mm" value="17" xsi:type="PQ"/>
                        </characteristic>
                     </subjectOf>
                     <subjectOf>
                        <characteristic classCode="OBS">
                           <code code="SPLIMPRINT" codeSystem="2.16.840.1.113883.1.11.19255"/>
                           <value xsi:type="ST">Advil;A;CR</value>
                        </characteristic>
                     </subjectOf>
                     <consumedIn>
                        <substanceAdministration>
                           <routeCode code="C38288" codeSystem="2.16.840.1.113883.3.26.1.1" displayName="ORAL"/>
                        </substanceAdministration>
                     </consumedIn>
                  </manufacturedProduct>
               </subject>
               <subject>
                  <manufacturedProduct>
                     <manufacturedProduct>
                        <code code="0573-2161" codeSystem="2.16.840.1.113883.6.69"/>
                        <name>Advil Allergy and Congestion Relief</name>
                        <formCode code="C42897" codeSystem="2.16.840.1.113883.3.26.1.1" displayName="TABLET, COATED"/>
                        <asEntityWithGeneric>
                           <genericMedicine>
                              <name>chlorpheniramine maleate, ibuprofen, and phenylephrine hydrochloride</name>
                           </genericMedicine>
                        </asEntityWithGeneric>
                        <ingredient classCode="ACTIB">
                           <quantity>
                              <numerator value="4" unit="mg"/>
                              <denominator value="1" unit="1"/>
                           </quantity>
                           <ingredientSubstance>
                              <code code="V1Q0O9OJ9Z" codeSystem="2.16.840.1.113883.4.9"/>
                              <name>CHLORPHENIRAMINE MALEATE</name>
                              <activeMoiety>
                                 <activeMoiety>
                                    <code code="3U6IO1965U" codeSystem="2.16.840.1.113883.4.9"/>
                                    <name>CHLORPHENIRAMINE</name>
                                 </activeMoiety>
                              </activeMoiety>
                           </ingredientSubstance>
                        </ingredient>
                        <ingredient classCode="ACTIB">
                           <quantity>
                              <numerator value="200" unit="mg"/>
                              <denominator value="1" unit="1"/>
                           </quantity>
                           <ingredientSubstance>
                              <code code="WK2XYI10QM" codeSystem="2.16.840.1.113883.4.9"/>
                              <name>IBUPROFEN</name>
                              <activeMoiety>
                                 <activeMoiety>
                                    <code code="WK2XYI10QM" codeSystem="2.16.840.1.113883.4.9"/>
                                    <name>IBUPROFEN</name>
                                 </activeMoiety>
                              </activeMoiety>
                           </ingredientSubstance>
                        </ingredient>
                        <ingredient classCode="ACTIB">
                           <quantity>
                              <numerator value="10" unit="mg"/>
                              <denominator value="1" unit="1"/>
                           </quantity>
                           <ingredientSubstance>
                              <code code="04JA59TNSJ" codeSystem="2.16.840.1.113883.4.9"/>
                              <name>PHENYLEPHRINE HYDROCHLORIDE</name>
                              <activeMoiety>
                                 <activeMoiety>
                                    <code code="1WS297W6MV" codeSystem="2.16.840.1.113883.4.9"/>
                                    <name>PHENYLEPHRINE</name>
                                 </activeMoiety>
                              </activeMoiety>
                           </ingredientSubstance>
                        </ingredient>
                        <ingredient classCode="IACT">
                           <ingredientSubstance>
                              <code code="23OV73Q5G9" codeSystem="2.16.840.1.113883.4.9"/>
                              <name>ACESULFAME POTASSIUM</name>
                           </ingredientSubstance>
                        </ingredient>
                        <ingredient classCode="IACT">
                           <ingredientSubstance>
                              <code code="R12CBM0EIZ" codeSystem="2.16.840.1.113883.4.9"/>
                              <name>CARNAUBA WAX</name>
                           </ingredientSubstance>
                        </ingredient>
                        <ingredient classCode="IACT">
                           <ingredientSubstance>
                              <code code="ETJ7Z6XBU4" codeSystem="2.16.840.1.113883.4.9"/>
                              <name>SILICON DIOXIDE</name>
                           </ingredientSubstance>
                        </ingredient>
                        <ingredient classCode="IACT">
                           <ingredientSubstance>
                              <code code="O8232NY3SJ" codeSystem="2.16.840.1.113883.4.9"/>
                              <name>STARCH, CORN</name>
                           </ingredientSubstance>
                        </ingredient>
                        <ingredient classCode="IACT">
                           <ingredientSubstance>
                              <code code="M28OL1HH48" codeSystem="2.16.840.1.113883.4.9"/>
                              <name>CROSCARMELLOSE SODIUM</name>
                           </ingredientSubstance>
                        </ingredient>
                        <ingredient classCode="IACT">
                           <ingredientSubstance>
                              <code code="PDC6A3C0OX" codeSystem="2.16.840.1.113883.4.9"/>
                              <name>GLYCERIN</name>
                           </ingredientSubstance>
                        </ingredient>
                        <ingredient classCode="IACT">
                           <ingredientSubstance>
                              <code code="R8WTH25YS2" codeSystem="2.16.840.1.113883.4.9"/>
                              <name>GLYCERYL DIBEHENATE</name>
                           </ingredientSubstance>
                        </ingredient>
                        <ingredient classCode="IACT">
                           <ingredientSubstance>
                              <code code="3NXW29V3WO" codeSystem="2.16.840.1.113883.4.9"/>
                              <name>HYPROMELLOSE, UNSPECIFIED</name>
                           </ingredientSubstance>
                        </ingredient>
                        <ingredient classCode="IACT">
                           <ingredientSubstance>
                              <code code="33X04XA5AT" codeSystem="2.16.840.1.113883.4.9"/>
                              <name>LACTIC ACID, UNSPECIFIED FORM</name>
                           </ingredientSubstance>
                        </ingredient>
                        <ingredient classCode="IACT">
                           <ingredientSubstance>
                              <code code="1Z74184RGV" codeSystem="2.16.840.1.113883.4.9"/>
                              <name>EGG PHOSPHOLIPIDS</name>
                           </ingredientSubstance>
                        </ingredient>
                        <ingredient classCode="IACT">
                           <ingredientSubstance>
                              <code code="7CVR7L4A2D" codeSystem="2.16.840.1.113883.4.9"/>
                              <name>MALTODEXTRIN</name>
                           </ingredientSubstance>
                        </ingredient>
                        <ingredient classCode="IACT">
                           <ingredientSubstance>
                              <code code="C9H2L21V7U" codeSystem="2.16.840.1.113883.4.9"/>
                              <name>MEDIUM-CHAIN TRIGLYCERIDES</name>
                           </ingredientSubstance>
                        </ingredient>
                        <ingredient classCode="IACT">
                           <ingredientSubstance>
                              <code code="OP1R32D61U" codeSystem="2.16.840.1.113883.4.9"/>
                              <name>MICROCRYSTALLINE CELLULOSE</name>
                           </ingredientSubstance>
                        </ingredient>
                        <ingredient classCode="IACT">
                           <ingredientSubstance>
                              <code code="VH2XOU12IE" codeSystem="2.16.840.1.113883.4.9"/>
                              <name>POLYDEXTROSE</name>
                           </ingredientSubstance>
                        </ingredient>
                        <ingredient classCode="IACT">
                           <ingredientSubstance>
                              <code code="532B59J990" codeSystem="2.16.840.1.113883.4.9"/>
                              <name>POLYVINYL ALCOHOL, UNSPECIFIED</name>
                           </ingredientSubstance>
                        </ingredient>
                        <ingredient classCode="IACT">
                           <ingredientSubstance>
                              <code code="8D4SNN7V92" codeSystem="2.16.840.1.113883.4.9"/>
                              <name>PROPYL GALLATE</name>
                           </ingredientSubstance>
                        </ingredient>
                        <ingredient classCode="IACT">
                           <ingredientSubstance>
                              <code code="96K6UQ3ZD4" codeSystem="2.16.840.1.113883.4.9"/>
                              <name>SUCRALOSE</name>
                           </ingredientSubstance>
                        </ingredient>
                        <ingredient classCode="IACT">
                           <ingredientSubstance>
                              <code code="1K09F3G675" codeSystem="2.16.840.1.113883.4.9"/>
                              <name>FERRIC OXIDE RED</name>
                           </ingredientSubstance>
                        </ingredient>
                        <ingredient classCode="IACT">
                           <ingredientSubstance>
                              <code code="7SEV7J4R1U" codeSystem="2.16.840.1.113883.4.9"/>
                              <name>TALC</name>
                           </ingredientSubstance>
                        </ingredient>
                        <ingredient classCode="IACT">
                           <ingredientSubstance>
                              <code code="15FIX9V2JP" codeSystem="2.16.840.1.113883.4.9"/>
                              <name>TITANIUM DIOXIDE</name>
                           </ingredientSubstance>
                        </ingredient>
                        <ingredient classCode="IACT">
                           <ingredientSubstance>
                              <code code="XHX3C3X673" codeSystem="2.16.840.1.113883.4.9"/>
                              <name>TRIACETIN</name>
                           </ingredientSubstance>
                        </ingredient>
                        <ingredient classCode="IACT">
                           <ingredientSubstance>
                              <code code="TTV12P4NEE" codeSystem="2.16.840.1.113883.4.9"/>
                              <name>XANTHAN GUM</name>
                           </ingredientSubstance>
                        </ingredient>
                        <asContent>
                           <quantity>
                              <numerator value="10" unit="1"/>
                              <denominator value="1"/>
                           </quantity>
                           <containerPackagedProduct>
                              <code/>
                              <formCode code="C43168" codeSystem="2.16.840.1.113883.3.26.1.1" displayName="BLISTER PACK"/>
                              <asContent>
                                 <quantity>
                                    <numerator value="2" unit="1"/>
                                    <denominator value="1"/>
                                 </quantity>
                                 <containerPackagedProduct>
                                    <code code="0573-2161-03" codeSystem="2.16.840.1.113883.6.69"/>
                                    <formCode code="C43182" codeSystem="2.16.840.1.113883.3.26.1.1" displayName="CARTON"/>
                                 </containerPackagedProduct>
                                 <subjectOf>
                                    <marketingAct>
                                       <code code="C53292" codeSystem="2.16.840.1.113883.3.26.1.1"/>
                                       <statusCode code="active"/>
                                       <effectiveTime>
                                          <low value="20191001"/>
                                       </effectiveTime>
                                    </marketingAct>
                                 </subjectOf>
                              </asContent>
                           </containerPackagedProduct>
                           <subjectOf>
                              <characteristic>
                                 <code code="SPLCMBPRDTP" codeSystem="2.16.840.1.113883.1.11.19255"/>
                                 <value code="C112160" codeSystem="2.16.840.1.113883.3.26.1.1" displayName="Type 0: Not a Combination Product" xsi:type="CV"/>
                              </characteristic>
                           </subjectOf>
                        </asContent>
                     </manufacturedProduct>
                     <subjectOf>
                        <approval>
                           <id extension="NDA022113" root="2.16.840.1.113883.3.150"/>
                           <code code="C73594" codeSystem="2.16.840.1.113883.3.26.1.1" displayName="NDA"/>
                           <author>
                              <territorialAuthority>
                                 <territory>
                                    <code code="USA" codeSystem="2.16.840.1.113883.5.28"/>
                                 </territory>
                              </territorialAuthority>
                           </author>
                        </approval>
                     </subjectOf>
                     <subjectOf>
                        <marketingAct>
                           <code code="C53292" codeSystem="2.16.840.1.113883.3.26.1.1"/>
                           <statusCode code="active"/>
                           <effectiveTime>
                              <low value="20120723"/>
                           </effectiveTime>
                        </marketingAct>
                     </subjectOf>
                     <subjectOf>
                        <characteristic classCode="OBS">
                           <code code="SPLCOLOR" codeSystem="2.16.840.1.113883.1.11.19255"/>
                           <value code="C48324" codeSystem="2.16.840.1.113883.3.26.1.1" displayName="GRAY" xsi:type="CE">
                              <originalText/>
                           </value>
                        </characteristic>
                     </subjectOf>
                     <subjectOf>
                        <characteristic classCode="OBS">
                           <code code="SPLSCORE" codeSystem="2.16.840.1.113883.1.11.19255"/>
                           <value value="1" xsi:type="INT"/>
                        </characteristic>
                     </subjectOf>
                     <subjectOf>
                        <characteristic classCode="OBS">
                           <code code="SPLSHAPE" codeSystem="2.16.840.1.113883.1.11.19255"/>
                           <value code="C48345" codeSystem="2.16.840.1.113883.3.26.1.1" displayName="OVAL" xsi:type="CE">
                              <originalText/>
                           </value>
                        </characteristic>
                     </subjectOf>
                     <subjectOf>
                        <characteristic classCode="OBS">
                           <code code="SPLSIZE" codeSystem="2.16.840.1.113883.1.11.19255"/>
                           <value unit="mm" value="17" xsi:type="PQ"/>
                        </characteristic>
                     </subjectOf>
                     <subjectOf>
                        <characteristic classCode="OBS">
                           <code code="SPLIMPRINT" codeSystem="2.16.840.1.113883.1.11.19255"/>
                           <value xsi:type="ST">Advil;A;CR</value>
                        </characteristic>
                     </subjectOf>
                     <consumedIn>
                        <substanceAdministration>
                           <routeCode code="C38288" codeSystem="2.16.840.1.113883.3.26.1.1" displayName="ORAL"/>
                        </substanceAdministration>
                     </consumedIn>
                  </manufacturedProduct>
               </subject>
            </section>
         </component>
         <component>
            <section>
               <id root="cca81e7e-8ad6-4512-b5c2-579670a2a1d3"/>
               <code code="42229-5" codeSystem="2.16.840.1.113883.6.1" displayName="SPL UNCLASSIFIED SECTION"/>
               <text>
                  <paragraph>
                     <content styleCode="bold italics">Drug Facts</content>
                  </paragraph>
               </text>
               <effectiveTime value="20191017"/>
            </section>
         </component>
         <component>
            <section>
               <id root="0612223e-a292-44a4-98f8-d91d5ed7eccc"/>
               <code code="55106-9" codeSystem="2.16.840.1.113883.6.1" displayName="OTC - ACTIVE INGREDIENT SECTION"/>
               <effectiveTime value="20191017"/>
               <component>
                  <section>
                     <id root="50190577-88e2-464d-b52a-f6f022f2597f"/>
                     <code code="55105-1" codeSystem="2.16.840.1.113883.6.1" displayName="OTC - PURPOSE SECTION"/>
                     <text>
                        <table width="60%">
                           <col width="50%" align="left" valign="bottom"/>
                           <col width="50%" align="right" valign="bottom"/>
                           <thead>
                              <tr>
                                 <th>
                                    <content styleCode="italics">Active ingredients<br/>(in each tablet)</content>
                                 </th>
                                 <th>
                                    <content styleCode="italics">Purposes</content>
                                 </th>
                              </tr>
                           </thead>
                           <tbody>
                              <tr>
                                 <td>Chlorpheniramine maleate 4 mg</td>
                                 <td>Antihistamine</td>
                              </tr>
                              <tr>
                                 <td>Ibuprofen 200 mg (NSAID)<footnote>nonsteroidal anti-inflammatory drug</footnote>
                                 </td>
                                 <td>Pain reliever/Fever reducer</td>
                              </tr>
                              <tr>
                                 <td>Phenylephrine HCl 10 mg</td>
                                 <td>Nasal decongestant</td>
                              </tr>
                           </tbody>
                        </table>
                     </text>
                     <effectiveTime value="20191017"/>
                  </section>
               </component>
            </section>
         </component>
         <component>
            <section>
               <id root="50842faf-eb81-4749-98e3-e62355165eaf"/>
               <code code="34067-9" codeSystem="2.16.840.1.113883.6.1" displayName="INDICATIONS &amp; USAGE SECTION"/>
               <title>Uses</title>
               <text>
                  <list listType="unordered" styleCode="Square">
                     <item>temporarily relieves these symptoms associated with hay fever or other upper respiratory allergies, and the common cold:<list listType="unordered" styleCode="Square">
                           <item>runny nose</item>
                           <item>itchy, watery eyes</item>
                           <item>itching of the nose or throat</item>
                           <item>sneezing</item>
                           <item>nasal congestion</item>
                           <item>sinus pressure</item>
                           <item>headache</item>
                           <item>minor body aches and pains</item>
                           <item>fever</item>
                        </list>
                     </item>
                     <item>reduces swelling of the nasal passages</item>
                     <item>temporarily restores freer breathing through the nose</item>
                  </list>
               </text>
               <effectiveTime value="20191017"/>
            </section>
         </component>
         <component>
            <section>
               <id root="39f35ec3-324e-4ea4-ac39-0e7bc06a19f7"/>
               <code code="34071-1" codeSystem="2.16.840.1.113883.6.1" displayName="WARNINGS SECTION"/>
               <title>Warnings</title>
               <effectiveTime value="20191017"/>
               <component>
                  <section>
                     <id root="ab3aec36-0de7-48ae-8dd7-a00e7d6524cb"/>
                     <code code="42229-5" codeSystem="2.16.840.1.113883.6.1" displayName="SPL UNCLASSIFIED SECTION"/>
                     <title>Allergy alert</title>
                     <text>
                        <paragraph>Ibuprofen may cause a severe allergic reaction, especially in people allergic to aspirin. Symptoms may include:</paragraph>
                        <table width="50%" styleCode="Noautorules">
                           <col width="50%" align="left" valign="top"/>
                           <col width="50%" align="left" valign="top"/>
                           <tbody>
                              <tr>
                                 <td>
                                    <list listType="unordered" styleCode="Square">
                                       <item>hives</item>
                                       <item>asthma (wheezing)</item>
                                       <item>skin reddening</item>
                                       <item>blisters</item>
                                    </list>
                                 </td>
                                 <td>
                                    <list listType="unordered" styleCode="Square">
                                       <item>facial swelling</item>
                                       <item>shock</item>
                                       <item>rash</item>
                                    </list>
                                 </td>
                              </tr>
                           </tbody>
                        </table>
                        <paragraph>If an allergic reaction occurs, stop use and seek medical help right away.</paragraph>
                     </text>
                     <effectiveTime value="20191017"/>
                  </section>
               </component>
               <component>
                  <section>
                     <id root="f1fef449-93ec-4f8d-91d4-47f2bed67767"/>
                     <code code="42229-5" codeSystem="2.16.840.1.113883.6.1" displayName="SPL UNCLASSIFIED SECTION"/>
                     <title>Stomach bleeding warning</title>
                     <text>
                        <paragraph>This product contains an NSAID, which may cause severe stomach bleeding. The chance is higher if you:</paragraph>
                        <list listType="unordered" styleCode="Square">
                           <item>are age 60 or older</item>
                           <item>have had stomach ulcers or bleeding problems</item>
                           <item>take a blood thinning (anticoagulant) or steroid drug</item>
                           <item>take other drugs containing prescription or nonprescription NSAIDs [aspirin, ibuprofen, naproxen, or others]</item>
                           <item>have 3 or more alcoholic drinks every day while using this product</item>
                           <item>take more or for a longer time than directed</item>
                        </list>
                     </text>
                     <effectiveTime value="20191017"/>
                  </section>
               </component>
               <component>
                  <section>
                     <id root="17112a29-7115-46a8-ba86-5bc9157f289b"/>
                     <code code="42229-5" codeSystem="2.16.840.1.113883.6.1" displayName="SPL UNCLASSIFIED SECTION"/>
                     <title>Heart attack and stroke warning</title>
                     <text>
                        <paragraph>NSAIDs, except aspirin, increase the risk of heart attack, heart failure, and stroke. These can be fatal. The risk is higher if you use more than directed or for longer than directed.</paragraph>
                     </text>
                     <effectiveTime value="20191017"/>
                  </section>
               </component>
               <component>
                  <section>
                     <id root="1463f368-3a2b-465d-b089-974e4924a9ec"/>
                     <code code="50570-1" codeSystem="2.16.840.1.113883.6.1" displayName="OTC - DO NOT USE SECTION"/>
                     <title>Do not use</title>
                     <text>
                        <list listType="unordered" styleCode="Square">
                           <item>in children under 12 years of age because this product contains too much medication for children under this age</item>
                           <item>if you have ever had an allergic reaction to any other pain reliever/fever reducer</item>
                           <item>right before or after heart surgery</item>
                           <item>if you are now taking a prescription monoamine oxidase inhibitor (MAOI) (certain drugs for depression, psychiatric, or emotional conditions, or Parkinson's disease), or for 2 weeks after stopping the MAOI drug. If you do not know if your prescription drug contains an MAOI, ask a doctor or pharmacist before taking this product.</item>
                        </list>
                     </text>
                     <effectiveTime value="20191017"/>
                  </section>
               </component>
               <component>
                  <section>
                     <id root="c33ea972-e1bd-4c56-bc93-57da0be41668"/>
                     <code code="50569-3" codeSystem="2.16.840.1.113883.6.1" displayName="OTC - ASK DOCTOR SECTION"/>
                     <title>Ask a doctor before use if</title>
                     <text>
                        <list listType="unordered" styleCode="Square">
                           <item>you have a breathing problem such as emphysema or chronic bronchitis</item>
                           <item>stomach bleeding warning applies to you</item>
                           <item>you have problems or serious side effects from taking pain relievers or fever reducers</item>
                           <item>you have a history of stomach problems, such as heartburn</item>
                           <item>you have high blood pressure, heart disease, liver cirrhosis, kidney disease, asthma, thyroid disease, diabetes, glaucoma, have trouble urinating due to an enlarged prostate gland, or had a stroke.</item>
                           <item>you are taking a diuretic</item>
                        </list>
                     </text>
                     <effectiveTime value="20191017"/>
                  </section>
               </component>
               <component>
                  <section>
                     <id root="3c0347fb-a70b-47c8-80e5-14e2ba0b8017"/>
                     <code code="50568-5" codeSystem="2.16.840.1.113883.6.1" displayName="OTC - ASK DOCTOR/PHARMACIST SECTION"/>
                     <title>Ask a doctor or pharmacist before use if you are</title>
                     <text>
                        <list listType="unordered" styleCode="Square">
                           <item>under a doctor's care for any serious condition</item>
                           <item>taking sedatives or tranquilizers</item>
                           <item>taking any other product that contains phenylephrine, chlorpheniramine or any other nasal decongestant or antihistamine</item>
                           <item>taking aspirin for heart attack or stroke, because ibuprofen may decrease this benefit of aspirin</item>
                           <item>taking any other drug</item>
                        </list>
                     </text>
                     <effectiveTime value="20191017"/>
                  </section>
               </component>
               <component>
                  <section>
                     <id root="48974ed1-6801-41b0-998c-ad0b9f48b6f1"/>
                     <code code="50567-7" codeSystem="2.16.840.1.113883.6.1" displayName="OTC - WHEN USING SECTION"/>
                     <title>When using this product</title>
                     <text>
                        <list listType="unordered" styleCode="Square">
                           <item>take with food or milk if stomach upset occurs</item>
                           <item>avoid alcoholic drinks</item>
                           <item>be careful when driving a motor vehicle or operating machinery</item>
                           <item>drowsiness may occur</item>
                           <item>alcohol, sedatives, and tranquilizers may increase drowsiness</item>
                           <item>may cause excitability especially in children</item>
                        </list>
                     </text>
                     <effectiveTime value="20191017"/>
                  </section>
               </component>
               <component>
                  <section>
                     <id root="845ecde1-3576-4e2b-a70f-abce41eb2b70"/>
                     <code code="50566-9" codeSystem="2.16.840.1.113883.6.1" displayName="OTC - STOP USE SECTION"/>
                     <title>Stop use and ask a doctor if</title>
                     <text>
                        <list listType="unordered" styleCode="Square">
                           <item>you experience any of the following signs of stomach bleeding:<list listType="unordered" styleCode="Square">
                                 <item>feel faint</item>
                                 <item>vomit blood</item>
                                 <item>have bloody or black stools</item>
                                 <item>have stomach pain that does not get better</item>
                              </list>
                           </item>
                           <item>you have symptoms of heart problems or stroke: 										<list listType="unordered" styleCode="Square">
                                 <item>chest pain</item>
                                 <item>trouble breathing</item>
                                 <item>weakness in one part or side of body</item>
                                 <item>slurred speech</item>
                                 <item>leg swelling</item>
                              </list>
                           </item>
                           <item>pain gets worse or lasts more than 7 days</item>
                           <item>fever gets worse or lasts more than 3 days</item>
                           <item>nasal congestion lasts for more than 7 days</item>
                           <item>redness or swelling is present in the painful area</item>
                           <item>you get nervous, dizzy, or sleepless</item>
                           <item>symptoms continue or get worse</item>
                           <item>any new symptoms appear</item>
                        </list>
                     </text>
                     <effectiveTime value="20191017"/>
                  </section>
               </component>
               <component>
                  <section>
                     <id root="f985baa0-5039-4d9b-b345-eb49041ddea5"/>
                     <code code="53414-9" codeSystem="2.16.840.1.113883.6.1" displayName="OTC - PREGNANCY OR BREAST FEEDING SECTION"/>
                     <text>
                        <paragraph>
                           <content styleCode="bold">If pregnant or breast-feeding,</content> ask a health professional before use. It is especially important not to use ibuprofen during the last 3 months of pregnancy unless definitely directed to do so by a doctor because it may cause problems in the unborn child or complications during delivery.</paragraph>
                     </text>
                     <effectiveTime value="20191017"/>
                  </section>
               </component>
               <component>
                  <section>
                     <id root="9d8366c8-d1d6-4630-b2b5-b639fdb2307c"/>
                     <code code="50565-1" codeSystem="2.16.840.1.113883.6.1" displayName="OTC - KEEP OUT OF REACH OF CHILDREN SECTION"/>
                     <text>
                        <paragraph>
                           <content styleCode="bold">Keep out of reach of children.</content> In case of overdose, get medical help or contact a Poison Control Center right away.</paragraph>
                     </text>
                     <effectiveTime value="20191017"/>
                  </section>
               </component>
            </section>
         </component>
         <component>
            <section>
               <id root="5e1a4e7c-905b-45a1-9ba9-ec60329c640c"/>
               <code code="34068-7" codeSystem="2.16.840.1.113883.6.1" displayName="DOSAGE &amp; ADMINISTRATION SECTION"/>
               <title>Directions</title>
               <text>
                  <list listType="unordered" styleCode="Square">
                     <item>
                        <content styleCode="bold">do not take more than directed</content>
                     </item>
                     <item>adults and children 12 years of age and over:<list listType="unordered" styleCode="Square">
                           <item>take 1 tablet every 4 hours while symptoms persist</item>
                           <item>do not take more than 6 tablets in any 24-hour period, unless directed by a doctor</item>
                        </list>
                     </item>
                     <item>children under 12 years of age: do not use because this product contains too much medication for children under this age</item>
                  </list>
               </text>
               <effectiveTime value="20191017"/>
            </section>
         </component>
         <component>
            <section>
               <id root="9de75e79-5ef5-4244-bdb3-69f171193c08"/>
               <code code="44425-7" codeSystem="2.16.840.1.113883.6.1" displayName="STORAGE AND HANDLING SECTION"/>
               <title>Other information</title>
               <text>
                  <list listType="unordered" styleCode="Square">
                     <item>read all warnings and directions before use. Keep carton.</item>
                     <item>store at 20-25°C (68-77°F)</item>
                     <item>avoid excessive heat above 40°C (104°F)</item>
                  </list>
               </text>
               <effectiveTime value="20191017"/>
            </section>
         </component>
         <component>
            <section>
               <id root="f03a9f48-d16b-4398-bb5f-e8d4c7cda726"/>
               <code code="51727-6" codeSystem="2.16.840.1.113883.6.1" displayName="INACTIVE INGREDIENT SECTION"/>
               <title>Inactive ingredients</title>
               <text>
                  <paragraph>acesulfame potassium, artificial flavors, carnauba wax, colloidal silicon dioxide, corn starch, croscarmellose sodium, glycerin, glycreyl dibehenate, hypromellose, lactic acid, lecithin, maltodextrin, medium-chain triglycerides, microcrystalline cellulose, pharmaceutical ink, polydextrose, polyvinyl alcohol, pregelatinized starch, propyl gallate, silicon dioxide, sucralose, synthetic iron oxide, talc, titanium dioxide, triacetin, xanthan gum</paragraph>
               </text>
               <effectiveTime value="20191017"/>
            </section>
         </component>
         <component>
            <section>
               <id root="7f68357b-1e04-4443-a1f9-64cacc3431e1"/>
               <code code="53413-1" codeSystem="2.16.840.1.113883.6.1" displayName="OTC - QUESTIONS SECTION"/>
               <title>Questions or comments?</title>
               <text>
                  <paragraph>Call weekdays from <content styleCode="bold">9 AM to 5 PM EST</content> toll free at <content styleCode="bold">1-800-88-ADVIL</content>
                  </paragraph>
               </text>
               <effectiveTime value="20191017"/>
            </section>
         </component>
         <component>
            <section>
               <id root="5320c2fa-0830-4edb-b333-d1e7ff41ec0d"/>
               <code code="51945-4" codeSystem="2.16.840.1.113883.6.1" displayName="PACKAGE LABEL.PRINCIPAL DISPLAY PANEL"/>
               <title>PRINCIPAL DISPLAY PANEL - 1 Tablet Packet</title>
               <text>
                  <paragraph>TO OPEN: FOLD BACK ON DOTTED LINE. <br/>TEAR ON ARROW OR USE SCISSORS.<br/>Do Not Use if pouch is broken or torn.</paragraph>
                  <paragraph>Advil<sup>®</sup>
                  </paragraph>
                  <paragraph>ALLERGY &amp; CONGESTION RELIEF</paragraph>
                  <paragraph>Chlorpheniramine Maleate 4 mg<br/> Antihistamine<br/> Ibuprofen 200 mg (NSAID)*<br/> Pain reliever/Fever reducer<br/> Phenylephrine HCl 10 mg<br/> Nasal decongestant</paragraph>
                  <paragraph>1 Tablet</paragraph>
                  <paragraph>*nonsteroidal anti-inflammatory drug</paragraph>
                  <paragraph>PAA080418</paragraph>
                  <renderMultiMedia referencedObject="MM1"/>
               </text>
               <effectiveTime value="20191017"/>
               <component>
                  <observationMedia ID="MM1">
                     <text>Principal Display Panel - 1 Tablet Packet</text>
                     <value xsi:type="ED" mediaType="image/jpeg">
                        <reference value="advil-01.jpg"/>
                     </value>
                  </observationMedia>
               </component>
            </section>
         </component>
         <component>
            <section>
               <id root="176f715a-3e69-4937-bf2c-ebdffbc683d3"/>
               <code code="51945-4" codeSystem="2.16.840.1.113883.6.1" displayName="PACKAGE LABEL.PRINCIPAL DISPLAY PANEL"/>
               <title>PRINCIPAL DISPLAY PANEL - 50 Packet Tray</title>
               <text>
                  <paragraph>
                     <content styleCode="bold">Advil<sup>®</sup>
                     </content>
                  </paragraph>
                  <paragraph>
                     <content styleCode="bold">ALLERGY &amp; CONGESTION RELIEF</content>
                  </paragraph>
                  <paragraph>
                     <content styleCode="bold italics">Chlorpheniramine Maleate 4 mg Antihistamine<br/>Ibuprofen 200 mg Pain Reliever/Fever Reducer</content>
                     <content styleCode="bold"> (NSAID)</content>
                     <br/>
                     <content styleCode="bold italics">Phenylephrine HCl 10 mg Nasal Decongestant</content>
                  </paragraph>
                  <paragraph>
                     <content styleCode="italics bold">1<br/>PILL<br/>DOSAGE</content>
                  </paragraph>
                  <paragraph>
                     <content styleCode="bold">Advil<br/>A&amp;CR</content>
                  </paragraph>
                  <paragraph>
                     <content styleCode="bold italics">Relief of: Sinus Pressure, Nasal Swelling &amp;<br/>Congestion, Sneezing, Runny Nose and Headache</content>
                  </paragraph>
                  <paragraph>
                     <content styleCode="bold">50 PACKETS OF 1 COATED TABLET</content>
                  </paragraph>
                  <renderMultiMedia referencedObject="MM2"/>
               </text>
               <effectiveTime value="20191017"/>
               <component>
                  <observationMedia ID="MM2">
                     <text>PRINCIPAL DISPLAY PANEL - 50 Packet Tray</text>
                     <value xsi:type="ED" mediaType="image/jpeg">
                        <reference value="advil-02.jpg"/>
                     </value>
                  </observationMedia>
               </component>
            </section>
         </component>
         <component>
            <section>
               <id root="c9cbc7f4-2339-4d78-884f-9e00d0965aad"/>
               <code code="51945-4" codeSystem="2.16.840.1.113883.6.1" displayName="PACKAGE LABEL.PRINCIPAL DISPLAY PANEL"/>
               <title>PRINCIPAL DISPLAY PANEL - 10 Tablet Blister Pack Carton</title>
               <text>
                  <paragraph>
                     <content styleCode="bold">Advil<sup>®</sup>
                     </content>
                  </paragraph>
                  <paragraph>
                     <content styleCode="bold">ALLERGY &amp;<br/>CONGESTION RELIEF</content>
                  </paragraph>
                  <paragraph>
                     <content styleCode="bold">Chlorpheniramine Maleate 4 mg Antihistamine<br/>Ibuprofen 200 mg Pain Reliever/Fever Reducer (NSAID)<br/>Phenylephrine HCl 10 mg Nasal Decongestant</content>
                  </paragraph>
                  <paragraph>
                     <content styleCode="bold">Advil<br/>A&amp;CR</content>
                  </paragraph>
                  <paragraph>
                     <content styleCode="bold italics">ONE<br/>PILL<br/>
                        <content styleCode="underline">DOSE!</content>
                     </content>
                  </paragraph>
                  <paragraph>
                     <content styleCode="bold italics">10<br/>Coated<br/>Tablets</content>
                  </paragraph>
                  <list listType="unordered">
                     <item>
                        <caption>✓</caption>
                        <content styleCode="bold">Sneezing</content>
                     </item>
                     <item>
                        <caption>✓</caption>
                        <content styleCode="bold">Nasal Congestion</content>
                     </item>
                     <item>
                        <caption>✓</caption>
                        <content styleCode="bold">Sinus Pressure</content>
                     </item>
                     <item>
                        <caption>✓</caption>
                        <content styleCode="bold">Nasal Swelling</content>
                     </item>
                     <item>
                        <caption>✓</caption>
                        <content styleCode="bold">Runny Nose</content>
                     </item>
                     <item>
                        <caption>✓</caption>
                        <content styleCode="bold">Headache</content>
                     </item>
                     <item>
                        <caption>✓</caption>
                        <content styleCode="bold">Fever</content>
                     </item>
                     <item>
                        <caption>✓</caption>
                        <content styleCode="bold">Body Aches</content>
                     </item>
                  </list>
                  <renderMultiMedia referencedObject="MM3"/>
               </text>
               <effectiveTime value="20191017"/>
               <component>
                  <observationMedia ID="MM3">
                     <text>PRINCIPAL DISPLAY PANEL - 10 Tablet Blister Pack Carton</text>
                     <value xsi:type="ED" mediaType="image/jpeg">
                        <reference value="advil-03.jpg"/>
                     </value>
                  </observationMedia>
               </component>
            </section>
         </component>
         <component>
            <section>
               <id root="33f20c6d-ba91-4e63-91d2-b2b5b327cc55"/>
               <code code="51945-4" codeSystem="2.16.840.1.113883.6.1" displayName="PACKAGE LABEL.PRINCIPAL DISPLAY PANEL"/>
               <title>PRINCIPAL DISPLAY PANEL - 2 Tablet Packet Carton</title>
               <text>
                  <paragraph>Advil<sup>®</sup>
                  </paragraph>
                  <paragraph>ALLERGY &amp;<br/> CONGESTION RELIEF</paragraph>
                  <paragraph>Chlorpheniramine Maleate 4 mg Antihistamine<br/> Ibuprofen 200 mg Pain Reliever/Fever Reducer (NSAID)<br/> Phenylephrine HCl 10 mg Nasal Decongestant</paragraph>
                  <list listType="unordered">
                     <item>
                        <caption>✓</caption>Sneezing</item>
                     <item>
                        <caption>✓</caption>Nasal Congestion</item>
                     <item>
                        <caption>✓</caption>Sinus Pressure</item>
                     <item>
                        <caption>✓</caption>Nasal Swelling</item>
                     <item>
                        <caption>✓</caption>Runny Nose</item>
                     <item>
                        <caption>✓</caption>Headache</item>
                     <item>
                        <caption>✓</caption>Fever</item>
                     <item>
                        <caption>✓</caption>Body Aches</item>
                  </list>
                  <paragraph>ONE<br/> TABLET<br/> DOSE!</paragraph>
                  <paragraph>2<br/> Packets of 1<br/> Coated Tablet</paragraph>
                  <renderMultiMedia referencedObject="MM4"/>
               </text>
               <effectiveTime value="20191017"/>
               <component>
                  <observationMedia ID="MM4">
                     <text>PRINCIPAL DISPLAY PANEL - 2 Tablet Packet Carton</text>
                     <value xsi:type="ED" mediaType="image/jpeg">
                        <reference value="advil-04.jpg"/>
                     </value>
                  </observationMedia>
               </component>
            </section>
         </component>
         <component>
            <section>
               <id root="97b1ea01-be01-4626-8de8-3488a8ec9ebc"/>
               <code code="51945-4" codeSystem="2.16.840.1.113883.6.1" displayName="PACKAGE LABEL.PRINCIPAL DISPLAY PANEL"/>
               <title>PRINCIPAL DISPLAY PANEL - 30 Tablet Blister Pack Carton</title>
               <text>
                  <paragraph>50%<br/> MORE<br/> 10 FREE<br/> Tablets</paragraph>
                  <paragraph>Advil<sup>®</sup>
                  </paragraph>
                  <paragraph>ALLERGY &amp;<br/> CONGESTION RELIEF</paragraph>
                  <paragraph>Chlorpheniramine Maleate 4 mg Antihistamine<br/> Ibuprofen 200 mg Pain Reliever/Fever Reducer (NSAID)<br/> Phenylephrine HCl 10 mg Nasal Decongestant</paragraph>
                  <list listType="unordered">
                     <item>
                        <caption>✓</caption>Sneezing</item>
                     <item>
                        <caption>✓</caption>Nasal Congestion</item>
                     <item>
                        <caption>✓</caption>Sinus Pressure</item>
                     <item>
                        <caption>✓</caption>Nasal Swelling</item>
                     <item>
                        <caption>✓</caption>Runny Nose</item>
                     <item>
                        <caption>✓</caption>Headache</item>
                     <item>
                        <caption>✓</caption>Fever</item>
                     <item>
                        <caption>✓</caption>Body Aches</item>
                  </list>
                  <paragraph>ONE<br/> TABLET<br/> DOSE!</paragraph>
                  <paragraph>30<br/> Coated<br/> Tablets</paragraph>
                  <renderMultiMedia referencedObject="MM5"/>
               </text>
               <effectiveTime value="20191017"/>
               <component>
                  <observationMedia ID="MM5">
                     <text>PRINCIPAL DISPLAY PANEL - 30 Tablet Blister Pack Carton</text>
                     <value xsi:type="ED" mediaType="image/jpeg">
                        <reference value="advil-05.jpg"/>
                     </value>
                  </observationMedia>
               </component>
            </section>
         </component>
      </structuredBody>
   </component>
</document>