<?xml version="1.0" encoding="UTF-8"?><?xml-stylesheet href="https://www.accessdata.fda.gov/spl/stylesheet/spl.xsl" type="text/xsl"?>
<document xmlns="urn:hl7-org:v3" xmlns:xsi="http://www.w3.org/2001/XMLSchema-instance" xsi:schemaLocation="urn:hl7-org:v3 https://www.accessdata.fda.gov/spl/schema/spl.xsd">
   <id root="35cf786a-8ee6-4bdf-8418-7c2d2f5c2f2d"/>
   <code code="34390-5" codeSystem="2.16.840.1.113883.6.1" displayName="HUMAN OTC DRUG LABEL"/>
   <title>Meijer Distribution, Inc. Ibuprofen PM Drug Facts</title>
   <effectiveTime value="20191205"/>
   <setId root="6ff80e79-afd2-4b05-a5ab-0794bcc5560f"/>
   <versionNumber value="3"/>
   <author>
      <time/>
      <assignedEntity>
         <representedOrganization>
            <id extension="006959555" root="1.3.6.1.4.1.519.1"/>
            <name>Meijer Distribution Inc</name>
         </representedOrganization>
      </assignedEntity>
   </author>
   <component>
      <structuredBody>
         <component>
            <section>
               <id root="418ec8da-934a-497d-9abe-fac87cff7a6a"/>
               <code code="48780-1" codeSystem="2.16.840.1.113883.6.1" displayName="SPL product data elements section"/>
               <effectiveTime value="20191205"/>
               <subject>
                  <manufacturedProduct>
                     <manufacturedProduct>
                        <code code="41250-413" codeSystem="2.16.840.1.113883.6.69"/>
                        <name>ibuprofen pm</name>
                        <formCode code="C42931" codeSystem="2.16.840.1.113883.3.26.1.1" displayName="TABLET, FILM COATED"/>
                        <asEntityWithGeneric>
                           <genericMedicine>
                              <name>Diphenhydramine citrate, Ibuprofen</name>
                           </genericMedicine>
                        </asEntityWithGeneric>
                        <ingredient classCode="ACTIB">
                           <quantity>
                              <numerator unit="mg" value="38"/>
                              <denominator unit="1" value="1"/>
                           </quantity>
                           <ingredientSubstance>
                              <code code="4OD433S209" codeSystem="2.16.840.1.113883.4.9"/>
                              <name>DIPHENHYDRAMINE CITRATE</name>
                              <activeMoiety>
                                 <activeMoiety>
                                    <code code="8GTS82S83M" codeSystem="2.16.840.1.113883.4.9"/>
                                    <name>DIPHENHYDRAMINE</name>
                                 </activeMoiety>
                              </activeMoiety>
                           </ingredientSubstance>
                        </ingredient>
                        <ingredient classCode="ACTIB">
                           <quantity>
                              <numerator unit="mg" value="200"/>
                              <denominator unit="1" value="1"/>
                           </quantity>
                           <ingredientSubstance>
                              <code code="WK2XYI10QM" codeSystem="2.16.840.1.113883.4.9"/>
                              <name>IBUPROFEN</name>
                              <activeMoiety>
                                 <activeMoiety>
                                    <code code="WK2XYI10QM" codeSystem="2.16.840.1.113883.4.9"/>
                                    <name>IBUPROFEN</name>
                                 </activeMoiety>
                              </activeMoiety>
                           </ingredientSubstance>
                        </ingredient>
                        <ingredient classCode="IACT">
                           <ingredientSubstance>
                              <code code="ETJ7Z6XBU4" codeSystem="2.16.840.1.113883.4.9"/>
                              <name>SILICON DIOXIDE</name>
                           </ingredientSubstance>
                        </ingredient>
                        <ingredient classCode="IACT">
                           <ingredientSubstance>
                              <code code="M28OL1HH48" codeSystem="2.16.840.1.113883.4.9"/>
                              <name>CROSCARMELLOSE SODIUM</name>
                           </ingredientSubstance>
                        </ingredient>
                        <ingredient classCode="IACT">
                           <ingredientSubstance>
                              <code code="R8WTH25YS2" codeSystem="2.16.840.1.113883.4.9"/>
                              <name>GLYCERYL DIBEHENATE</name>
                           </ingredientSubstance>
                        </ingredient>
                        <ingredient classCode="IACT">
                           <ingredientSubstance>
                              <code code="RFW2ET671P" codeSystem="2.16.840.1.113883.4.9"/>
                              <name>HYDROXYPROPYL CELLULOSE (1600000 WAMW)</name>
                           </ingredientSubstance>
                        </ingredient>
                        <ingredient classCode="IACT">
                           <ingredientSubstance>
                              <code code="EWQ57Q8I5X" codeSystem="2.16.840.1.113883.4.9"/>
                              <name>LACTOSE MONOHYDRATE</name>
                           </ingredientSubstance>
                        </ingredient>
                        <ingredient classCode="IACT">
                           <ingredientSubstance>
                              <code code="70097M6I30" codeSystem="2.16.840.1.113883.4.9"/>
                              <name>MAGNESIUM STEARATE</name>
                           </ingredientSubstance>
                        </ingredient>
                        <ingredient classCode="IACT">
                           <ingredientSubstance>
                              <code code="OP1R32D61U" codeSystem="2.16.840.1.113883.4.9"/>
                              <name>MICROCRYSTALLINE CELLULOSE</name>
                           </ingredientSubstance>
                        </ingredient>
                        <ingredient classCode="IACT">
                           <ingredientSubstance>
                              <code code="3WJQ0SDW1A" codeSystem="2.16.840.1.113883.4.9"/>
                              <name>POLYETHYLENE GLYCOL</name>
                           </ingredientSubstance>
                        </ingredient>
                        <ingredient classCode="IACT">
                           <ingredientSubstance>
                              <code code="532B59J990" codeSystem="2.16.840.1.113883.4.9"/>
                              <name>POLYVINYL ALCOHOL</name>
                           </ingredientSubstance>
                        </ingredient>
                        <ingredient classCode="IACT">
                           <ingredientSubstance>
                              <code code="7SEV7J4R1U" codeSystem="2.16.840.1.113883.4.9"/>
                              <name>TALC</name>
                           </ingredientSubstance>
                        </ingredient>
                        <ingredient classCode="IACT">
                           <ingredientSubstance>
                              <code code="15FIX9V2JP" codeSystem="2.16.840.1.113883.4.9"/>
                              <name>TITANIUM DIOXIDE</name>
                           </ingredientSubstance>
                        </ingredient>
                        <asContent>
                           <quantity>
                              <numerator unit="1" value="80"/>
                              <denominator value="1"/>
                           </quantity>
                           <containerPackagedProduct>
                              <code/>
                              <formCode code="C43169" codeSystem="2.16.840.1.113883.3.26.1.1" displayName="BOTTLE"/>
                              <asContent>
                                 <quantity>
                                    <numerator unit="1" value="1"/>
                                    <denominator value="1"/>
                                 </quantity>
                                 <containerPackagedProduct>
                                    <code code="41250-413-27" codeSystem="2.16.840.1.113883.6.69"/>
                                    <formCode code="C43182" codeSystem="2.16.840.1.113883.3.26.1.1" displayName="CARTON"/>
                                 </containerPackagedProduct>
                                 <subjectOf>
                                    <marketingAct>
                                       <code code="C53292" codeSystem="2.16.840.1.113883.3.26.1.1"/>
                                       <statusCode code="active"/>
                                       <effectiveTime>
                                          <low value="20150423"/>
                                       </effectiveTime>
                                    </marketingAct>
                                 </subjectOf>
                              </asContent>
                           </containerPackagedProduct>
                           <subjectOf>
                              <characteristic classCode="OBS">
                                 <code code="SPLCMBPRDTP" codeSystem="2.16.840.1.113883.1.11.19255"/>
                                 <value code="C112160" codeSystem="2.16.840.1.113883.3.26.1.1" displayName="Type 0: Not a Combination Product" xsi:type="CE"/>
                              </characteristic>
                           </subjectOf>
                        </asContent>
                     </manufacturedProduct>
                     <subjectOf>
                        <approval>
                           <id extension="ANDA079113" root="2.16.840.1.113883.3.150"/>
                           <code code="C73584" codeSystem="2.16.840.1.113883.3.26.1.1" displayName="ANDA"/>
                           <author>
                              <territorialAuthority>
                                 <territory>
                                    <code code="USA" codeSystem="2.16.840.1.113883.5.28"/>
                                 </territory>
                              </territorialAuthority>
                           </author>
                        </approval>
                     </subjectOf>
                     <subjectOf>
                        <marketingAct>
                           <code code="C53292" codeSystem="2.16.840.1.113883.3.26.1.1"/>
                           <statusCode code="active"/>
                           <effectiveTime>
                              <low value="20150423"/>
                           </effectiveTime>
                        </marketingAct>
                     </subjectOf>
                     <subjectOf>
                        <characteristic classCode="OBS">
                           <code code="SPLCOLOR" codeSystem="2.16.840.1.113883.1.11.19255"/>
                           <value code="C48325" codeSystem="2.16.840.1.113883.3.26.1.1" displayName="WHITE" xsi:type="CE"/>
                        </characteristic>
                     </subjectOf>
                     <subjectOf>
                        <characteristic classCode="OBS">
                           <code code="SPLSIZE" codeSystem="2.16.840.1.113883.1.11.19255"/>
                           <value unit="mm" value="15" xsi:type="PQ"/>
                        </characteristic>
                     </subjectOf>
                     <subjectOf>
                        <characteristic classCode="OBS">
                           <code code="SPLSHAPE" codeSystem="2.16.840.1.113883.1.11.19255"/>
                           <value code="C48345" codeSystem="2.16.840.1.113883.3.26.1.1" displayName="OVAL" xsi:type="CE"/>
                        </characteristic>
                     </subjectOf>
                     <subjectOf>
                        <characteristic classCode="OBS">
                           <code code="SPLSCORE" codeSystem="2.16.840.1.113883.1.11.19255"/>
                           <value value="1" xsi:type="INT"/>
                        </characteristic>
                     </subjectOf>
                     <subjectOf>
                        <characteristic classCode="OBS">
                           <code code="SPLIMPRINT" codeSystem="2.16.840.1.113883.1.11.19255"/>
                           <value xsi:type="ST">L413</value>
                        </characteristic>
                     </subjectOf>
                     <consumedIn>
                        <substanceAdministration>
                           <routeCode code="C38288" codeSystem="2.16.840.1.113883.3.26.1.1" displayName="ORAL"/>
                        </substanceAdministration>
                     </consumedIn>
                  </manufacturedProduct>
               </subject>
            </section>
         </component>
         <component>
            <section ID="i4i_OTC_Active_Ingredient_id_3c9bc3e1-ef05-4de3-9f0f-fb8736239fd0">
               <id root="868415a6-3ebe-413f-acf6-4c283ffe1a30"/>
               <code code="55106-9" codeSystem="2.16.840.1.113883.6.1" displayName="OTC - ACTIVE INGREDIENT SECTION"/>
               <title>Active ingredients (in each caplet)</title>
               <text>
                  <paragraph>Diphenhydramine citrate 38 mg</paragraph>
                  <paragraph>Ibuprofen 200 mg (NSAID)*</paragraph>
                  <paragraph>*nonsteroidal anti-inflammatory drug</paragraph>
               </text>
               <effectiveTime value="20180904"/>
            </section>
         </component>
         <component>
            <section ID="i4i_OTC_Purpose_id_31d041c8-0196-419e-97c5-76e7ee765f21">
               <id root="cfe6e02e-13de-44c2-bde0-5f8b4940dc21"/>
               <code code="55105-1" codeSystem="2.16.840.1.113883.6.1" displayName="OTC - PURPOSE SECTION"/>
               <title>Purposes</title>
               <text>
                  <paragraph>Nighttime sleep-aid</paragraph>
                  <paragraph>Pain reliever</paragraph>
               </text>
               <effectiveTime value="20150429"/>
            </section>
         </component>
         <component>
            <section ID="i4i_indications_id_3db847c2-a649-4716-961a-1d9440b97d3c">
               <id root="5c0328c9-e1a1-4798-9d15-8c3354c8cb9f"/>
               <code code="34067-9" codeSystem="2.16.840.1.113883.6.1" displayName="INDICATIONS &amp; USAGE SECTION"/>
               <title>Uses</title>
               <text>
                  <list listType="unordered">
                     <item>
                        <caption>•</caption>for relief of occasional sleeplessness when associated with minor aches and pains</item>
                     <item>
                        <caption>•</caption>helps you fall asleep and stay asleep</item>
                  </list>
               </text>
               <effectiveTime value="20150429"/>
            </section>
         </component>
         <component>
            <section ID="i4i_warnings_id_77712ffa-5323-421e-b8a0-169373be5000">
               <id root="dcefa452-684e-42e1-914a-2cc8f0e8dcb5"/>
               <code code="34071-1" codeSystem="2.16.840.1.113883.6.1" displayName="WARNINGS SECTION"/>
               <title>Warnings</title>
               <text>
                  <paragraph>
                     <content styleCode="bold">Allergy alert:</content> Ibuprofen may cause a severe allergic reaction, especially in people allergic to aspirin. Symptoms may include:</paragraph>
                  <list listType="unordered">
                     <item>
                        <caption>•</caption>hives</item>
                     <item>
                        <caption>•</caption>facial swelling</item>
                     <item>
                        <caption>•</caption>asthma (wheezing)</item>
                     <item>
                        <caption>•</caption>shock</item>
                     <item>
                        <caption>•</caption>skin reddening</item>
                     <item>
                        <caption>•</caption>rash</item>
                     <item>
                        <caption>•</caption>blisters</item>
                  </list>
                  <paragraph>If an allergic reaction occurs, stop use and seek medical help right away.</paragraph>
                  <paragraph>
                     <content styleCode="bold">Stomach bleeding warning:</content> This product contains an NSAID, which may cause severe stomach bleeding. The chance is higher if you</paragraph>
                  <list listType="unordered">
                     <item>
                        <caption>•</caption>are age 60 or older</item>
                     <item>
                        <caption>•</caption>have had stomach ulcers or bleeding problems</item>
                     <item>
                        <caption>•</caption>take a blood thinning (anticoagulant) or steroid drug</item>
                     <item>
                        <caption>•</caption>take other drugs containing prescription or nonprescription NSAIDs [aspirin, ibuprofen, naproxen, or others]</item>
                     <item>
                        <caption>•</caption>have 3 or more alcoholic drinks every day while using this product</item>
                     <item>
                        <caption>•</caption>take more or for a longer time than directed</item>
                  </list>
                  <paragraph>
                     <content styleCode="bold">Heart attack and stroke warning:</content> NSAIDs, except aspirin, increase the risk of heart attack, heart failure, and stroke. These can be fatal. The risk is higher if you use more than directed or for longer than directed.</paragraph>
               </text>
               <effectiveTime value="20180904"/>
               <component>
                  <section ID="i4i_OTC_Do_not_use_id_8ee9ee89-2270-4a93-b587-f599d46dd9c9">
                     <id root="7929f9c7-9e76-4552-ab60-d6b5c4c8dc74"/>
                     <code code="50570-1" codeSystem="2.16.840.1.113883.6.1" displayName="OTC - DO NOT USE SECTION"/>
                     <title>Do not use</title>
                     <text>
                        <list listType="unordered">
                           <item>
                              <caption>•</caption>if you have ever had an allergic reaction to any other pain reliever/fever reducer</item>
                           <item>
                              <caption>•</caption>unless you have time for a full night’s sleep</item>
                           <item>
                              <caption>•</caption>in children under 12 years of age</item>
                           <item>
                              <caption>•</caption>right before or after heart surgery</item>
                           <item>
                              <caption>•</caption>with any other product containing diphenhydramine, even one used on skin</item>
                           <item>
                              <caption>•</caption>if you have sleeplessness without pain</item>
                        </list>
                     </text>
                     <effectiveTime value="20180904"/>
                  </section>
               </component>
               <component>
                  <section ID="i4i_OTC_Ask_Doctor_id_3df2b797-1626-45cc-83ac-d197f800e133">
                     <id root="7502a5a7-a8d5-4169-ac72-edf5194e54ea"/>
                     <code code="50569-3" codeSystem="2.16.840.1.113883.6.1" displayName="OTC - ASK DOCTOR SECTION"/>
                     <title>Ask a doctor before use if</title>
                     <text>
                        <list listType="unordered">
                           <item>
                              <caption>•</caption>stomach bleeding warning applies to you</item>
                           <item>
                              <caption>•</caption>you have problems or serious side effects from taking pain relievers or fever reducers</item>
                           <item>
                              <caption>•</caption>you have a history of stomach problems, such as heartburn</item>
                           <item>
                              <caption>•</caption>you have high blood pressure, heart disease, liver cirrhosis, kidney disease, asthma, or had a stroke</item>
                           <item>
                              <caption>•</caption>you are taking a diuretic</item>
                           <item>
                              <caption>•</caption>you have a breathing problem such as emphysema or chronic bronchitis</item>
                           <item>
                              <caption>•</caption>you have glaucoma</item>
                           <item>
                              <caption>•</caption>you have trouble urinating due to an enlarged prostate gland</item>
                        </list>
                     </text>
                     <effectiveTime value="20180904"/>
                  </section>
               </component>
               <component>
                  <section ID="i4i_OTC_Ask_Doctor_Pharmacist_id_383aace6-6223-47d6-96cf-55d4e5045485">
                     <id root="25fbbdc6-5056-4f76-8d46-8293c3d629b7"/>
                     <code code="50568-5" codeSystem="2.16.840.1.113883.6.1" displayName="OTC - ASK DOCTOR/PHARMACIST SECTION"/>
                     <title>Ask a doctor or pharmacist before use if you are</title>
                     <text>
                        <list listType="unordered">
                           <item>
                              <caption>•</caption>taking sedatives or tranquilizers, or any other sleep-aid </item>
                           <item>
                              <caption>•</caption>under a doctor’s care for any continuing medical illness</item>
                           <item>
                              <caption>•</caption>taking any other antihistamines</item>
                           <item>
                              <caption>•</caption>taking aspirin for heart attack or stroke, because ibuprofen may decrease this benefit of aspirin</item>
                           <item>
                              <caption>•</caption>taking any other drug</item>
                        </list>
                     </text>
                     <effectiveTime value="20150429"/>
                  </section>
               </component>
               <component>
                  <section ID="i4i_OTC_When_Using_id_8e4c14b3-01dc-42ce-8661-26fda92771b8">
                     <id root="d76dac33-a926-4379-9dc1-e7c75da6f3d9"/>
                     <code code="50567-7" codeSystem="2.16.840.1.113883.6.1" displayName="OTC - WHEN USING SECTION"/>
                     <title>When using this product</title>
                     <text>
                        <list listType="unordered">
                           <item>
                              <caption>•</caption>drowsiness will occur</item>
                           <item>
                              <caption>•</caption>avoid alcoholic drinks</item>
                           <item>
                              <caption>•</caption>do not drive a motor vehicle or operate machinery</item>
                           <item>
                              <caption>•</caption>take with food or milk if stomach upset occurs</item>
                        </list>
                     </text>
                     <effectiveTime value="20180904"/>
                  </section>
               </component>
               <component>
                  <section ID="i4i_OTC_Stop_Use_id_52a1c023-7a2d-4517-8ca6-f7d071bc105c">
                     <id root="89d08341-ce17-4c5d-a764-58c0ae99e67f"/>
                     <code code="50566-9" codeSystem="2.16.840.1.113883.6.1" displayName="OTC - STOP USE SECTION"/>
                     <title>Stop use and ask a doctor if </title>
                     <text>
                        <list listType="unordered">
                           <item>
                              <caption>•</caption>you experience any of the following signs of stomach bleeding:</item>
                           <item>
                              <caption>•</caption>feel faint </item>
                           <item>
                              <caption>•</caption>vomit blood </item>
                           <item>
                              <caption>•</caption>have bloody or black stools</item>
                           <item>
                              <caption>•</caption>have stomach pain that does not get better</item>
                           <item>
                              <caption>•</caption>you have symptoms of heart problems or stroke:</item>
                           <item>
                              <caption>•</caption>chest pain </item>
                           <item>
                              <caption>•</caption>trouble breathing </item>
                           <item>
                              <caption>•</caption>weakness in one part or side of body</item>
                           <item>
                              <caption>•</caption>slurred speech </item>
                           <item>
                              <caption>•</caption>leg swelling </item>
                           <item>
                              <caption>•</caption>pain gets worse or lasts more than 10 days</item>
                           <item>
                              <caption>•</caption>sleeplessness persists continuously for more than 2 weeks. Insomnia may be a symptom of a serious underlying medical illness.</item>
                           <item>
                              <caption>•</caption>redness or swelling is present in the painful area</item>
                           <item>
                              <caption>•</caption>any new symptoms appear</item>
                        </list>
                     </text>
                     <effectiveTime value="20180904"/>
                  </section>
               </component>
               <component>
                  <section ID="i4i_OTC_Pregancy_Breastfeeding_id_a77b6eb1-e784-46c5-bc7e-4d79e537996f">
                     <id root="c031b881-a819-498e-91ee-cfdf1dabb66b"/>
                     <code code="53414-9" codeSystem="2.16.840.1.113883.6.1" displayName="OTC - PREGNANCY OR BREAST FEEDING SECTION"/>
                     <title>If pregnant or breast-feeding, </title>
                     <text>
                        <paragraph>ask a health professional before use.  It is especially important not to use ibuprofen during the last 3 months of pregnancy unless definitely directed to do so by a doctor because it may cause problems in the unborn child or complications during delivery.</paragraph>
                     </text>
                     <effectiveTime value="20150429"/>
                  </section>
               </component>
               <component>
                  <section ID="i4i_OTC_Keep_Away_Children_id_5d3e42e3-4ffb-4557-bca0-73c9aef5efae">
                     <id root="d9fb529e-9d48-487b-ab2b-3c24032149d4"/>
                     <code code="50565-1" codeSystem="2.16.840.1.113883.6.1" displayName="OTC - KEEP OUT OF REACH OF CHILDREN SECTION"/>
                     <title>Keep out of reach of children.</title>
                     <text>
                        <paragraph>In case of overdose, get medical help or contact a Poison Control Center right away. (1-800-222-1222)</paragraph>
                     </text>
                     <effectiveTime value="20150429"/>
                  </section>
               </component>
            </section>
         </component>
         <component>
            <section ID="i4i_dosage_admin_id_038fa2cb-6d89-4c9e-b6c6-f09dcf7fd489">
               <id root="918bce54-f195-43e9-a7e0-3103d7972c7d"/>
               <code code="34068-7" codeSystem="2.16.840.1.113883.6.1" displayName="DOSAGE &amp; ADMINISTRATION SECTION"/>
               <title>Directions</title>
               <text>
                  <list listType="unordered">
                     <item>
                        <caption>•</caption>
                        <content styleCode="bold">do not take more than directed</content>
                     </item>
                     <item>
                        <caption>•</caption>adults and children 12 years and over: take 2 caplets at bedtime</item>
                     <item>
                        <caption>•</caption>do not take more than 2 caplets in 24 hours</item>
                  </list>
               </text>
               <effectiveTime value="20180904"/>
            </section>
         </component>
         <component>
            <section ID="i4i_storage_id_9d4eee90-79c5-4b19-8015-7fe9c5a12850">
               <id root="50b75807-b9d8-4ddd-acee-206be0acc02e"/>
               <code code="44425-7" codeSystem="2.16.840.1.113883.6.1" displayName="STORAGE AND HANDLING SECTION"/>
               <title>Other information</title>
               <text>
                  <list listType="unordered">
                     <item>
                        <caption>•</caption>read all warnings and directions before use. Keep carton.</item>
                     <item>
                        <caption>•</caption>store at 20-25°C (68-77°F)</item>
                     <item>
                        <caption>•</caption>avoid excessive heat above 40°C (104°F)</item>
                  </list>
               </text>
               <effectiveTime value="20150429"/>
            </section>
         </component>
         <component>
            <section ID="i4i_inactive_ingredients_id_bbe2bea4-2341-41c9-ba28-21ae108b8a9d">
               <id root="3917ebc4-4d6a-4867-bba9-431e0832e775"/>
               <code code="51727-6" codeSystem="2.16.840.1.113883.6.1" displayName="INACTIVE INGREDIENT SECTION"/>
               <title>Inactive ingredients</title>
               <text>
                  <paragraph>colloidal silicon dioxide, croscarmellose sodium, glyceryl behenate, hydroxypropyl cellulose, lactose monohydrate, magnesium stearate, microcrystalline cellulose, polyethylene glycol, polyvinyl alcohol, pregelatinized starch, talc, titanium dioxide</paragraph>
               </text>
               <effectiveTime value="20150429"/>
            </section>
         </component>
         <component>
            <section ID="i4i_OTC_Questions_id_833f8d2f-9589-417c-85e7-f98a3ee4f82c">
               <id root="3b0b41d7-f8f3-4e5a-9b43-974d98128d54"/>
               <code code="53413-1" codeSystem="2.16.840.1.113883.6.1" displayName="OTC - QUESTIONS SECTION"/>
               <title>Questions or comments?</title>
               <text>
                  <paragraph>
                     <content styleCode="bold">1-800-719-9260</content>
                  </paragraph>
               </text>
               <effectiveTime value="20180904"/>
            </section>
         </component>
         <component>
            <section ID="i4i_Principal_display_panel_id_fe3abbaa-d631-4164-84c7-86b894aa679a">
               <id root="4b6f67ad-d597-4302-9e5c-a892dee014bd"/>
               <code code="51945-4" codeSystem="2.16.840.1.113883.6.1" displayName="PACKAGE LABEL.PRINCIPAL DISPLAY PANEL"/>
               <title>Principal Display Panel</title>
               <text>
                  <paragraph>Compare to Motrin® PM active ingredients</paragraph>
                  <paragraph>ibuprofen pm</paragraph>
                  <paragraph>Ibuprofen and Diphenhydramine Citrate Tablets, 200mg/38mg</paragraph>
                  <paragraph>SEE NEW WARNINGS</paragraph>
                  <paragraph>Pain Reliever (NSAID) | Nighttime Sleep – Aid</paragraph>
                  <paragraph>80 Coated Caplets** | actual size</paragraph>
                  <paragraph>**capsule shaped tablets</paragraph>
                  <renderMultiMedia ID="id-1748102045" referencedObject="ID_124c2eb1-b14a-4a66-b8cf-4fd550d9e53a"/>
               </text>
               <effectiveTime value="20180904"/>
               <component>
                  <observationMedia ID="ID_124c2eb1-b14a-4a66-b8cf-4fd550d9e53a">
                     <text>413-6e-ibuprofen-pm.jpg</text>
                     <value mediaType="image/jpeg" xsi:type="ED">
                        <reference value="413-6e-ibuprofen-pm.jpg"/>
                     </value>
                  </observationMedia>
               </component>
            </section>
         </component>
      </structuredBody>
   </component>
</document>