<?xml version="1.0" encoding="UTF-8"?><?xml-stylesheet href="http://www.accessdata.fda.gov/spl/stylesheet/spl.xsl" type="text/xsl"?>
<document xmlns="urn:hl7-org:v3" xmlns:xsi="http://www.w3.org/2001/XMLSchema-instance" xsi:schemaLocation="urn:hl7-org:v3 https://www.accessdata.fda.gov/spl/schema/spl.xsd">
   <id root="38ac6f90-5072-4057-a8e4-f1b3967f3cc6"/>
   <code code="34390-5" displayName="HUMAN OTC DRUG LABEL" codeSystem="2.16.840.1.113883.6.1"/>
   <title>Drug Facts</title>
   <effectiveTime value="20191226"/>
   <setId root="3d65c7b4-11be-48b5-aa00-96653f813160"/>
   <versionNumber value="3"/>
   <author>
      <time/>
      <assignedEntity>
         <representedOrganization>
            <id extension="024472631" root="1.3.6.1.4.1.519.1"/>
            <name>Family Dollar (FAMILY WELLNESS)</name>
         </representedOrganization>
      </assignedEntity>
   </author>
   <component>
      <structuredBody>
         <component>
            <section>
               <id root="b500d2d4-ae46-4f01-8bec-909937fb22cc"/>
               <code code="48780-1" displayName="SPL LISTING DATA ELEMENTS SECTION" codeSystem="2.16.840.1.113883.6.1"/>
               <effectiveTime value="20191226"/>
               <subject>
                  <manufacturedProduct>
                     <manufacturedProduct>
                        <code code="55319-035" codeSystem="2.16.840.1.113883.6.69"/>
                        <name>Ibuprofen</name>
                        <formCode code="C42897" displayName="TABLET, COATED" codeSystem="2.16.840.1.113883.3.26.1.1"/>
                        <asEntityWithGeneric>
                           <genericMedicine>
                              <name>Ibuprofen</name>
                           </genericMedicine>
                        </asEntityWithGeneric>
                        <ingredient classCode="ACTIB">
                           <quantity>
                              <numerator unit="mg" value="200"/>
                              <denominator unit="1" value="1"/>
                           </quantity>
                           <ingredientSubstance>
                              <code code="WK2XYI10QM" codeSystem="2.16.840.1.113883.4.9"/>
                              <name>IBUPROFEN</name>
                              <activeMoiety>
                                 <activeMoiety>
                                    <code code="WK2XYI10QM" codeSystem="2.16.840.1.113883.4.9"/>
                                    <name>IBUPROFEN</name>
                                 </activeMoiety>
                              </activeMoiety>
                           </ingredientSubstance>
                        </ingredient>
                        <ingredient classCode="IACT">
                           <ingredientSubstance>
                              <code code="R12CBM0EIZ" codeSystem="2.16.840.1.113883.4.9"/>
                              <name>CARNAUBA WAX</name>
                           </ingredientSubstance>
                        </ingredient>
                        <ingredient classCode="IACT">
                           <ingredientSubstance>
                              <code code="M28OL1HH48" codeSystem="2.16.840.1.113883.4.9"/>
                              <name>CROSCARMELLOSE SODIUM</name>
                           </ingredientSubstance>
                        </ingredient>
                        <ingredient classCode="IACT">
                           <ingredientSubstance>
                              <code code="3NXW29V3WO" codeSystem="2.16.840.1.113883.4.9"/>
                              <name>HYPROMELLOSES</name>
                           </ingredientSubstance>
                        </ingredient>
                        <ingredient classCode="IACT">
                           <ingredientSubstance>
                              <code code="OP1R32D61U" codeSystem="2.16.840.1.113883.4.9"/>
                              <name>CELLULOSE, MICROCRYSTALLINE</name>
                           </ingredientSubstance>
                        </ingredient>
                        <ingredient classCode="IACT">
                           <ingredientSubstance>
                              <code code="VH2XOU12IE" codeSystem="2.16.840.1.113883.4.9"/>
                              <name>POLYDEXTROSE</name>
                           </ingredientSubstance>
                        </ingredient>
                        <ingredient classCode="IACT">
                           <ingredientSubstance>
                              <code code="3WJQ0SDW1A" codeSystem="2.16.840.1.113883.4.9"/>
                              <name>POLYETHYLENE GLYCOL, UNSPECIFIED</name>
                           </ingredientSubstance>
                        </ingredient>
                        <ingredient classCode="IACT">
                           <ingredientSubstance>
                              <code code="O8232NY3SJ" codeSystem="2.16.840.1.113883.4.9"/>
                              <name>STARCH, CORN</name>
                           </ingredientSubstance>
                        </ingredient>
                        <ingredient classCode="IACT">
                           <ingredientSubstance>
                              <code code="1K09F3G675" codeSystem="2.16.840.1.113883.4.9"/>
                              <name>FERRIC OXIDE RED</name>
                           </ingredientSubstance>
                        </ingredient>
                        <ingredient classCode="IACT">
                           <ingredientSubstance>
                              <code code="ETJ7Z6XBU4" codeSystem="2.16.840.1.113883.4.9"/>
                              <name>SILICON DIOXIDE</name>
                           </ingredientSubstance>
                        </ingredient>
                        <ingredient classCode="IACT">
                           <ingredientSubstance>
                              <code code="4ELV7Z65AP" codeSystem="2.16.840.1.113883.4.9"/>
                              <name>STEARIC ACID</name>
                           </ingredientSubstance>
                        </ingredient>
                        <ingredient classCode="IACT">
                           <ingredientSubstance>
                              <code code="15FIX9V2JP" codeSystem="2.16.840.1.113883.4.9"/>
                              <name>TITANIUM DIOXIDE</name>
                           </ingredientSubstance>
                        </ingredient>
                        <asContent>
                           <quantity>
                              <numerator unit="1" value="50"/>
                              <denominator value="1"/>
                           </quantity>
                           <containerPackagedProduct>
                              <code/>
                              <formCode code="C43173" displayName="BOTTLE, PLASTIC" codeSystem="2.16.840.1.113883.3.26.1.1"/>
                              <asContent>
                                 <quantity>
                                    <numerator unit="1" value="1"/>
                                    <denominator value="1"/>
                                 </quantity>
                                 <containerPackagedProduct>
                                    <code code="55319-035-50" codeSystem="2.16.840.1.113883.6.69"/>
                                    <formCode code="C43178" displayName="BOX" codeSystem="2.16.840.1.113883.3.26.1.1"/>
                                 </containerPackagedProduct>
                                 <subjectOf>
                                    <marketingAct>
                                       <code code="C53292" codeSystem="2.16.840.1.113883.3.26.1.1"/>
                                       <statusCode code="completed"/>
                                       <effectiveTime>
                                          <low value="20150504"/>
                                          <high value="20211230"/>
                                       </effectiveTime>
                                    </marketingAct>
                                 </subjectOf>
                              </asContent>
                           </containerPackagedProduct>
                           <subjectOf>
                              <characteristic>
                                 <code code="SPLCMBPRDTP" codeSystem="2.16.840.1.113883.1.11.19255"/>
                                 <value code="C112160" displayName="Type 0: Not a Combination Product" codeSystem="2.16.840.1.113883.3.26.1.1" xsi:type="CV"/>
                              </characteristic>
                           </subjectOf>
                        </asContent>
                        <asContent>
                           <quantity>
                              <numerator unit="1" value="100"/>
                              <denominator value="1"/>
                           </quantity>
                           <containerPackagedProduct>
                              <code/>
                              <formCode code="C43173" displayName="BOTTLE, PLASTIC" codeSystem="2.16.840.1.113883.3.26.1.1"/>
                              <asContent>
                                 <quantity>
                                    <numerator unit="1" value="1"/>
                                    <denominator value="1"/>
                                 </quantity>
                                 <containerPackagedProduct>
                                    <code code="55319-035-01" codeSystem="2.16.840.1.113883.6.69"/>
                                    <formCode code="C43178" displayName="BOX" codeSystem="2.16.840.1.113883.3.26.1.1"/>
                                 </containerPackagedProduct>
                                 <subjectOf>
                                    <marketingAct>
                                       <code code="C53292" codeSystem="2.16.840.1.113883.3.26.1.1"/>
                                       <statusCode code="completed"/>
                                       <effectiveTime>
                                          <low value="20150504"/>
                                          <high value="20211230"/>
                                       </effectiveTime>
                                    </marketingAct>
                                 </subjectOf>
                              </asContent>
                           </containerPackagedProduct>
                           <subjectOf>
                              <characteristic>
                                 <code code="SPLCMBPRDTP" codeSystem="2.16.840.1.113883.1.11.19255"/>
                                 <value code="C112160" displayName="Type 0: Not a Combination Product" codeSystem="2.16.840.1.113883.3.26.1.1" xsi:type="CV"/>
                              </characteristic>
                           </subjectOf>
                        </asContent>
                        <asContent>
                           <quantity>
                              <numerator unit="1" value="25"/>
                              <denominator value="1"/>
                           </quantity>
                           <containerPackagedProduct>
                              <code/>
                              <formCode code="C43173" displayName="BOTTLE, PLASTIC" codeSystem="2.16.840.1.113883.3.26.1.1"/>
                              <asContent>
                                 <quantity>
                                    <numerator unit="1" value="1"/>
                                    <denominator value="1"/>
                                 </quantity>
                                 <containerPackagedProduct>
                                    <code code="55319-035-25" codeSystem="2.16.840.1.113883.6.69"/>
                                    <formCode code="C43178" displayName="BOX" codeSystem="2.16.840.1.113883.3.26.1.1"/>
                                 </containerPackagedProduct>
                                 <subjectOf>
                                    <marketingAct>
                                       <code code="C53292" codeSystem="2.16.840.1.113883.3.26.1.1"/>
                                       <statusCode code="completed"/>
                                       <effectiveTime>
                                          <low value="20150504"/>
                                          <high value="20211230"/>
                                       </effectiveTime>
                                    </marketingAct>
                                 </subjectOf>
                              </asContent>
                           </containerPackagedProduct>
                           <subjectOf>
                              <characteristic>
                                 <code code="SPLCMBPRDTP" codeSystem="2.16.840.1.113883.1.11.19255"/>
                                 <value code="C112160" displayName="Type 0: Not a Combination Product" codeSystem="2.16.840.1.113883.3.26.1.1" xsi:type="CV"/>
                              </characteristic>
                           </subjectOf>
                        </asContent>
                        <asContent>
                           <quantity>
                              <numerator unit="1" value="250"/>
                              <denominator value="1"/>
                           </quantity>
                           <containerPackagedProduct>
                              <code/>
                              <formCode code="C43173" displayName="BOTTLE, PLASTIC" codeSystem="2.16.840.1.113883.3.26.1.1"/>
                              <asContent>
                                 <quantity>
                                    <numerator unit="1" value="1"/>
                                    <denominator value="1"/>
                                 </quantity>
                                 <containerPackagedProduct>
                                    <code code="55319-035-52" codeSystem="2.16.840.1.113883.6.69"/>
                                    <formCode code="C43178" displayName="BOX" codeSystem="2.16.840.1.113883.3.26.1.1"/>
                                 </containerPackagedProduct>
                                 <subjectOf>
                                    <marketingAct>
                                       <code code="C53292" codeSystem="2.16.840.1.113883.3.26.1.1"/>
                                       <statusCode code="completed"/>
                                       <effectiveTime>
                                          <low value="20150504"/>
                                          <high value="20211230"/>
                                       </effectiveTime>
                                    </marketingAct>
                                 </subjectOf>
                              </asContent>
                           </containerPackagedProduct>
                           <subjectOf>
                              <characteristic>
                                 <code code="SPLCMBPRDTP" codeSystem="2.16.840.1.113883.1.11.19255"/>
                                 <value code="C112160" displayName="Type 0: Not a Combination Product" codeSystem="2.16.840.1.113883.3.26.1.1" xsi:type="CV"/>
                              </characteristic>
                           </subjectOf>
                        </asContent>
                     </manufacturedProduct>
                     <subjectOf>
                        <approval>
                           <id extension="ANDA076460" root="2.16.840.1.113883.3.150"/>
                           <code code="C73584" displayName="ANDA" codeSystem="2.16.840.1.113883.3.26.1.1"/>
                           <author>
                              <territorialAuthority>
                                 <territory>
                                    <code code="USA" codeSystem="2.16.840.1.113883.5.28"/>
                                 </territory>
                              </territorialAuthority>
                           </author>
                        </approval>
                     </subjectOf>
                     <subjectOf>
                        <marketingAct>
                           <code code="C53292" codeSystem="2.16.840.1.113883.3.26.1.1"/>
                           <statusCode code="completed"/>
                           <effectiveTime>
                              <low value="20150504"/>
                              <high value="20211230"/>
                           </effectiveTime>
                        </marketingAct>
                     </subjectOf>
                     <subjectOf>
                        <characteristic classCode="OBS">
                           <code code="SPLCOLOR" codeSystem="2.16.840.1.113883.1.11.19255"/>
                           <value code="C48332" displayName="BROWN" codeSystem="2.16.840.1.113883.3.26.1.1" xsi:type="CV"/>
                        </characteristic>
                     </subjectOf>
                     <subjectOf>
                        <characteristic classCode="OBS">
                           <code code="SPLIMPRINT" codeSystem="2.16.840.1.113883.1.11.19255"/>
                           <value xsi:type="ST">57</value>
                        </characteristic>
                     </subjectOf>
                     <subjectOf>
                        <characteristic classCode="OBS">
                           <code code="SPLSCORE" codeSystem="2.16.840.1.113883.1.11.19255"/>
                           <value value="1" xsi:type="INT"/>
                        </characteristic>
                     </subjectOf>
                     <subjectOf>
                        <characteristic classCode="OBS">
                           <code code="SPLSHAPE" codeSystem="2.16.840.1.113883.1.11.19255"/>
                           <value code="C48348" displayName="ROUND" codeSystem="2.16.840.1.113883.3.26.1.1" xsi:type="CV"/>
                        </characteristic>
                     </subjectOf>
                     <subjectOf>
                        <characteristic classCode="OBS">
                           <code code="SPLSIZE" codeSystem="2.16.840.1.113883.1.11.19255"/>
                           <value unit="mm" value="9" xsi:type="PQ"/>
                        </characteristic>
                     </subjectOf>
                     <consumedIn>
                        <substanceAdministration>
                           <routeCode code="C38288" displayName="ORAL" codeSystem="2.16.840.1.113883.3.26.1.1"/>
                        </substanceAdministration>
                     </consumedIn>
                  </manufacturedProduct>
               </subject>
            </section>
         </component>
         <component>
            <section ID="LINK_90fcc3d7-873e-492f-86a8-6d3957d15aef">
               <id root="c523179c-d456-43f4-bfde-d1d66c28834b"/>
               <code code="55106-9" codeSystem="2.16.840.1.113883.6.1" displayName="OTC - ACTIVE INGREDIENT SECTION"/>
               <title>Active ingredient (in each tablet)</title>
               <text>
                  <paragraph>
                     <content styleCode="bold">Ibuprofen USP, 200 mg (NSAID)*</content>
                  </paragraph>
                  <paragraph>
                     <content styleCode="bold">*nonsteroidal anti-inflammatory drug</content>
                  </paragraph>
               </text>
               <effectiveTime value="20191226"/>
            </section>
         </component>
         <component>
            <section ID="LINK_05c83630-da4b-463c-9a8f-5eef72227034">
               <id root="8a0a5dfb-0ddd-4849-b90b-6cf93e85f406"/>
               <code code="55105-1" codeSystem="2.16.840.1.113883.6.1" displayName="OTC - PURPOSE SECTION"/>
               <title>Purpose</title>
               <text>
                  <paragraph>
                     <content styleCode="bold">Pain reliever/fever reducer</content>
                  </paragraph>
               </text>
               <effectiveTime value="20191226"/>
            </section>
         </component>
         <component>
            <section ID="LINK_972de34b-30c2-430b-b2ee-66a8dd157b9b">
               <id root="6f579ed0-e9a1-48da-b4b5-4917f5607fe8"/>
               <code code="34067-9" codeSystem="2.16.840.1.113883.6.1" displayName="INDICATIONS &amp; USAGE SECTION"/>
               <title>Uses</title>
               <text>
                  <list listType="unordered" styleCode="Disk">
                     <item>temporarily relieves minor aches and pains due to:<list listType="unordered" styleCode="Circle">
                           <item>headache</item>
                           <item>muscular aches</item>
                           <item>toothache</item>
                           <item>minor pain of arthritis</item>
                           <item>backache</item>
                           <item>the common cold</item>
                           <item>menstrual cramps</item>
                        </list>
                     </item>
                     <item>temporarily reduces fever</item>
                  </list>
               </text>
               <effectiveTime value="20191226"/>
            </section>
         </component>
         <component>
            <section ID="LINK_f575eb0f-1cea-41d5-9fa7-a053dc9339bf">
               <id root="f68631ea-668f-4eb0-a3ee-e9515dbc44cb"/>
               <code code="34071-1" codeSystem="2.16.840.1.113883.6.1" displayName="WARNINGS SECTION"/>
               <title>Warnings</title>
               <text>
                  <paragraph>
                     <content styleCode="bold">Allergy alert:</content> Ibuprofen may cause a severe allergic reaction, especially in people allergic to aspirin. Symptoms may include: </paragraph>
                  <list listType="unordered" styleCode="Disk">
                     <item>hives </item>
                     <item>facial swelling </item>
                     <item>asthma (wheezing) </item>
                     <item>shock </item>
                     <item>skin reddening </item>
                     <item>rash </item>
                     <item>blisters</item>
                  </list>
                  <paragraph>If an allergic reaction occurs, stop use and seek medical help right away.</paragraph>
                  <paragraph>
                     <content styleCode="bold">Stomach bleeding warning:</content> This product contains an NSAID, which may cause severe stomach bleeding. The chance is higher if you: </paragraph>
                  <list listType="unordered" styleCode="Disk">
                     <item>are age 60 or older </item>
                     <item>have had stomach ulcers or bleeding problems </item>
                     <item>take a blood thinning (anticoagulant) or steroid drug </item>
                     <item>take other drugs containing prescription or nonprescription NSAIDs (aspirin, ibuprofen, naproxen, or others) </item>
                     <item>have 3 or more alcoholic drinks every day while using this product </item>
                     <item>take more or for a longer time than directed </item>
                  </list>
                  <paragraph>
                     <content styleCode="bold">Heart attack and stroke warning:</content> NSAIDs, except aspirin, increase the risk of heart attack, heart failure, and stroke. These can be fatal. The risk is higher if you use more than directed or for longer than directed.</paragraph>
               </text>
               <effectiveTime value="20191226"/>
               <component>
                  <section ID="LINK_89e651ea-a95f-4631-8087-15cf83f6e4df">
                     <id root="1122ede6-5658-4f29-b725-e74cb48582d0"/>
                     <code code="50570-1" codeSystem="2.16.840.1.113883.6.1" displayName="OTC - DO NOT USE SECTION"/>
                     <title>Do not use</title>
                     <text>
                        <list listType="unordered" styleCode="Disk">
                           <item>if you have ever had an allergic reaction to any other pain reliever/fever reducer </item>
                           <item>right before or after heart surgery</item>
                        </list>
                     </text>
                     <effectiveTime value="20191226"/>
                  </section>
               </component>
               <component>
                  <section ID="LINK_255b354f-4a0d-4663-8f40-c0b151385ab4">
                     <id root="289a7834-b6a3-42c8-a6af-35dfd8c6eb27"/>
                     <code code="50569-3" codeSystem="2.16.840.1.113883.6.1" displayName="OTC - ASK DOCTOR SECTION"/>
                     <title>Ask a doctor before use if</title>
                     <text>
                        <list listType="unordered" styleCode="Disk">
                           <item>stomach bleeding warning applies to you </item>
                           <item>you have problems or serious side effects from taking pain relievers or fever reducers </item>
                           <item>you have a history of stomach problems such as heartburn </item>
                           <item>you have high blood pressure, heart disease, liver cirrhosis, kidney disease, asthma, or had a stroke. </item>
                           <item>you are taking a diuretic</item>
                        </list>
                     </text>
                     <effectiveTime value="20191226"/>
                  </section>
               </component>
               <component>
                  <section ID="LINK_6b53fee7-d151-4533-852f-97521955986b">
                     <id root="e42adf6c-db44-4a69-9db7-cbb25b17f94e"/>
                     <code code="50568-5" codeSystem="2.16.840.1.113883.6.1" displayName="OTC - ASK DOCTOR/PHARMACIST SECTION"/>
                     <title>Ask a doctor or pharmacist before use if you are</title>
                     <text>
                        <list listType="unordered" styleCode="Disk">
                           <item>under a doctor's care for any serious condition </item>
                           <item>taking aspirin for heart attack or stroke, because ibuprofen may decrease this benefit of aspirin </item>
                           <item>taking any other drug</item>
                        </list>
                     </text>
                     <effectiveTime value="20191226"/>
                  </section>
               </component>
               <component>
                  <section ID="LINK_3887aa36-957d-46a3-a683-8c896b755b1b">
                     <id root="f6d8b3fc-0f0f-48ed-88d1-90ef358bd025"/>
                     <code code="50567-7" codeSystem="2.16.840.1.113883.6.1" displayName="OTC - WHEN USING SECTION"/>
                     <title>When using this product</title>
                     <text>
                        <paragraph>take with food or milk if stomach upset occurs </paragraph>
                     </text>
                     <effectiveTime value="20191226"/>
                  </section>
               </component>
               <component>
                  <section ID="LINK_b76b756b-e988-4be2-a866-ff5b78bae0f9">
                     <id root="32164ea9-72f0-49e9-a50a-da121bae2fbc"/>
                     <code code="50566-9" codeSystem="2.16.840.1.113883.6.1" displayName="OTC - STOP USE SECTION"/>
                     <title>Stop use and ask a doctor if</title>
                     <text>
                        <list listType="unordered" styleCode="Disk">
                           <item>you experience any of the following signs of stomach bleeding:<list listType="unordered" styleCode="Circle">
                                 <item>feel faint </item>
                                 <item>have bloody or black stools </item>
                                 <item>vomit blood </item>
                                 <item>have stomach pain that does not get better</item>
                              </list>
                           </item>
                           <item>you have symptoms of heart problems or stroke: 
<list listType="unordered" styleCode="Circle">
                                 <item>chest pain </item>
                                 <item>slurred speech</item>
                                 <item>trouble breathing</item>
                                 <item>leg swelling</item>
                                 <item>weakness in one part or side of body</item>
                              </list>
                           </item>
                           <item>pain gets worse or lasts more than 10 days</item>
                           <item>fever gets worse or lasts more than 3 days</item>
                           <item>redness or swelling is present in the painful area</item>
                           <item>any new symptoms appear</item>
                        </list>
                     </text>
                     <effectiveTime value="20191226"/>
                  </section>
               </component>
               <component>
                  <section ID="LINK_c607d66a-100b-4f23-98c0-c4af03b5a3db">
                     <id root="d62e97ae-edbb-4bda-bcf5-f875cf4d472a"/>
                     <code code="53414-9" codeSystem="2.16.840.1.113883.6.1" displayName="OTC - PREGNANCY OR BREAST FEEDING SECTION"/>
                     <title>If pregnant or breast-feeding,</title>
                     <text>
                        <paragraph>ask a health professional before use. It is especially important not to use ibuprofen during the last 3 months of pregnancy unless definitely directed to do so by a doctor because it may cause problems in the unborn child or complications during delivery.</paragraph>
                     </text>
                     <effectiveTime value="20191226"/>
                  </section>
               </component>
               <component>
                  <section ID="LINK_43c9161a-b397-4d44-9a0f-1880b8f95a3c">
                     <id root="bd10dd9a-f7ae-47c5-9671-76b05096a7bc"/>
                     <code code="50565-1" codeSystem="2.16.840.1.113883.6.1" displayName="OTC - KEEP OUT OF REACH OF CHILDREN SECTION"/>
                     <title>Keep out of reach of children.</title>
                     <text>
                        <paragraph>In case of overdose, get medical help or contact a Poison Control Center right away. (1-800-222-1222)</paragraph>
                     </text>
                     <effectiveTime value="20191226"/>
                  </section>
               </component>
            </section>
         </component>
         <component>
            <section ID="LINK_5d47754e-ee1b-49d1-b897-35a2dd8bbabc">
               <id root="cb74e373-0567-48b7-a2f2-c1905fac20b8"/>
               <code code="34068-7" codeSystem="2.16.840.1.113883.6.1" displayName="DOSAGE &amp; ADMINISTRATION SECTION"/>
               <title>Directions</title>
               <text>
                  <list listType="unordered" styleCode="Disk">
                     <item>
                        <content styleCode="bold">do not take more than directed</content>
                     </item>
                     <item>
                        <content styleCode="bold">the smallest effective dose should be used </content>
                     </item>
                     <item>adults and children 12 years and older: 
<list listType="unordered" styleCode="Circle">
                           <item>take 1 tablet every 4 to 6 hours while symptoms persist </item>
                           <item>if pain or fever does not respond to 1 tablet, 2 tablets may be used </item>
                           <item>do not exceed 6 tablets in 24 hours, unless directed by a doctor</item>
                        </list>
                     </item>
                     <item>children under 12 years: ask a doctor</item>
                  </list>
               </text>
               <effectiveTime value="20191226"/>
            </section>
         </component>
         <component>
            <section ID="LINK_83e7513d-62da-483f-a3fb-cfcd00a88053">
               <id root="500b7805-ffe3-44c6-94ae-f371953c5cc4"/>
               <code code="60561-8" codeSystem="2.16.840.1.113883.6.1" displayName="OTHER SAFETY INFORMATION"/>
               <title>Other information</title>
               <text>
                  <list listType="unordered" styleCode="Disk">
                     <item>store between 20-25ºC (68-77ºF)</item>
                  </list>
               </text>
               <effectiveTime value="20191226"/>
            </section>
         </component>
         <component>
            <section ID="LINK_22f29c1a-a3bb-469c-8b8c-ddd2786416f4">
               <id root="c91b19be-6cae-44cb-b2b5-1fb95f772a21"/>
               <code code="51727-6" codeSystem="2.16.840.1.113883.6.1" displayName="INACTIVE INGREDIENT SECTION"/>
               <title>Inactive ingredients</title>
               <text>
                  <paragraph>carnauba wax, croscarmellose sodium, hypromellose, microcrystalline cellulose, polydextrose, polyethylene glycol, pregelatinized starch, red iron oxide, silicon dioxide, stearic acid, titanium dioxide</paragraph>
               </text>
               <effectiveTime value="20191226"/>
            </section>
         </component>
         <component>
            <section ID="LINK_0935f2f5-ef7e-44cd-a2c6-b252b825217e">
               <id root="723d0eba-6b88-486c-aad9-77b1fc435770"/>
               <code code="53413-1" codeSystem="2.16.840.1.113883.6.1" displayName="OTC - QUESTIONS SECTION"/>
               <title>Questions or comments?</title>
               <text>
                  <paragraph>Call <content styleCode="bold">1-877-753-3935 Monday-Friday 9AM-5PM EST</content>
                  </paragraph>
               </text>
               <effectiveTime value="20191226"/>
            </section>
         </component>
         <component>
            <section ID="LINK_ce46be35-8060-4580-bb10-4f9a1c69f60e">
               <id root="f41a8677-e7af-4372-b9e0-4c559d5b8b21"/>
               <code code="51945-4" codeSystem="2.16.840.1.113883.6.1" displayName="PACKAGE LABEL.PRINCIPAL DISPLAY PANEL"/>
               <title>Principal Display Panel</title>
               <text>
                  <paragraph>COMPARE TO THE ACRIVE INGREDIENT OF ADVIL® TABLETS†</paragraph>
                  <paragraph>SEE NEW WARNINGS</paragraph>
                  <paragraph>
                     <content styleCode="bold">Ibuprofen</content>
                  </paragraph>
                  <paragraph>Tablets, 200 mg</paragraph>
                  <paragraph>Pain Reliever/Fever reducer (NSAID)</paragraph>
                  <paragraph>COATED TABLETS</paragraph>
                  <paragraph>†This product is not manufactured or distributed by Pfizer Consumer Healthcare, distributor of Advil® Tablets.</paragraph>
                  <paragraph>
                     <content styleCode="bold">TAMPER EVIDENT: DO NOT USE IF PRINTED SAFETY SEAL UNDER CAP IS BROKEN OR MISSING.</content>
                  </paragraph>
                  <paragraph>
                     <content styleCode="bold">KEEP OUTER CARTON FOR COMPLETE WARNINGS AND PRODUCT INFORMATION.</content>
                  </paragraph>
                  <paragraph>DISTRIBUTED BY:</paragraph>
                  <paragraph>MIDWOOD BRANDS, LLC</paragraph>
                  <paragraph>10611 MONROE RD.,</paragraph>
                  <paragraph>MATTHEWS, NC 28105</paragraph>
               </text>
               <effectiveTime value="20191226"/>
            </section>
         </component>
         <component>
            <section ID="LINK_37fa9802-19c5-4e23-8967-dee760f4fa0e">
               <id root="d32a84db-90b5-41ed-b92a-0a0054d2438d"/>
               <code code="51945-4" codeSystem="2.16.840.1.113883.6.1" displayName="PACKAGE LABEL.PRINCIPAL DISPLAY PANEL"/>
               <title>Product Label</title>
               <text>
                  <renderMultiMedia referencedObject="MM1">
                     <caption>RAMILY WELLNESS Ibuprofen Tablets 200 mg</caption>
                  </renderMultiMedia>
               </text>
               <effectiveTime value="20191226"/>
               <component>
                  <observationMedia ID="MM1">
                     <text>Ibuprofen USP 200 mg (NSAID)* *nonsteroidal anti-inflammatory drug</text>
                     <value xsi:type="ED" mediaType="image/jpeg">
                        <reference value="ibuprofen-200-mg-brown-tablet-mia-delisted-1.jpg"/>
                     </value>
                  </observationMedia>
               </component>
            </section>
         </component>
      </structuredBody>
   </component>
</document>