<?xml version="1.0" encoding="UTF-8"?><?xml-stylesheet href="http://www.accessdata.fda.gov/spl/stylesheet/spl.xsl" type="text/xsl"?>
<document xmlns="urn:hl7-org:v3" xmlns:xsi="http://www.w3.org/2001/XMLSchema-instance" xsi:schemaLocation="urn:hl7-org:v3 http://www.accessdata.fda.gov/spl/schema/spl.xsd">
   <id root="3b2bf9d0-a25f-4742-8b36-12f05cc97590"/>
   <code code="34390-5" codeSystem="2.16.840.1.113883.6.1" displayName="HUMAN OTC DRUG LABEL"/>
   <title>Lil' Drug Store<sup>®</sup> Ibuprofen</title>
   <effectiveTime value="20191204"/>
   <setId root="4cff110d-0cb3-4dea-bfea-ca27855645a8"/>
   <versionNumber value="4"/>
   <author>
      <time/>
      <assignedEntity>
         <representedOrganization>
            <id extension="093103646" root="1.3.6.1.4.1.519.1"/>
            <name>Lil' Drug Store Products, Inc.</name>
            <assignedEntity>
               <assignedOrganization/>
            </assignedEntity>
         </representedOrganization>
      </assignedEntity>
   </author>
   <component>
      <structuredBody>
         <component>
            <section ID="DLDE">
               <id root="675a37be-50cf-45b6-865a-475f7adf8e60"/>
               <code code="48780-1" codeSystem="2.16.840.1.113883.6.1" displayName="SPL PRODUCT DATA ELEMENTS SECTION"/>
               <effectiveTime value="20191204"/>
               <subject>
                  <manufacturedProduct>
                     <manufacturedProduct>
                        <code code="66715-9739" codeSystem="2.16.840.1.113883.6.69"/>
                        <name>Lil Drug Store Ibuprofen</name>
                        <formCode code="C42998" codeSystem="2.16.840.1.113883.3.26.1.1" displayName="TABLET"/>
                        <asEntityWithGeneric>
                           <genericMedicine>
                              <name>Ibuprofen</name>
                           </genericMedicine>
                        </asEntityWithGeneric>
                        <ingredient classCode="ACTIB">
                           <quantity>
                              <numerator value="200" unit="mg"/>
                              <denominator value="1" unit="1"/>
                           </quantity>
                           <ingredientSubstance>
                              <code code="WK2XYI10QM" codeSystem="2.16.840.1.113883.4.9"/>
                              <name>Ibuprofen</name>
                              <activeMoiety>
                                 <activeMoiety>
                                    <code code="WK2XYI10QM" codeSystem="2.16.840.1.113883.4.9"/>
                                    <name>Ibuprofen</name>
                                 </activeMoiety>
                              </activeMoiety>
                           </ingredientSubstance>
                        </ingredient>
                        <ingredient classCode="IACT">
                           <ingredientSubstance>
                              <code code="R12CBM0EIZ" codeSystem="2.16.840.1.113883.4.9"/>
                              <name>Carnauba Wax</name>
                           </ingredientSubstance>
                        </ingredient>
                        <ingredient classCode="IACT">
                           <ingredientSubstance>
                              <code code="ETJ7Z6XBU4" codeSystem="2.16.840.1.113883.4.9"/>
                              <name>Silicon Dioxide</name>
                           </ingredientSubstance>
                        </ingredient>
                        <ingredient classCode="IACT">
                           <ingredientSubstance>
                              <code code="O8232NY3SJ" codeSystem="2.16.840.1.113883.4.9"/>
                              <name>Starch, Corn</name>
                           </ingredientSubstance>
                        </ingredient>
                        <ingredient classCode="IACT">
                           <ingredientSubstance>
                              <code code="3NXW29V3WO" codeSystem="2.16.840.1.113883.4.9"/>
                              <name>HYPROMELLOSE, UNSPECIFIED</name>
                           </ingredientSubstance>
                        </ingredient>
                        <ingredient classCode="IACT">
                           <ingredientSubstance>
                              <code code="1K09F3G675" codeSystem="2.16.840.1.113883.4.9"/>
                              <name>Ferric Oxide Red</name>
                           </ingredientSubstance>
                        </ingredient>
                        <ingredient classCode="IACT">
                           <ingredientSubstance>
                              <code code="3SY5LH9PMK" codeSystem="2.16.840.1.113883.4.9"/>
                              <name>ANHYDROUS LACTOSE</name>
                           </ingredientSubstance>
                        </ingredient>
                        <ingredient classCode="IACT">
                           <ingredientSubstance>
                              <code code="70097M6I30" codeSystem="2.16.840.1.113883.4.9"/>
                              <name>Magnesium Stearate</name>
                           </ingredientSubstance>
                        </ingredient>
                        <ingredient classCode="IACT">
                           <ingredientSubstance>
                              <code code="OP1R32D61U" codeSystem="2.16.840.1.113883.4.9"/>
                              <name>MICROCRYSTALLINE CELLULOSE</name>
                           </ingredientSubstance>
                        </ingredient>
                        <ingredient classCode="IACT">
                           <ingredientSubstance>
                              <code code="VH2XOU12IE" codeSystem="2.16.840.1.113883.4.9"/>
                              <name>Polydextrose</name>
                           </ingredientSubstance>
                        </ingredient>
                        <ingredient classCode="IACT">
                           <ingredientSubstance>
                              <code code="3WJQ0SDW1A" codeSystem="2.16.840.1.113883.4.9"/>
                              <name>POLYETHYLENE GLYCOL, UNSPECIFIED</name>
                           </ingredientSubstance>
                        </ingredient>
                        <ingredient classCode="IACT">
                           <ingredientSubstance>
                              <code code="5856J3G2A2" codeSystem="2.16.840.1.113883.4.9"/>
                              <name>Sodium Starch Glycolate Type A Potato</name>
                           </ingredientSubstance>
                        </ingredient>
                        <ingredient classCode="IACT">
                           <ingredientSubstance>
                              <code code="4ELV7Z65AP" codeSystem="2.16.840.1.113883.4.9"/>
                              <name>Stearic Acid</name>
                           </ingredientSubstance>
                        </ingredient>
                        <ingredient classCode="IACT">
                           <ingredientSubstance>
                              <code code="15FIX9V2JP" codeSystem="2.16.840.1.113883.4.9"/>
                              <name>Titanium Dioxide</name>
                           </ingredientSubstance>
                        </ingredient>
                        <asContent>
                           <quantity>
                              <numerator value="2" unit="1"/>
                              <denominator value="1"/>
                           </quantity>
                           <containerPackagedProduct>
                              <code/>
                              <formCode code="C43200" codeSystem="2.16.840.1.113883.3.26.1.1" displayName="POUCH"/>
                              <asContent>
                                 <quantity>
                                    <numerator value="3" unit="1"/>
                                    <denominator value="1"/>
                                 </quantity>
                                 <containerPackagedProduct>
                                    <code code="66715-9739-3" codeSystem="2.16.840.1.113883.6.69"/>
                                    <formCode code="C43182" codeSystem="2.16.840.1.113883.3.26.1.1" displayName="CARTON"/>
                                 </containerPackagedProduct>
                                 <subjectOf>
                                    <marketingAct>
                                       <code code="C53292" codeSystem="2.16.840.1.113883.3.26.1.1"/>
                                       <statusCode code="completed"/>
                                       <effectiveTime>
                                          <low value="20110127"/>
                                          <high value="20210511"/>
                                       </effectiveTime>
                                    </marketingAct>
                                 </subjectOf>
                              </asContent>
                           </containerPackagedProduct>
                           <subjectOf>
                              <characteristic>
                                 <code code="SPLCMBPRDTP" codeSystem="2.16.840.1.113883.1.11.19255"/>
                                 <value code="C112160" codeSystem="2.16.840.1.113883.3.26.1.1" displayName="Type 0: Not a Combination Product" xsi:type="CV"/>
                              </characteristic>
                           </subjectOf>
                        </asContent>
                        <asContent>
                           <quantity>
                              <numerator value="2" unit="1"/>
                              <denominator value="1"/>
                           </quantity>
                           <containerPackagedProduct>
                              <code/>
                              <formCode code="C43200" codeSystem="2.16.840.1.113883.3.26.1.1" displayName="POUCH"/>
                              <asContent>
                                 <quantity>
                                    <numerator value="10" unit="1"/>
                                    <denominator value="1"/>
                                 </quantity>
                                 <containerPackagedProduct>
                                    <code code="66715-9739-8" codeSystem="2.16.840.1.113883.6.69"/>
                                    <formCode code="C43182" codeSystem="2.16.840.1.113883.3.26.1.1" displayName="CARTON"/>
                                 </containerPackagedProduct>
                                 <subjectOf>
                                    <marketingAct>
                                       <code code="C53292" codeSystem="2.16.840.1.113883.3.26.1.1"/>
                                       <statusCode code="completed"/>
                                       <effectiveTime>
                                          <low value="20110127"/>
                                          <high value="20180717"/>
                                       </effectiveTime>
                                    </marketingAct>
                                 </subjectOf>
                              </asContent>
                           </containerPackagedProduct>
                           <subjectOf>
                              <characteristic>
                                 <code code="SPLCMBPRDTP" codeSystem="2.16.840.1.113883.1.11.19255"/>
                                 <value code="C112160" codeSystem="2.16.840.1.113883.3.26.1.1" displayName="Type 0: Not a Combination Product" xsi:type="CV"/>
                              </characteristic>
                           </subjectOf>
                        </asContent>
                        <asContent>
                           <quantity>
                              <numerator value="2" unit="1"/>
                              <denominator value="1"/>
                           </quantity>
                           <containerPackagedProduct>
                              <code/>
                              <formCode code="C43200" codeSystem="2.16.840.1.113883.3.26.1.1" displayName="POUCH"/>
                              <asContent>
                                 <quantity>
                                    <numerator value="30" unit="1"/>
                                    <denominator value="1"/>
                                 </quantity>
                                 <containerPackagedProduct>
                                    <code code="66715-9739-9" codeSystem="2.16.840.1.113883.6.69"/>
                                    <formCode code="C43182" codeSystem="2.16.840.1.113883.3.26.1.1" displayName="CARTON"/>
                                 </containerPackagedProduct>
                                 <subjectOf>
                                    <marketingAct>
                                       <code code="C53292" codeSystem="2.16.840.1.113883.3.26.1.1"/>
                                       <statusCode code="completed"/>
                                       <effectiveTime>
                                          <low value="20110127"/>
                                          <high value="20180717"/>
                                       </effectiveTime>
                                    </marketingAct>
                                 </subjectOf>
                              </asContent>
                           </containerPackagedProduct>
                           <subjectOf>
                              <characteristic>
                                 <code code="SPLCMBPRDTP" codeSystem="2.16.840.1.113883.1.11.19255"/>
                                 <value code="C112160" codeSystem="2.16.840.1.113883.3.26.1.1" displayName="Type 0: Not a Combination Product" xsi:type="CV"/>
                              </characteristic>
                           </subjectOf>
                        </asContent>
                        <asContent>
                           <quantity>
                              <numerator value="12" unit="1"/>
                              <denominator value="1"/>
                           </quantity>
                           <containerPackagedProduct>
                              <code code="66715-9739-4" codeSystem="2.16.840.1.113883.6.69"/>
                              <formCode code="C43226" codeSystem="2.16.840.1.113883.3.26.1.1" displayName="VIAL"/>
                           </containerPackagedProduct>
                           <subjectOf>
                              <marketingAct>
                                 <code code="C53292" codeSystem="2.16.840.1.113883.3.26.1.1"/>
                                 <statusCode code="active"/>
                                 <effectiveTime>
                                    <low value="20190523"/>
                                 </effectiveTime>
                              </marketingAct>
                           </subjectOf>
                           <subjectOf>
                              <characteristic>
                                 <code code="SPLCMBPRDTP" codeSystem="2.16.840.1.113883.1.11.19255"/>
                                 <value code="C112160" codeSystem="2.16.840.1.113883.3.26.1.1" displayName="Type 0: Not a Combination Product" xsi:type="CV"/>
                              </characteristic>
                           </subjectOf>
                        </asContent>
                     </manufacturedProduct>
                     <subjectOf>
                        <approval>
                           <id extension="ANDA075010" root="2.16.840.1.113883.3.150"/>
                           <code code="C73584" codeSystem="2.16.840.1.113883.3.26.1.1" displayName="ANDA"/>
                           <author>
                              <territorialAuthority>
                                 <territory>
                                    <code code="USA" codeSystem="2.16.840.1.113883.5.28"/>
                                 </territory>
                              </territorialAuthority>
                           </author>
                        </approval>
                     </subjectOf>
                     <subjectOf>
                        <marketingAct>
                           <code code="C53292" codeSystem="2.16.840.1.113883.3.26.1.1"/>
                           <statusCode code="active"/>
                           <effectiveTime>
                              <low value="20110127"/>
                           </effectiveTime>
                        </marketingAct>
                     </subjectOf>
                     <subjectOf>
                        <characteristic classCode="OBS">
                           <code code="SPLCOLOR" codeSystem="2.16.840.1.113883.1.11.19255"/>
                           <value code="C48325" codeSystem="2.16.840.1.113883.3.26.1.1" displayName="WHITE" xsi:type="CE">
                              <originalText/>
                           </value>
                        </characteristic>
                     </subjectOf>
                     <subjectOf>
                        <characteristic classCode="OBS">
                           <code code="SPLSCORE" codeSystem="2.16.840.1.113883.1.11.19255"/>
                           <value value="1" xsi:type="INT"/>
                        </characteristic>
                     </subjectOf>
                     <subjectOf>
                        <characteristic classCode="OBS">
                           <code code="SPLSHAPE" codeSystem="2.16.840.1.113883.1.11.19255"/>
                           <value code="C48348" codeSystem="2.16.840.1.113883.3.26.1.1" displayName="ROUND" xsi:type="CE">
                              <originalText/>
                           </value>
                        </characteristic>
                     </subjectOf>
                     <subjectOf>
                        <characteristic classCode="OBS">
                           <code code="SPLSIZE" codeSystem="2.16.840.1.113883.1.11.19255"/>
                           <value unit="mm" value="10" xsi:type="PQ"/>
                        </characteristic>
                     </subjectOf>
                     <subjectOf>
                        <characteristic classCode="OBS">
                           <code code="SPLIMPRINT" codeSystem="2.16.840.1.113883.1.11.19255"/>
                           <value xsi:type="ST">44;352</value>
                        </characteristic>
                     </subjectOf>
                     <consumedIn>
                        <substanceAdministration>
                           <routeCode code="C38288" codeSystem="2.16.840.1.113883.3.26.1.1" displayName="ORAL"/>
                        </substanceAdministration>
                     </consumedIn>
                  </manufacturedProduct>
               </subject>
            </section>
         </component>
         <component>
            <section>
               <id root="f100c5b5-3c52-4c6d-b660-841907e59aa5"/>
               <code code="42229-5" codeSystem="2.16.840.1.113883.6.1" displayName="SPL UNCLASSIFIED SECTION"/>
               <text>
                  <paragraph>
                     <content styleCode="bold italics">Drug Facts</content>
                  </paragraph>
               </text>
               <effectiveTime value="20191204"/>
            </section>
         </component>
         <component>
            <section>
               <id root="844ab26b-ac12-4a6f-afe0-34fe776ed122"/>
               <code code="55106-9" codeSystem="2.16.840.1.113883.6.1" displayName="OTC - ACTIVE INGREDIENT SECTION"/>
               <title>Active ingredient (in each tablet)</title>
               <text>
                  <paragraph>Ibuprofen 200 mg (NSAID<footnote>nonsteroidal anti-inflammatory drug</footnote>)</paragraph>
               </text>
               <effectiveTime value="20191204"/>
            </section>
         </component>
         <component>
            <section>
               <id root="4019ab48-aca2-421a-b423-a4bc10f306c0"/>
               <code code="55105-1" codeSystem="2.16.840.1.113883.6.1" displayName="OTC - PURPOSE SECTION"/>
               <title>Purpose</title>
               <text>
                  <paragraph>Pain reliever/Fever reducer</paragraph>
               </text>
               <effectiveTime value="20191204"/>
            </section>
         </component>
         <component>
            <section>
               <id root="7ae1b79a-304c-48c1-9deb-4583e4a29f51"/>
               <code code="34067-9" codeSystem="2.16.840.1.113883.6.1" displayName="INDICATIONS &amp; USAGE SECTION"/>
               <title>Uses</title>
               <text>
                  <list styleCode="disc" listType="unordered">
                     <item>temporarily relieves minor aches and pains due to:<list styleCode="disc" listType="unordered">
                           <item>headache</item>
                           <item>toothache</item>
                           <item>backache</item>
                           <item>menstrual cramps</item>
                           <item>the common cold</item>
                           <item>muscular aches</item>
                           <item>minor pain of arthritis</item>
                        </list>
                     </item>
                     <item>temporarily reduces fever</item>
                  </list>
               </text>
               <effectiveTime value="20191204"/>
            </section>
         </component>
         <component>
            <section>
               <id root="418fdee5-3726-43e1-9139-8c90ccaccb5e"/>
               <code code="34071-1" codeSystem="2.16.840.1.113883.6.1" displayName="WARNINGS SECTION"/>
               <title>Warnings</title>
               <effectiveTime value="20191204"/>
               <component>
                  <section>
                     <id root="8c31effd-afb6-4da5-a7fe-c23e4bfb900e"/>
                     <code code="42229-5" codeSystem="2.16.840.1.113883.6.1" displayName="SPL UNCLASSIFIED SECTION"/>
                     <title>Allergy alert</title>
                     <text>
                        <paragraph>Ibuprofen may cause a severe allergic reaction, especially in people allergic to aspirin.</paragraph>
                        <paragraph>Symptoms may include:</paragraph>
                        <list styleCode="disc" listType="unordered">
                           <item>hives</item>
                           <item>facial swelling</item>
                           <item>asthma (wheezing)</item>
                           <item>shock</item>
                           <item>skin reddening</item>
                           <item>rash</item>
                           <item>blisters</item>
                        </list>
                        <paragraph>If an allergic reaction occurs, stop use and seek medical help right away.</paragraph>
                     </text>
                     <effectiveTime value="20191204"/>
                  </section>
               </component>
               <component>
                  <section>
                     <id root="dfb071b3-dd4f-42c1-830f-7984d21b4d59"/>
                     <code code="42229-5" codeSystem="2.16.840.1.113883.6.1" displayName="SPL UNCLASSIFIED SECTION"/>
                     <title>Stomach bleeding warning</title>
                     <text>
                        <paragraph>This product contains an NSAID, which may cause severe stomach bleeding.</paragraph>
                        <paragraph>The chance is higher if you:</paragraph>
                        <list styleCode="disc" listType="unordered">
                           <item>are age 60 or older</item>
                           <item>have had stomach ulcers or bleeding problems</item>
                           <item>take a blood thinning (anticoagulant) or steroid drug</item>
                           <item>take other drugs containing prescription or nonprescription NSAIDs (aspirin, ibuprofen, naproxen, or others)</item>
                           <item>have 3 or more alcoholic drinks every day while using this product</item>
                           <item>take more or for a longer time than directed</item>
                        </list>
                     </text>
                     <effectiveTime value="20191204"/>
                  </section>
               </component>
               <component>
                  <section>
                     <id root="408ce194-f0b5-442d-b5fc-f60923ffcf7c"/>
                     <code code="42229-5" codeSystem="2.16.840.1.113883.6.1" displayName="SPL UNCLASSIFIED SECTION"/>
                     <title>Heart attack and stroke warning</title>
                     <text>
                        <paragraph>NSAIDs, except aspirin, increase the risk of heart attack, heart failure, and stroke. These can be fatal. The risk is higher if you use more than directed or for longer than directed.</paragraph>
                     </text>
                     <effectiveTime value="20191204"/>
                  </section>
               </component>
               <component>
                  <section>
                     <id root="d9de8edc-28c9-4f53-bed0-f2aeb777a304"/>
                     <code code="50570-1" codeSystem="2.16.840.1.113883.6.1" displayName="OTC - DO NOT USE SECTION"/>
                     <title>Do not use</title>
                     <text>
                        <list styleCode="disc" listType="unordered">
                           <item>if you have ever had an allergic reaction to any other pain reliever/fever reducer</item>
                           <item>right before or after heart surgery</item>
                        </list>
                     </text>
                     <effectiveTime value="20191204"/>
                  </section>
               </component>
               <component>
                  <section>
                     <id root="2b80dcdb-6c0e-4908-a2b0-4d6e3231e327"/>
                     <code code="50569-3" codeSystem="2.16.840.1.113883.6.1" displayName="OTC - ASK DOCTOR SECTION"/>
                     <title>Ask a doctor before use if</title>
                     <text>
                        <list styleCode="disc" listType="unordered">
                           <item>the stomach bleeding warning applies to you</item>
                           <item>you have problems or serious side effects from taking pain relievers or fever reducers</item>
                           <item>you have a history of stomach problems, such as heartburn</item>
                           <item>you have high blood pressure, heart disease, liver cirrhosis, kidney disease, asthma or had a stroke</item>
                           <item>you are taking a diuretic</item>
                        </list>
                     </text>
                     <effectiveTime value="20191204"/>
                  </section>
               </component>
               <component>
                  <section>
                     <id root="19c42253-ae3b-48b9-8ac4-dd174f7cfd8f"/>
                     <code code="50568-5" codeSystem="2.16.840.1.113883.6.1" displayName="OTC - ASK DOCTOR/PHARMACIST SECTION"/>
                     <title>Ask a doctor or pharmacist before use if you are</title>
                     <text>
                        <list styleCode="disc" listType="unordered">
                           <item>under a doctor's care for any serious condition</item>
                           <item>taking aspirin for heart attack or stroke, because ibuprofen may decrease this benefit of aspirin</item>
                           <item>taking any other drug</item>
                        </list>
                     </text>
                     <effectiveTime value="20191204"/>
                  </section>
               </component>
               <component>
                  <section>
                     <id root="04a616bf-b291-4b8a-b45b-29bee6816e18"/>
                     <code code="50567-7" codeSystem="2.16.840.1.113883.6.1" displayName="OTC - WHEN USING SECTION"/>
                     <title>When using this product</title>
                     <text>
                        <list styleCode="disc" listType="unordered">
                           <item>take with food or milk if stomach upset occurs</item>
                        </list>
                     </text>
                     <effectiveTime value="20191204"/>
                  </section>
               </component>
               <component>
                  <section>
                     <id root="28d2333d-80d4-4231-b900-fca5fed4ad41"/>
                     <code code="50566-9" codeSystem="2.16.840.1.113883.6.1" displayName="OTC - STOP USE SECTION"/>
                     <title>Stop use and ask a doctor if</title>
                     <text>
                        <list styleCode="disc" listType="unordered">
                           <item>you experience any of the following signs of stomach bleeding:<list styleCode="disc" listType="unordered">
                                 <item>feel faint</item>
                                 <item>vomit blood</item>
                                 <item>have bloody or black stools</item>
                                 <item>have stomach pain that does not get better.</item>
                              </list>
                           </item>
                           <item>you have symptoms of heart problems or stroke:<list styleCode="disc" listType="unordered">
                                 <item>chest pain</item>
                                 <item>trouble breathing</item>
                                 <item>weakness in one part or side of body</item>
                                 <item>slurred speech</item>
                                 <item>leg swelling</item>
                              </list>
                           </item>
                           <item>pain gets worse or lasts more than 10 days</item>
                           <item>fever gets worse or lasts more than 3 days</item>
                           <item>redness or swelling is present in the painful area</item>
                           <item>any new symptoms appear</item>
                        </list>
                     </text>
                     <effectiveTime value="20191204"/>
                  </section>
               </component>
               <component>
                  <section>
                     <id root="f6381d80-312a-4c40-b50f-fd8564132718"/>
                     <code code="53414-9" codeSystem="2.16.840.1.113883.6.1" displayName="OTC - PREGNANCY OR BREAST FEEDING SECTION"/>
                     <text>
                        <paragraph>
                           <content styleCode="bold">If pregnant or breast-feeding,</content> ask a health professional before use. It is especially important not to use ibuprofen during the last 3 months of pregnancy unless definitely directed to do so by a doctor because it may cause problems in the unborn child or complications during delivery.</paragraph>
                     </text>
                     <effectiveTime value="20191204"/>
                  </section>
               </component>
               <component>
                  <section>
                     <id root="0bc59fa0-4957-4d0d-a09c-b5dc96c37239"/>
                     <code code="50565-1" codeSystem="2.16.840.1.113883.6.1" displayName="OTC - KEEP OUT OF REACH OF CHILDREN SECTION"/>
                     <text>
                        <paragraph>
                           <content styleCode="bold">Keep out of reach of children.</content> In case of overdose, get medical help or contact a Poison Control Center right away (1-800-222-1222).</paragraph>
                     </text>
                     <effectiveTime value="20191204"/>
                  </section>
               </component>
            </section>
         </component>
         <component>
            <section>
               <id root="b3303245-5816-4038-94ed-a32dd68cf098"/>
               <code code="34068-7" codeSystem="2.16.840.1.113883.6.1" displayName="DOSAGE &amp; ADMINISTRATION SECTION"/>
               <title>Directions</title>
               <text>
                  <list styleCode="disc" listType="unordered">
                     <item>
                        <content styleCode="bold">do not take more than directed</content>
                     </item>
                     <item>
                        <content styleCode="bold">the smallest effective dose should be used</content>
                     </item>
                     <item>adults and children 12 years and older:<list listType="unordered" styleCode="disc">
                           <item>take 1 tablet every 4 to 6 hours while symptoms persist</item>
                           <item>if pain or fever does not respond to 1 tablet, 2 tablets may be used</item>
                           <item>do not exceed 6 tablets in 24 hours, unless directed by a doctor</item>
                        </list>
                     </item>
                     <item>children under 12 years: ask a doctor</item>
                  </list>
               </text>
               <effectiveTime value="20191204"/>
            </section>
         </component>
         <component>
            <section>
               <id root="3b6b33f4-192d-49d7-81af-f9b497fc6b00"/>
               <code code="44425-7" codeSystem="2.16.840.1.113883.6.1" displayName="STORAGE AND HANDLING SECTION"/>
               <title>Other information</title>
               <text>
                  <list styleCode="disc" listType="unordered">
                     <item>store between 20-25°C (68-77°F). Avoid excessive heat above 40°C (104°F).</item>
                  </list>
               </text>
               <effectiveTime value="20191204"/>
            </section>
         </component>
         <component>
            <section>
               <id root="ea4c5f48-609b-4eba-9d0e-8d0a76eab36c"/>
               <code code="51727-6" codeSystem="2.16.840.1.113883.6.1" displayName="INACTIVE INGREDIENT SECTION"/>
               <title>Inactive ingredients</title>
               <text>
                  <paragraph>carnauba wax, colloidal silicon dioxide, corn starch, hypromellose, lactose anhydrous, magnesium stearate, microcrystalline cellulose, polydextrose, polyethylene glycol, red iron oxide, sodium starch glycolate, stearic acid, titanium dioxide</paragraph>
               </text>
               <effectiveTime value="20191204"/>
            </section>
         </component>
         <component>
            <section>
               <id root="126b55fd-31d3-47b8-98fe-8795d17b6ff9"/>
               <code code="53413-1" codeSystem="2.16.840.1.113883.6.1" displayName="OTC - QUESTIONS SECTION"/>
               <title>Questions or comments?</title>
               <text>
                  <paragraph>call toll-free <content styleCode="bold">1-877-507-6516 (M-F 8AM-4:30PM CST)</content>
                  </paragraph>
               </text>
               <effectiveTime value="20191204"/>
            </section>
         </component>
         <component>
            <section>
               <id root="2cd7979d-8b88-4c10-b727-c54314d5ac6a"/>
               <code code="51945-4" codeSystem="2.16.840.1.113883.6.1" displayName="PACKAGE LABEL.PRINCIPAL DISPLAY PANEL"/>
               <title>PRINCIPAL DISPLAY PANEL - 200 mg Tablet Vial Label</title>
               <text>
                  <paragraph>QUALITY GUARANTEED</paragraph>
                  <paragraph>Compare to the Active <br/>Ingredient in Advil®**</paragraph>
                  <paragraph>Ibuprofen</paragraph>
                  <paragraph>Pain Reliever/Fever Reducer<br/> (NSAID), 200 mg</paragraph>
                  <paragraph>12<br/> Tablets</paragraph>
                  <paragraph>Lil'<br/> Drug Store<sup>®</sup>
                  </paragraph>
                  <paragraph>OPEN HERE FOR DRUG FACTS INFORMATION</paragraph>
                  <renderMultiMedia referencedObject="MM1"/>
               </text>
               <effectiveTime value="20191204"/>
               <component>
                  <observationMedia ID="MM1">
                     <text>PRINCIPAL DISPLAY PANEL - 200 mg Tablet Vial Label</text>
                     <value xsi:type="ED" mediaType="image/jpeg">
                        <reference value="ibuprofen-01.jpg"/>
                     </value>
                  </observationMedia>
               </component>
            </section>
         </component>
      </structuredBody>
   </component>
</document>