<?xml version="1.0" encoding="UTF-8"?><?xml-stylesheet href="http://www.accessdata.fda.gov/spl/stylesheet/spl.xsl" type="text/xsl"?>
<document xmlns="urn:hl7-org:v3" xmlns:xsi="http://www.w3.org/2001/XMLSchema-instance" xsi:schemaLocation="urn:hl7-org:v3 http://www.accessdata.fda.gov/spl/schema/spl.xsd">
   <id root="3cd552af-c6eb-4df0-8bdb-2e8ebe7182eb"/>
   <code code="34390-5" codeSystem="2.16.840.1.113883.6.1" displayName="HUMAN OTC DRUG LABEL"/>
   <title>Meijer Distribution, Inc. Infants’ Ibuprofen Drug Facts</title>
   <effectiveTime value="20190129"/>
   <setId root="e28e64dc-5f4e-4260-953a-3de38a5eaa76"/>
   <versionNumber value="5"/>
   <author>
      <time/>
      <assignedEntity>
         <representedOrganization>
            <id extension="006959555" root="1.3.6.1.4.1.519.1"/>
            <name>Meijer Distribution Inc</name>
         </representedOrganization>
      </assignedEntity>
   </author>
   <component>
      <structuredBody>
         <component>
            <section>
               <id root="05ad7fe1-b641-4801-af62-c792a564e752"/>
               <code code="48780-1" codeSystem="2.16.840.1.113883.6.1" displayName="SPL product data elements section"/>
               <effectiveTime value="20171116"/>
               <subject>
                  <manufacturedProduct>
                     <manufacturedProduct>
                        <code code="41250-255" codeSystem="2.16.840.1.113883.6.69"/>
                        <name>ibuprofen</name>
                        <formCode code="C60995" codeSystem="2.16.840.1.113883.3.26.1.1" displayName="SUSPENSION/ DROPS"/>
                        <asEntityWithGeneric>
                           <genericMedicine>
                              <name>Ibuprofen</name>
                           </genericMedicine>
                        </asEntityWithGeneric>
                        <ingredient classCode="ACTIB">
                           <quantity>
                              <numerator unit="mg" value="50"/>
                              <denominator unit="mL" value="1.25"/>
                           </quantity>
                           <ingredientSubstance>
                              <code code="WK2XYI10QM" codeSystem="2.16.840.1.113883.4.9"/>
                              <name>IBUPROFEN</name>
                              <activeMoiety>
                                 <activeMoiety>
                                    <code code="WK2XYI10QM" codeSystem="2.16.840.1.113883.4.9"/>
                                    <name>IBUPROFEN</name>
                                 </activeMoiety>
                              </activeMoiety>
                           </ingredientSubstance>
                        </ingredient>
                        <ingredient classCode="IACT">
                           <ingredientSubstance>
                              <code code="XF417D3PSL" codeSystem="2.16.840.1.113883.4.9"/>
                              <name>ANHYDROUS CITRIC ACID</name>
                           </ingredientSubstance>
                        </ingredient>
                        <ingredient classCode="IACT">
                           <ingredientSubstance>
                              <code code="PDC6A3C0OX" codeSystem="2.16.840.1.113883.4.9"/>
                              <name>GLYCERIN</name>
                           </ingredientSubstance>
                        </ingredient>
                        <ingredient classCode="IACT">
                           <ingredientSubstance>
                              <code code="3NXW29V3WO" codeSystem="2.16.840.1.113883.4.9"/>
                              <name>HYPROMELLOSES</name>
                           </ingredientSubstance>
                        </ingredient>
                        <ingredient classCode="IACT">
                           <ingredientSubstance>
                              <code code="6OZP39ZG8H" codeSystem="2.16.840.1.113883.4.9"/>
                              <name>POLYSORBATE 80</name>
                           </ingredientSubstance>
                        </ingredient>
                        <ingredient classCode="IACT">
                           <ingredientSubstance>
                              <code code="059QF0KO0R" codeSystem="2.16.840.1.113883.4.9"/>
                              <name>WATER</name>
                           </ingredientSubstance>
                        </ingredient>
                        <ingredient classCode="IACT">
                           <ingredientSubstance>
                              <code code="OJ245FE5EU" codeSystem="2.16.840.1.113883.4.9"/>
                              <name>SODIUM BENZOATE</name>
                           </ingredientSubstance>
                        </ingredient>
                        <ingredient classCode="IACT">
                           <ingredientSubstance>
                              <code code="506T60A25R" codeSystem="2.16.840.1.113883.4.9"/>
                              <name>SORBITOL</name>
                           </ingredientSubstance>
                        </ingredient>
                        <ingredient classCode="IACT">
                           <ingredientSubstance>
                              <code code="C151H8M554" codeSystem="2.16.840.1.113883.4.9"/>
                              <name>SUCROSE</name>
                           </ingredientSubstance>
                        </ingredient>
                        <ingredient classCode="IACT">
                           <ingredientSubstance>
                              <code code="TTV12P4NEE" codeSystem="2.16.840.1.113883.4.9"/>
                              <name>XANTHAN GUM</name>
                           </ingredientSubstance>
                        </ingredient>
                        <asContent>
                           <quantity>
                              <numerator unit="mL" value="30"/>
                              <denominator value="1"/>
                           </quantity>
                           <containerPackagedProduct>
                              <code/>
                              <formCode code="C43169" codeSystem="2.16.840.1.113883.3.26.1.1" displayName="BOTTLE"/>
                              <asContent>
                                 <quantity>
                                    <numerator unit="1" value="1"/>
                                    <denominator value="1"/>
                                 </quantity>
                                 <containerPackagedProduct>
                                    <code code="41250-255-10" codeSystem="2.16.840.1.113883.6.69"/>
                                    <formCode code="C43182" codeSystem="2.16.840.1.113883.3.26.1.1" displayName="CARTON"/>
                                 </containerPackagedProduct>
                                 <subjectOf>
                                    <marketingAct>
                                       <code code="C53292" codeSystem="2.16.840.1.113883.3.26.1.1"/>
                                       <statusCode code="active"/>
                                       <effectiveTime>
                                          <low value="20040418"/>
                                       </effectiveTime>
                                    </marketingAct>
                                 </subjectOf>
                              </asContent>
                           </containerPackagedProduct>
                           <subjectOf>
                              <characteristic classCode="OBS">
                                 <code code="SPLCMBPRDTP" codeSystem="2.16.840.1.113883.1.11.19255"/>
                                 <value code="C112160" codeSystem="2.16.840.1.113883.3.26.1.1" displayName="Type 0: Not a Combination Product" xsi:type="CE"/>
                              </characteristic>
                           </subjectOf>
                        </asContent>
                     </manufacturedProduct>
                     <subjectOf>
                        <approval>
                           <id extension="ANDA075217" root="2.16.840.1.113883.3.150"/>
                           <code code="C73584" codeSystem="2.16.840.1.113883.3.26.1.1" displayName="ANDA"/>
                           <author>
                              <territorialAuthority>
                                 <territory>
                                    <code code="USA" codeSystem="2.16.840.1.113883.5.28"/>
                                 </territory>
                              </territorialAuthority>
                           </author>
                        </approval>
                     </subjectOf>
                     <subjectOf>
                        <marketingAct>
                           <code code="C53292" codeSystem="2.16.840.1.113883.3.26.1.1"/>
                           <statusCode code="active"/>
                           <effectiveTime>
                              <low value="20040418"/>
                           </effectiveTime>
                        </marketingAct>
                     </subjectOf>
                     <subjectOf>
                        <characteristic classCode="OBS">
                           <code code="SPLCOLOR" codeSystem="2.16.840.1.113883.1.11.19255"/>
                           <value code="C48325" codeSystem="2.16.840.1.113883.3.26.1.1" displayName="WHITE" xsi:type="CE">
                              <originalText>Opaque</originalText>
                           </value>
                        </characteristic>
                     </subjectOf>
                     <subjectOf>
                        <characteristic classCode="OBS">
                           <code code="SPLFLAVOR" codeSystem="2.16.840.1.113883.1.11.19255"/>
                           <value code="C73365" codeSystem="2.16.840.1.113883.3.26.1.1" displayName="BERRY" xsi:type="CE">
                              <originalText>mixed</originalText>
                           </value>
                        </characteristic>
                     </subjectOf>
                     <consumedIn>
                        <substanceAdministration>
                           <routeCode code="C38288" codeSystem="2.16.840.1.113883.3.26.1.1" displayName="ORAL"/>
                        </substanceAdministration>
                     </consumedIn>
                  </manufacturedProduct>
               </subject>
            </section>
         </component>
         <component>
            <section ID="i4i_OTC_Active_Ingredient_id_82a49c9b-fc18-4eb4-88f5-6c48e1aa5920">
               <id root="5ab2ae95-b208-416d-b353-237da7286aeb"/>
               <code code="55106-9" codeSystem="2.16.840.1.113883.6.1" displayName="OTC - ACTIVE INGREDIENT SECTION"/>
               <title>Active ingredient (in each 1.25 mL)</title>
               <text>
                  <paragraph>Ibuprofen 50 mg (NSAID)*</paragraph>
                  <paragraph>*nonsteroidal anti-inflammatory drug</paragraph>
               </text>
               <effectiveTime value="20140606"/>
            </section>
         </component>
         <component>
            <section ID="i4i_OTC_Purpose_id_0d72a168-5c2a-4a99-a9fa-c735445416f8">
               <id root="be68152b-e81c-442a-9a39-6d5d6a189ff7"/>
               <code code="55105-1" codeSystem="2.16.840.1.113883.6.1" displayName="OTC - PURPOSE SECTION"/>
               <title>Purposes</title>
               <text>
                  <paragraph>Pain reliever/fever reducer</paragraph>
               </text>
               <effectiveTime value="20140606"/>
            </section>
         </component>
         <component>
            <section ID="i4i_indications_id_ea522de1-70a9-4055-9e1f-17f8661f865b">
               <id root="264e7b5d-ea35-4863-8b1e-fad9bf21bccc"/>
               <code code="34067-9" codeSystem="2.16.840.1.113883.6.1" displayName="INDICATIONS &amp; USAGE SECTION"/>
               <title>Uses</title>
               <text>
                  <paragraph>temporarily:</paragraph>
                  <list listType="unordered">
                     <item>
                        <caption>•</caption>reduces fever</item>
                     <item>
                        <caption>•</caption>relieves minor aches and pains due to the common cold, flu, sore throat, headaches and toothaches</item>
                  </list>
               </text>
               <effectiveTime value="20140606"/>
            </section>
         </component>
         <component>
            <section ID="i4i_warnings_id_9592044f-aff9-44c0-8afc-e6c8c0a975c2">
               <id root="d21586d6-973a-46ee-abca-7e3f3370c550"/>
               <code code="34071-1" codeSystem="2.16.840.1.113883.6.1" displayName="WARNINGS SECTION"/>
               <title>Warnings</title>
               <text>
                  <paragraph>
                     <content styleCode="bold">Allergy alert:</content> Ibuprofen may cause a severe allergic reaction, especially in people allergic to aspirin.  Symptoms may include:  </paragraph>
                  <list listType="unordered">
                     <item>
                        <caption>•</caption>hives </item>
                     <item>
                        <caption>•</caption>facial swelling </item>
                     <item>
                        <caption>•</caption>asthma (wheezing)</item>
                     <item>
                        <caption>•</caption>shock </item>
                     <item>
                        <caption>•</caption>skin reddening</item>
                     <item>
                        <caption>•</caption>rash </item>
                     <item>
                        <caption>•</caption>blisters</item>
                  </list>
                  <paragraph>If an allergic reaction occurs, stop use and seek medical help right away.</paragraph>
                  <paragraph>
                     <content styleCode="bold">Stomach bleeding warning:</content> This product contains an NSAID, which may cause severe stomach bleeding. </paragraph>
                  <paragraph>The chance is higher if your child:</paragraph>
                  <list listType="unordered">
                     <item>
                        <caption>•</caption>has had stomach ulcers or bleeding problems</item>
                     <item>
                        <caption>•</caption>takes a blood thinning (anticoagulant) or steroid drug</item>
                     <item>
                        <caption>•</caption>takes other drugs containing prescription or nonprescription NSAIDs (aspirin, ibuprofen, naproxen, or others)</item>
                     <item>
                        <caption>•</caption>takes more or for a longer time than directed</item>
                  </list>
                  <paragraph>
                     <content styleCode="bold">Heart attack and stroke warning:</content> NSAIDs, except aspirin, increase the risk of heart attack, heart failure, and stroke. These can be fatal. The risk is higher if you use more than directed or for longer than directed.</paragraph>
                  <paragraph>
                     <content styleCode="bold">Sore throat warning:</content> Severe or persistent sore throat or sore throat accompanied by high fever, headache, nausea, and vomiting may be serious.  Consult doctor promptly.  Do not use more than 2 days or administer to children under 3 years of age unless directed by doctor.</paragraph>
               </text>
               <effectiveTime value="20190129"/>
               <component>
                  <section ID="i4i_OTC_Do_not_use_id_b49e20d7-8979-40fa-a379-3abd06688314">
                     <id root="30e2384b-8394-43b1-8dac-31a0a127a2d6"/>
                     <code code="50570-1" codeSystem="2.16.840.1.113883.6.1" displayName="OTC - DO NOT USE SECTION"/>
                     <title>Do not use</title>
                     <text>
                        <list listType="unordered">
                           <item>
                              <caption>•</caption>if the child has ever had an allergic reaction to ibuprofen or any other pain reliever/fever reducer</item>
                           <item>
                              <caption>•</caption>right before or after heart surgery</item>
                        </list>
                     </text>
                     <effectiveTime value="20171116"/>
                  </section>
               </component>
               <component>
                  <section ID="i4i_OTC_Ask_Doctor_id_976a74ca-6c34-4f91-bdb4-e3511a810b4b">
                     <id root="49b6eb02-d9c5-4b9b-92c1-40116c21d3e0"/>
                     <code code="50569-3" codeSystem="2.16.840.1.113883.6.1" displayName="OTC - ASK DOCTOR SECTION"/>
                     <title>Ask a doctor before use if</title>
                     <text>
                        <list listType="unordered">
                           <item>
                              <caption>•</caption>stomach bleeding warning applies to your child</item>
                           <item>
                              <caption>•</caption>child has a history of stomach problems, such as heartburn </item>
                           <item>
                              <caption>•</caption>child has problems or serious side effects from taking pain relievers or fever reducers</item>
                           <item>
                              <caption>•</caption>child has not been drinking fluids</item>
                           <item>
                              <caption>•</caption>child has lost a lot of fluid due to vomiting or diarrhea</item>
                           <item>
                              <caption>•</caption>child has high blood pressure, heart disease, liver cirrhosis, kidney disease, or had a stroke</item>
                           <item>
                              <caption>•</caption>child has asthma</item>
                           <item>
                              <caption>•</caption>child is taking a diuretic</item>
                        </list>
                     </text>
                     <effectiveTime value="20171116"/>
                  </section>
               </component>
               <component>
                  <section ID="i4i_OTC_Ask_Doctor_Pharmacist_id_499e46bf-a1a9-43c6-aed3-6bb91c174c75">
                     <id root="857d9569-10d5-4041-afb9-a14f91c36875"/>
                     <code code="50568-5" codeSystem="2.16.840.1.113883.6.1" displayName="OTC - ASK DOCTOR/PHARMACIST SECTION"/>
                     <title>Ask a doctor or pharmacist before use if the child is</title>
                     <text>
                        <list listType="unordered">
                           <item>
                              <caption>•</caption>under a doctor’s care for any serious condition</item>
                           <item>
                              <caption>•</caption>taking any other drug</item>
                        </list>
                     </text>
                     <effectiveTime value="20140606"/>
                  </section>
               </component>
               <component>
                  <section ID="i4i_OTC_When_Using_id_4dda419b-482b-4a03-95ce-6dabb5411abc">
                     <id root="896ca45a-e478-4708-9dae-a072e05ad902"/>
                     <code code="50567-7" codeSystem="2.16.840.1.113883.6.1" displayName="OTC - WHEN USING SECTION"/>
                     <title>When using this product</title>
                     <text>
                        <list listType="unordered">
                           <item>
                              <caption>•</caption>give with food or milk if stomach upset occurs</item>
                        </list>
                     </text>
                     <effectiveTime value="20171116"/>
                  </section>
               </component>
               <component>
                  <section ID="i4i_OTC_Stop_Use_id_6e633883-2d40-4c63-8530-5b346d832359">
                     <id root="5fa95954-840b-4ca5-b4ee-cc48a2ee247c"/>
                     <code code="50566-9" codeSystem="2.16.840.1.113883.6.1" displayName="OTC - STOP USE SECTION"/>
                     <title>Stop use and ask a doctor if</title>
                     <text>
                        <list listType="unordered">
                           <item>
                              <caption>•</caption>child experiences any of the following signs of stomach bleeding:</item>
                           <item>
                              <caption>•</caption>feels faint</item>
                           <item>
                              <caption>•</caption>vomits blood </item>
                           <item>
                              <caption>•</caption>has bloody or black stools</item>
                           <item>
                              <caption>•</caption>has stomach pain that does not get better</item>
                           <item>
                              <caption>•</caption>child has symptoms of heart problems or stroke:</item>
                           <item>
                              <caption>•</caption>chest pain</item>
                           <item>
                              <caption>•</caption>trouble breathing</item>
                           <item>
                              <caption>•</caption>weakness in one part or side of body</item>
                           <item>
                              <caption>•</caption>slurred speech</item>
                           <item>
                              <caption>•</caption>leg swelling</item>
                           <item>
                              <caption>•</caption>the child does not get any relief within first day (24 hours) of treatment</item>
                           <item>
                              <caption>•</caption>fever or pain gets worse or lasts more than 3 days</item>
                           <item>
                              <caption>•</caption>redness or swelling is present in the painful area</item>
                           <item>
                              <caption>•</caption>any new symptoms appear</item>
                        </list>
                     </text>
                     <effectiveTime value="20171116"/>
                  </section>
               </component>
               <component>
                  <section ID="i4i_OTC_Keep_Away_Children_id_884cec95-2cf1-4036-ab54-3df260755db4">
                     <id root="f6f110f9-1f1b-486c-b364-78a07e25d2cc"/>
                     <code code="50565-1" codeSystem="2.16.840.1.113883.6.1" displayName="OTC - KEEP OUT OF REACH OF CHILDREN SECTION"/>
                     <title>Keep out of reach of children.</title>
                     <text>
                        <paragraph>In case of overdose, get medical help or contact a Poison Control Center right away. (1-800-222-1222)</paragraph>
                     </text>
                     <effectiveTime value="20090603"/>
                  </section>
               </component>
            </section>
         </component>
         <component>
            <section ID="i4i_dosage_admin_id_e169e66e-b96e-4566-b420-42a5ff87363c">
               <id root="e036fdd5-cb38-4284-b5be-3dbe40f938c5"/>
               <code code="34068-7" codeSystem="2.16.840.1.113883.6.1" displayName="DOSAGE &amp; ADMINISTRATION SECTION"/>
               <title>Directions</title>
               <text>
                  <list listType="unordered">
                     <item>
                        <caption>•</caption>
                        <content styleCode="bold">this product does not contain directions or complete warnings for adult use  </content>
                     </item>
                     <item>
                        <caption>•</caption>
                        <content styleCode="bold">do not give more than directed</content>
                     </item>
                     <item>
                        <caption>•</caption>shake well before using</item>
                     <item>
                        <caption>•</caption>find right dose on chart below. If possible, use weight to dose; otherwise use age.</item>
                     <item>
                        <caption>•</caption>mL = milliliter</item>
                     <item>
                        <caption>•</caption>measure with the dosing device provided.  Do not use with any other device.</item>
                     <item>
                        <caption>•</caption>dispense liquid slowly into the child’s mouth, toward the inner cheek</item>
                     <item>
                        <caption>•</caption>if needed, repeat dose every <content styleCode="bold">6-8 hours</content>
                     </item>
                     <item>
                        <caption>•</caption>do not use more than <content styleCode="bold">4 times a day</content>
                     </item>
                     <item>
                        <caption> </caption>
                        <content styleCode="bold">Dosing Chart</content>
                     </item>
                  </list>
                  <table width="100%">
                     <col width="25%"/>
                     <col width="24%"/>
                     <col width="23%"/>
                     <tbody>
                        <tr>
                           <td align="center" styleCode="Rrule Botrule Lrule Toprule " valign="top">
                              <paragraph>
                                 <content styleCode="bold">Weight (lbs)</content>
                              </paragraph>
                           </td>
                           <td align="center" styleCode="Rrule Botrule Lrule Toprule " valign="top">
                              <paragraph>
                                 <content styleCode="bold">Age (mos)</content>
                              </paragraph>
                           </td>
                           <td align="center" styleCode="Rrule Botrule Lrule Toprule " valign="top">
                              <paragraph>
                                 <content styleCode="bold">Dose (mL)</content>
                              </paragraph>
                           </td>
                        </tr>
                        <tr>
                           <td align="center" colspan="2" styleCode="Rrule Lrule Botrule " valign="top">
                              <paragraph>under 6 mos</paragraph>
                           </td>
                           <td align="center" styleCode="Rrule Lrule Toprule Botrule " valign="top">
                              <paragraph>ask a doctor</paragraph>
                           </td>
                        </tr>
                        <tr>
                           <td align="center" styleCode="Rrule Lrule Botrule " valign="top">
                              <paragraph>12-17 lbs</paragraph>
                           </td>
                           <td align="center" styleCode="Rrule Lrule Toprule Botrule " valign="top">
                              <paragraph>6-11 mos</paragraph>
                           </td>
                           <td align="center" styleCode="Rrule Lrule Toprule Botrule " valign="top">
                              <paragraph>1.25 mL</paragraph>
                           </td>
                        </tr>
                        <tr>
                           <td align="center" styleCode="Rrule Botrule Lrule Toprule " valign="top">
                              <paragraph>18-23 lbs</paragraph>
                           </td>
                           <td align="center" styleCode="Rrule Botrule Lrule Toprule " valign="top">
                              <paragraph>12-23 mos</paragraph>
                           </td>
                           <td align="center" styleCode="Rrule Botrule Lrule Toprule " valign="top">
                              <paragraph>1.875 mL</paragraph>
                           </td>
                        </tr>
                     </tbody>
                  </table>
               </text>
               <effectiveTime value="20190129"/>
            </section>
         </component>
         <component>
            <section ID="ID_1bfc9b23-a58f-47a4-bc63-20b057f7d836">
               <id root="1af23bad-d4cf-4a3b-a14f-bef022210628"/>
               <code code="44425-7" codeSystem="2.16.840.1.113883.6.1" displayName="STORAGE AND HANDLING SECTION"/>
               <title>Other information </title>
               <text>
                  <list listType="unordered">
                     <item>
                        <caption>•</caption>store at 20-25<sup>°</sup>C (68-77<sup>°</sup>F) </item>
                     <item>
                        <caption>•</caption>do not freeze</item>
                     <item>
                        <caption>•</caption>
                        <content styleCode="bold">do not use if printed neckband is broken or missing</content>
                     </item>
                  </list>
               </text>
               <effectiveTime value="20190129"/>
            </section>
         </component>
         <component>
            <section ID="i4i_inactive_ingredients_id_b2fa74d1-2922-444c-9d7d-9cde093d5e8c">
               <id root="ff545879-ffc3-44e2-99e8-cb96419d5d81"/>
               <code code="51727-6" codeSystem="2.16.840.1.113883.6.1" displayName="INACTIVE INGREDIENT SECTION"/>
               <title>Inactive ingredients</title>
               <text>
                  <paragraph>anhydrous citric acid, glycerin, hypromellose, natural and artificial berry flavor, polysorbate 80, purified water, sodium benzoate, sorbitol solution, sucrose, xanthan gum</paragraph>
               </text>
               <effectiveTime value="20150121"/>
            </section>
         </component>
         <component>
            <section ID="i4i_OTC_Questions_id_20bc489e-c5ac-42e0-8e74-fff2c55d421e">
               <id root="21c33680-2775-4ccc-8836-95c680391933"/>
               <code code="53413-1" codeSystem="2.16.840.1.113883.6.1" displayName="OTC - QUESTIONS SECTION"/>
               <title>Questions or comments?</title>
               <text>
                  <paragraph>
                     <content styleCode="bold">1-800-719-9260</content>
                  </paragraph>
               </text>
               <effectiveTime value="20190129"/>
            </section>
         </component>
         <component>
            <section ID="i4i_Principal_display_panel_id_98162d53-da5d-4dec-b840-67a88a9a5db4">
               <id root="afea9adc-6405-4464-8f5d-c3ed1efc0ca7"/>
               <code code="51945-4" codeSystem="2.16.840.1.113883.6.1" displayName="PACKAGE LABEL.PRINCIPAL DISPLAY PANEL"/>
               <title>Principal Display Panel</title>
               <text>
                  <paragraph>Compare to Motrin<sup>®</sup> Infants’ Drops active ingredient</paragraph>
                  <paragraph>For Ages 6 to 23 Mos.</paragraph>
                  <paragraph>INFANTS’ ibuprofen</paragraph>
                  <paragraph>Oral Suspension 50 mg Per 1.25 mL</paragraph>
                  <paragraph>Pain Reliever Fever Reducer (NSAID)</paragraph>
                  <paragraph>DYE FREE</paragraph>
                  <paragraph>Lasts up to 8 HOURS</paragraph>
                  <paragraph>Berry Flavor</paragraph>
                  <paragraph>Concentrated Drops</paragraph>
                  <paragraph>No High Fructose Corn Syrup</paragraph>
                  <paragraph>Non-Staining</paragraph>
                  <paragraph>Use only with enclosed syringe.</paragraph>
                  <paragraph>1 FL OZ (30 mL)</paragraph>
                  <renderMultiMedia ID="id368344845" referencedObject="ID_5c48bdb0-5e56-4e7c-b9fa-8d5e3f66fa69"/>
               </text>
               <effectiveTime value="20190129"/>
               <component>
                  <observationMedia ID="ID_5c48bdb0-5e56-4e7c-b9fa-8d5e3f66fa69">
                     <text>infants ibuprofen image</text>
                     <value mediaType="image/jpeg" xsi:type="ED">
                        <reference value="255 6E infants ibuprofen image.jpg"/>
                     </value>
                  </observationMedia>
               </component>
            </section>
         </component>
      </structuredBody>
   </component>
</document>