<?xml version="1.0" encoding="UTF-8"?><?xml-stylesheet href="https://www.accessdata.fda.gov/spl/stylesheet/spl.xsl" type="text/xsl"?>
<document xmlns="urn:hl7-org:v3" xmlns:xsi="http://www.w3.org/2001/XMLSchema-instance" xsi:schemaLocation="urn:hl7-org:v3 https://www.accessdata.fda.gov/spl/schema/spl.xsd">
   <id root="3df8a7c2-c676-429b-bd85-e0374c61d5fb"/>
   <code code="34390-5" codeSystem="2.16.840.1.113883.6.1" displayName="HUMAN OTC DRUG LABEL"/>
   <title>ShopRite Migraine Formula Drug Facts</title>
   <effectiveTime value="20191206"/>
   <setId root="d572f7cb-5383-4484-ac4f-a8bd7f21d49a"/>
   <versionNumber value="4"/>
   <author>
      <time/>
      <assignedEntity>
         <representedOrganization>
            <id extension="069722418" root="1.3.6.1.4.1.519.1"/>
            <name>Wakefern Food Corporation</name>
         </representedOrganization>
      </assignedEntity>
   </author>
   <component>
      <structuredBody>
         <component>
            <section>
               <id root="f046439e-aaf8-463f-98d7-e445df3537e6"/>
               <code code="48780-1" codeSystem="2.16.840.1.113883.6.1" displayName="SPL product data elements section"/>
               <effectiveTime value="20191206"/>
               <subject>
                  <manufacturedProduct>
                     <manufacturedProduct>
                        <code code="41190-374" codeSystem="2.16.840.1.113883.6.69"/>
                        <name>ShopRite Migraine Formula</name>
                        <formCode code="C42931" codeSystem="2.16.840.1.113883.3.26.1.1" displayName="TABLET, FILM COATED"/>
                        <asEntityWithGeneric>
                           <genericMedicine>
                              <name>Acetaminophen, Aspirin, Caffeine</name>
                           </genericMedicine>
                        </asEntityWithGeneric>
                        <ingredient classCode="ACTIB">
                           <quantity>
                              <numerator unit="mg" value="250"/>
                              <denominator unit="1" value="1"/>
                           </quantity>
                           <ingredientSubstance>
                              <code code="362O9ITL9D" codeSystem="2.16.840.1.113883.4.9"/>
                              <name>ACETAMINOPHEN</name>
                              <activeMoiety>
                                 <activeMoiety>
                                    <code code="362O9ITL9D" codeSystem="2.16.840.1.113883.4.9"/>
                                    <name>ACETAMINOPHEN</name>
                                 </activeMoiety>
                              </activeMoiety>
                           </ingredientSubstance>
                        </ingredient>
                        <ingredient classCode="ACTIB">
                           <quantity>
                              <numerator unit="mg" value="250"/>
                              <denominator unit="1" value="1"/>
                           </quantity>
                           <ingredientSubstance>
                              <code code="R16CO5Y76E" codeSystem="2.16.840.1.113883.4.9"/>
                              <name>ASPIRIN</name>
                              <activeMoiety>
                                 <activeMoiety>
                                    <code code="R16CO5Y76E" codeSystem="2.16.840.1.113883.4.9"/>
                                    <name>ASPIRIN</name>
                                 </activeMoiety>
                              </activeMoiety>
                           </ingredientSubstance>
                        </ingredient>
                        <ingredient classCode="ACTIB">
                           <quantity>
                              <numerator unit="mg" value="65"/>
                              <denominator unit="1" value="1"/>
                           </quantity>
                           <ingredientSubstance>
                              <code code="3G6A5W338E" codeSystem="2.16.840.1.113883.4.9"/>
                              <name>CAFFEINE</name>
                              <activeMoiety>
                                 <activeMoiety>
                                    <code code="3G6A5W338E" codeSystem="2.16.840.1.113883.4.9"/>
                                    <name>CAFFEINE</name>
                                 </activeMoiety>
                              </activeMoiety>
                           </ingredientSubstance>
                        </ingredient>
                        <ingredient classCode="IACT">
                           <ingredientSubstance>
                              <code code="R12CBM0EIZ" codeSystem="2.16.840.1.113883.4.9"/>
                              <name>CARNAUBA WAX</name>
                           </ingredientSubstance>
                        </ingredient>
                        <ingredient classCode="IACT">
                           <ingredientSubstance>
                              <code code="68401960MK" codeSystem="2.16.840.1.113883.4.9"/>
                              <name>CROSPOVIDONE (15 MPA.S AT 5%)</name>
                           </ingredientSubstance>
                        </ingredient>
                        <ingredient classCode="IACT">
                           <ingredientSubstance>
                              <code code="3NXW29V3WO" codeSystem="2.16.840.1.113883.4.9"/>
                              <name>HYPROMELLOSE, UNSPECIFIED</name>
                           </ingredientSubstance>
                        </ingredient>
                        <ingredient classCode="IACT">
                           <ingredientSubstance>
                              <code code="OP1R32D61U" codeSystem="2.16.840.1.113883.4.9"/>
                              <name>MICROCRYSTALLINE CELLULOSE</name>
                           </ingredientSubstance>
                        </ingredient>
                        <ingredient classCode="IACT">
                           <ingredientSubstance>
                              <code code="FZ989GH94E" codeSystem="2.16.840.1.113883.4.9"/>
                              <name>POVIDONE, UNSPECIFIED</name>
                           </ingredientSubstance>
                        </ingredient>
                        <ingredient classCode="IACT">
                           <ingredientSubstance>
                              <code code="6DC9Q167V3" codeSystem="2.16.840.1.113883.4.9"/>
                              <name>PROPYLENE GLYCOL</name>
                           </ingredientSubstance>
                        </ingredient>
                        <ingredient classCode="IACT">
                           <ingredientSubstance>
                              <code code="SB8ZUX40TY" codeSystem="2.16.840.1.113883.4.9"/>
                              <name>SACCHARIN SODIUM</name>
                           </ingredientSubstance>
                        </ingredient>
                        <ingredient classCode="IACT">
                           <ingredientSubstance>
                              <code code="4ELV7Z65AP" codeSystem="2.16.840.1.113883.4.9"/>
                              <name>STEARIC ACID</name>
                           </ingredientSubstance>
                        </ingredient>
                        <ingredient classCode="IACT">
                           <ingredientSubstance>
                              <code code="15FIX9V2JP" codeSystem="2.16.840.1.113883.4.9"/>
                              <name>TITANIUM DIOXIDE</name>
                           </ingredientSubstance>
                        </ingredient>
                        <asContent>
                           <quantity>
                              <numerator unit="1" value="100"/>
                              <denominator value="1"/>
                           </quantity>
                           <containerPackagedProduct>
                              <code/>
                              <formCode code="C43169" codeSystem="2.16.840.1.113883.3.26.1.1" displayName="BOTTLE"/>
                              <asContent>
                                 <quantity>
                                    <numerator unit="1" value="1"/>
                                    <denominator value="1"/>
                                 </quantity>
                                 <containerPackagedProduct>
                                    <code code="41190-374-78" codeSystem="2.16.840.1.113883.6.69"/>
                                    <formCode code="C43182" codeSystem="2.16.840.1.113883.3.26.1.1" displayName="CARTON"/>
                                 </containerPackagedProduct>
                                 <subjectOf>
                                    <marketingAct>
                                       <code code="C53292" codeSystem="2.16.840.1.113883.3.26.1.1"/>
                                       <statusCode code="active"/>
                                       <effectiveTime>
                                          <low value="20130620"/>
                                       </effectiveTime>
                                    </marketingAct>
                                 </subjectOf>
                              </asContent>
                           </containerPackagedProduct>
                           <subjectOf>
                              <characteristic classCode="OBS">
                                 <code code="SPLCMBPRDTP" codeSystem="2.16.840.1.113883.1.11.19255"/>
                                 <value code="C112160" codeSystem="2.16.840.1.113883.3.26.1.1" displayName="Type 0: Not a Combination Product" xsi:type="CE"/>
                              </characteristic>
                           </subjectOf>
                        </asContent>
                     </manufacturedProduct>
                     <subjectOf>
                        <approval>
                           <id extension="ANDA075794" root="2.16.840.1.113883.3.150"/>
                           <code code="C73584" codeSystem="2.16.840.1.113883.3.26.1.1" displayName="ANDA"/>
                           <author>
                              <territorialAuthority>
                                 <territory>
                                    <code code="USA" codeSystem="2.16.840.1.113883.5.28"/>
                                 </territory>
                              </territorialAuthority>
                           </author>
                        </approval>
                     </subjectOf>
                     <subjectOf>
                        <marketingAct>
                           <code code="C53292" codeSystem="2.16.840.1.113883.3.26.1.1"/>
                           <statusCode code="active"/>
                           <effectiveTime>
                              <low value="20130620"/>
                           </effectiveTime>
                        </marketingAct>
                     </subjectOf>
                     <subjectOf>
                        <characteristic classCode="OBS">
                           <code code="SPLCOLOR" codeSystem="2.16.840.1.113883.1.11.19255"/>
                           <value code="C48325" codeSystem="2.16.840.1.113883.3.26.1.1" displayName="WHITE" xsi:type="CE"/>
                        </characteristic>
                     </subjectOf>
                     <subjectOf>
                        <characteristic classCode="OBS">
                           <code code="SPLSIZE" codeSystem="2.16.840.1.113883.1.11.19255"/>
                           <value unit="mm" value="17" xsi:type="PQ"/>
                        </characteristic>
                     </subjectOf>
                     <subjectOf>
                        <characteristic classCode="OBS">
                           <code code="SPLSHAPE" codeSystem="2.16.840.1.113883.1.11.19255"/>
                           <value code="C48336" codeSystem="2.16.840.1.113883.3.26.1.1" displayName="CAPSULE" xsi:type="CE"/>
                        </characteristic>
                     </subjectOf>
                     <subjectOf>
                        <characteristic classCode="OBS">
                           <code code="SPLSCORE" codeSystem="2.16.840.1.113883.1.11.19255"/>
                           <value value="1" xsi:type="INT"/>
                        </characteristic>
                     </subjectOf>
                     <subjectOf>
                        <characteristic classCode="OBS">
                           <code code="SPLIMPRINT" codeSystem="2.16.840.1.113883.1.11.19255"/>
                           <value xsi:type="ST">L374</value>
                        </characteristic>
                     </subjectOf>
                     <consumedIn>
                        <substanceAdministration>
                           <routeCode code="C38288" codeSystem="2.16.840.1.113883.3.26.1.1" displayName="ORAL"/>
                        </substanceAdministration>
                     </consumedIn>
                  </manufacturedProduct>
               </subject>
            </section>
         </component>
         <component>
            <section ID="i4i_OTC_Active_Ingredient_id_71692f57-6047-4613-a69c-9ab331179114">
               <id root="35fca8be-d6e9-412f-9c9f-00ee2734e326"/>
               <code code="55106-9" codeSystem="2.16.840.1.113883.6.1" displayName="OTC - ACTIVE INGREDIENT SECTION"/>
               <title>Active ingredients (in each caplet)</title>
               <text>
                  <paragraph>Acetaminophen 250 mg</paragraph>
                  <paragraph>Aspirin 250 mg (NSAID*)</paragraph>
                  <paragraph>Caffeine 65 mg</paragraph>
                  <paragraph>*nonsteroidal anti-inflammatory drug</paragraph>
               </text>
               <effectiveTime value="20150612"/>
            </section>
         </component>
         <component>
            <section ID="i4i_OTC_Purpose_id_fd9154c0-689d-4b51-926d-c2a22926c14b">
               <id root="821324c1-49b7-460d-9f11-a755c79d0a4d"/>
               <code code="55105-1" codeSystem="2.16.840.1.113883.6.1" displayName="OTC - PURPOSE SECTION"/>
               <title>Purposes</title>
               <text>
                  <paragraph>Pain reliever</paragraph>
                  <paragraph>Pain reliever aid</paragraph>
               </text>
               <effectiveTime value="20150612"/>
            </section>
         </component>
         <component>
            <section ID="i4i_indications_id_ae1bc858-7686-4706-81a7-3b20a9ac9109">
               <id root="7698ceae-8d75-452e-be03-a4a2c974adbc"/>
               <code code="34067-9" codeSystem="2.16.840.1.113883.6.1" displayName="INDICATIONS &amp; USAGE SECTION"/>
               <title>Use</title>
               <text>
                  <list listType="unordered">
                     <item>
                        <caption>•</caption>treats migraine</item>
                  </list>
               </text>
               <effectiveTime value="20150612"/>
            </section>
         </component>
         <component>
            <section ID="i4i_warnings_id_73b8bc7c-8356-4a83-ab69-384242df68f0">
               <id root="5eb68abe-cc34-4a6d-8c92-3ccc84b4c287"/>
               <code code="34071-1" codeSystem="2.16.840.1.113883.6.1" displayName="WARNINGS SECTION"/>
               <title>Warnings</title>
               <text>
                  <paragraph>
                     <content styleCode="bold">Reye’s syndrome:</content> Children and teenagers who have or are recovering from chicken pox or flu-like symptoms should not use this product. When using this product, if changes in behavior with nausea and vomiting occur, consult a doctor because these symptoms could be an early sign of Reye’s syndrome, a rare but serious illness.</paragraph>
                  <paragraph>
                     <content styleCode="bold">Allergy alert:</content>  Acetaminophen may cause severe skin reactions.  Symptoms may include:</paragraph>
                  <list listType="unordered">
                     <item>
                        <caption>•</caption>skin reddening</item>
                     <item>
                        <caption>•</caption>blisters</item>
                     <item>
                        <caption>•</caption>rash</item>
                  </list>
                  <paragraph>If a skin reaction occurs, stop use and seek medical help right away.</paragraph>
                  <paragraph>
                     <content styleCode="bold">Allergy alert:</content> Aspirin may cause a severe allergic reaction which may include:</paragraph>
                  <list listType="unordered">
                     <item>
                        <caption>•</caption>hives</item>
                     <item>
                        <caption>•</caption>facial swelling</item>
                     <item>
                        <caption>•</caption>asthma (wheezing)</item>
                     <item>
                        <caption>•</caption>shock</item>
                  </list>
                  <paragraph>
                     <content styleCode="bold">Liver warning:</content> This product contains acetaminophen. Severe liver damage may occur if you take</paragraph>
                  <list listType="unordered">
                     <item>
                        <caption>•</caption>more than 2 caplets in 24 hours, which is the maximum daily amount</item>
                     <item>
                        <caption>•</caption>with other drugs containing acetaminophen</item>
                     <item>
                        <caption>•</caption>3 or more alcoholic drinks every day while using this product</item>
                  </list>
                  <paragraph>
                     <content styleCode="bold">Stomach bleeding warning:</content>
                  </paragraph>
                  <paragraph>This product contains an NSAID, which may cause severe stomach bleeding. The chance is higher if you</paragraph>
                  <list listType="unordered">
                     <item>
                        <caption>•</caption>are age 60 or older</item>
                     <item>
                        <caption>•</caption>have had stomach ulcers or bleeding problems</item>
                     <item>
                        <caption>•</caption>take a blood thinning (anticoagulant) or steroid drug</item>
                     <item>
                        <caption>•</caption>take other drugs containing prescription or nonprescription NSAIDs (aspirin, ibuprofen, naproxen, or others)</item>
                     <item>
                        <caption>•</caption>have 3 or more alcoholic drinks every day while using this product</item>
                     <item>
                        <caption>•</caption>take more or for a longer time than directed</item>
                  </list>
                  <paragraph>
                     <content styleCode="bold">Caffeine warning:</content> The recommended dose of this product contains about as much caffeine as a cup of coffee.  Limit the use of caffeine-containing medications, foods, or beverages while taking this product because too much caffeine may cause nervousness, irritability, sleeplessness, and, occasionally, rapid heart beat.</paragraph>
               </text>
               <effectiveTime value="20191206"/>
               <component>
                  <section ID="i4i_OTC_Do_not_use_id_1b08fa45-e907-4b37-8e4c-372d75283f56">
                     <id root="ae102dee-8f86-45fb-8189-1bc484afc197"/>
                     <code code="50570-1" codeSystem="2.16.840.1.113883.6.1" displayName="OTC - DO NOT USE SECTION"/>
                     <title>Do not use</title>
                     <text>
                        <list listType="unordered">
                           <item>
                              <caption>•</caption>if you have ever had an allergic reaction to acetaminophen, aspirin or any other pain reliever/fever reducer</item>
                           <item>
                              <caption>•</caption>with any other drug containing acetaminophen (prescription or nonprescription). If you are not sure whether a drug contains acetaminophen, ask a doctor or pharmacist</item>
                        </list>
                     </text>
                     <effectiveTime value="20150612"/>
                  </section>
               </component>
               <component>
                  <section ID="i4i_OTC_Ask_Doctor_id_20acee59-0347-4610-848c-1fcb92e280d5">
                     <id root="57b63d04-c636-4957-9886-1057314b092c"/>
                     <code code="50569-3" codeSystem="2.16.840.1.113883.6.1" displayName="OTC - ASK DOCTOR SECTION"/>
                     <title>Ask a doctor before use if</title>
                     <text>
                        <list listType="unordered">
                           <item>
                              <caption>•</caption>you have never had migraines diagnosed by a health professional</item>
                           <item>
                              <caption>•</caption>you have a headache that is different from your usual migraines</item>
                           <item>
                              <caption>•</caption>you have the worst headache of your life</item>
                           <item>
                              <caption>•</caption>you have fever and stiff neck</item>
                           <item>
                              <caption>•</caption>you have headaches beginning after or caused by head injury, exertion, coughing or bending</item>
                           <item>
                              <caption>•</caption>you experienced your first headache after the age of 50</item>
                           <item>
                              <caption>•</caption>you have daily headaches</item>
                           <item>
                              <caption>•</caption>you have a migraine so severe as to require bed rest</item>
                           <item>
                              <caption>•</caption>you have liver disease</item>
                           <item>
                              <caption>•</caption>stomach bleeding warning applies to you</item>
                           <item>
                              <caption>•</caption>you have a history of stomach problems, such as heartburn</item>
                           <item>
                              <caption>•</caption>you have high blood pressure, heart disease, liver cirrhosis, or kidney disease</item>
                           <item>
                              <caption>•</caption>you are taking a diuretic</item>
                           <item>
                              <caption>•</caption>you have asthma</item>
                           <item>
                              <caption>•</caption>you have problems or serious side effects from taking pain relievers or fever reducers</item>
                           <item>
                              <caption>•</caption>you have vomiting with your migraine headache</item>
                        </list>
                     </text>
                     <effectiveTime value="20150612"/>
                  </section>
               </component>
               <component>
                  <section ID="i4i_OTC_Ask_Doctor_Pharmacist_id_435b2449-b6b7-48a0-84bd-2da23c2ade6d">
                     <id root="287e0503-8436-44bf-95c9-99d2f2b89733"/>
                     <code code="50568-5" codeSystem="2.16.840.1.113883.6.1" displayName="OTC - ASK DOCTOR/PHARMACIST SECTION"/>
                     <title>Ask a doctor or pharmacist before use if you are</title>
                     <text>
                        <list listType="unordered">
                           <item>
                              <caption>•</caption>taking a prescription drug for:</item>
                           <item>
                              <caption>•</caption>diabetes</item>
                           <item>
                              <caption>•</caption>gout</item>
                           <item>
                              <caption>•</caption>arthritis</item>
                           <item>
                              <caption>•</caption>under a doctor’s care for any serious condition</item>
                           <item>
                              <caption>•</caption>taking any other drug</item>
                           <item>
                              <caption>•</caption>taking any other product that contains aspirin, acetaminophen, or any other pain reliever/fever reducer</item>
                        </list>
                     </text>
                     <effectiveTime value="20150612"/>
                  </section>
               </component>
               <component>
                  <section ID="i4i_OTC_Stop_Use_id_8b40a48b-1456-43ca-a2d7-82c50f04122c">
                     <id root="52b2e121-e178-473b-bc17-f0828be93c8c"/>
                     <code code="50566-9" codeSystem="2.16.840.1.113883.6.1" displayName="OTC - STOP USE SECTION"/>
                     <title>Stop use and ask a doctor if</title>
                     <text>
                        <list listType="unordered">
                           <item>
                              <caption>•</caption>an allergic reaction occurs. Seek medical help right away.</item>
                           <item>
                              <caption>•</caption>you experience any of the following signs of stomach bleeding:</item>
                           <item>
                              <caption>•</caption>feel faint</item>
                           <item>
                              <caption>•</caption>vomit blood</item>
                           <item>
                              <caption>•</caption>have bloody or black stools</item>
                           <item>
                              <caption>•</caption>have stomach pain that does not get better</item>
                           <item>
                              <caption>•</caption>your migraine is not relieved or worsens after first dose</item>
                           <item>
                              <caption>•</caption>new or unexpected symptoms occur</item>
                           <item>
                              <caption>•</caption>ringing in the ears or loss of hearing occurs</item>
                        </list>
                     </text>
                     <effectiveTime value="20150612"/>
                  </section>
               </component>
               <component>
                  <section ID="i4i_OTC_Pregancy_Breastfeeding_id_eedd30d7-d94f-4efb-94fa-cadf0e4fdfaf">
                     <id root="0ef1ed38-aaa4-4505-8175-d99c4a73208f"/>
                     <code code="53414-9" codeSystem="2.16.840.1.113883.6.1" displayName="OTC - PREGNANCY OR BREAST FEEDING SECTION"/>
                     <title>If pregnant or breast-feeding,</title>
                     <text>
                        <paragraph>ask a health professional before use.  It is especially important not to use aspirin during the last 3 months of pregnancy unless definitely directed to do so by a doctor because it may cause problems in the unborn child or complications during delivery.</paragraph>
                     </text>
                     <effectiveTime value="20130830"/>
                  </section>
               </component>
               <component>
                  <section ID="i4i_OTC_Keep_Away_Children_id_16792e2e-f0f0-4989-a77a-9d971f6ccf92">
                     <id root="c62fe323-f86b-4fac-b9c8-2e16b0d86028"/>
                     <code code="50565-1" codeSystem="2.16.840.1.113883.6.1" displayName="OTC - KEEP OUT OF REACH OF CHILDREN SECTION"/>
                     <title>Keep out of reach of children. </title>
                     <text>
                        <paragraph>In case of overdose, get medical help or contact a Poison Control Center right away. (1-800-222-1222) Quick medical attention is critical for adults as well as for children even if you do not notice any signs or symptoms.</paragraph>
                     </text>
                     <effectiveTime value="20130830"/>
                  </section>
               </component>
            </section>
         </component>
         <component>
            <section ID="i4i_dosage_admin_id_933a8280-0cee-4deb-a28b-9dbd04870c5d">
               <id root="f3ebb53b-4b5e-478c-82d8-71aca37564a7"/>
               <code code="34068-7" codeSystem="2.16.840.1.113883.6.1" displayName="DOSAGE &amp; ADMINISTRATION SECTION"/>
               <title>Directions</title>
               <text>
                  <list listType="unordered">
                     <item>
                        <caption>•</caption>do not use more than directed</item>
                     <item>
                        <caption>•</caption>adults: take 2 caplets with a glass of water</item>
                     <item>
                        <caption>•</caption>if symptoms persist or worsen, ask your doctor</item>
                     <item>
                        <caption>•</caption>do not take more than 2 caplets in 24 hours, unless directed by a doctor</item>
                     <item>
                        <caption>•</caption>under 18 years of age: ask a doctor</item>
                  </list>
               </text>
               <effectiveTime value="20150612"/>
            </section>
         </component>
         <component>
            <section ID="i4i_storage_id_3c2f87c4-a009-4d5a-85a6-5d39132dcc00">
               <id root="15c4eeb0-2ef0-44aa-be8c-74d2ddf1ca29"/>
               <code code="44425-7" codeSystem="2.16.840.1.113883.6.1" displayName="STORAGE AND HANDLING SECTION"/>
               <title>Other information</title>
               <text>
                  <list listType="unordered">
                     <item>
                        <caption>•</caption>store at 20°-25°C (68°-77°F)</item>
                     <item>
                        <caption>•</caption>close cap tightly after use</item>
                     <item>
                        <caption>•</caption>read all product information before using. Keep this box for important information.</item>
                  </list>
               </text>
               <effectiveTime value="20150612"/>
            </section>
         </component>
         <component>
            <section ID="i4i_inactive_ingredients_id_c9c1e8b3-5dba-45cd-b90c-32bdb6b22a29">
               <id root="9f1d43c4-f883-408d-8aab-3c63f307eed3"/>
               <code code="51727-6" codeSystem="2.16.840.1.113883.6.1" displayName="INACTIVE INGREDIENT SECTION"/>
               <title>Inactive ingredients</title>
               <text>
                  <paragraph>carnauba wax, crospovidone, FD&amp;C blue #1 aluminum lake, hypromellose, microcrystalline cellulose, povidone, pregelatinized starch, propylene glycol, saccharin sodium, stearic acid, titanium dioxide</paragraph>
               </text>
               <effectiveTime value="20130830"/>
            </section>
         </component>
         <component>
            <section ID="i4i_OTC_Questions_id_1676b09e-4b37-4992-94b6-6a18ffd7306a">
               <id root="e72a99cf-f107-40a6-b9f5-daa078a7a650"/>
               <code code="53413-1" codeSystem="2.16.840.1.113883.6.1" displayName="OTC - QUESTIONS SECTION"/>
               <title>Questions or comments?</title>
               <text>
                  <paragraph>1-800-SHOPRITE</paragraph>
               </text>
               <effectiveTime value="20130830"/>
            </section>
         </component>
         <component>
            <section ID="i4i_Principal_display_panel_id_c571f9ea-e795-4623-9a55-bde20dccb75e">
               <id root="6d9be536-e61f-4dba-bd33-e871cee011a6"/>
               <code code="51945-4" codeSystem="2.16.840.1.113883.6.1" displayName="PACKAGE LABEL.PRINCIPAL DISPLAY PANEL"/>
               <title>Principal Display Panel</title>
               <text>
                  <paragraph>Compare to: Active Ingredients in Excedrin<sup>®</sup> Migraine</paragraph>
                  <paragraph>MIGRAINE FORMULA</paragraph>
                  <paragraph>Acetaminophen, Aspirin (NSAID) and Caffeine Tablets</paragraph>
                  <paragraph>Pain Reliever – Pain Reliever Aid</paragraph>
                  <paragraph>100 coated caplets**</paragraph>
                  <paragraph>(**capsule shaped tablets)</paragraph>
                  <renderMultiMedia ID="id494077749" referencedObject="ID_7b12c458-35e5-440c-bbd3-b1ce8380f0fb"/>
                  <renderMultiMedia ID="id-1636405093" referencedObject="e2c9e746-1ac6-442e-abbc-7900515abfd2"/>
               </text>
               <effectiveTime value="20191206"/>
               <component>
                  <observationMedia ID="ID_7b12c458-35e5-440c-bbd3-b1ce8380f0fb">
                     <text>ShopRite Migraine Formula image 1</text>
                     <value mediaType="image/jpeg" xsi:type="ED">
                        <reference value="image-01.jpg"/>
                     </value>
                  </observationMedia>
               </component>
               <component>
                  <observationMedia ID="e2c9e746-1ac6-442e-abbc-7900515abfd2">
                     <text>ShopRite Migraine Formula image 2</text>
                     <value mediaType="image/jpeg" xsi:type="ED">
                        <reference value="image-02.jpg"/>
                     </value>
                  </observationMedia>
               </component>
            </section>
         </component>
      </structuredBody>
   </component>
</document>