<?xml version="1.0" encoding="UTF-8"?><?xml-stylesheet href="https://www.accessdata.fda.gov/spl/stylesheet/spl.xsl" type="text/xsl"?>
<document xmlns="urn:hl7-org:v3" xmlns:xsi="http://www.w3.org/2001/XMLSchema-instance" xsi:schemaLocation="urn:hl7-org:v3 https://www.accessdata.fda.gov/spl/schema/spl.xsd">
   <id root="3ed1d2b9-2887-428e-9879-f1313d28d82a"/>
   <code code="34390-5" codeSystem="2.16.840.1.113883.6.1" displayName="HUMAN OTC DRUG LABEL"/>
   <title>Motrin<sup>®</sup> IB</title>
   <effectiveTime value="20200330"/>
   <setId root="d9fc716a-fba5-45f8-8024-52325799d1dd"/>
   <versionNumber value="8"/>
   <author>
      <time/>
      <assignedEntity>
         <representedOrganization>
            <id extension="878046358" root="1.3.6.1.4.1.519.1"/>
            <name>Johnson &amp; Johnson Consumer Inc., McNeil Consumer  Healthcare Division</name>
            <assignedEntity>
               <assignedOrganization/>
            </assignedEntity>
         </representedOrganization>
      </assignedEntity>
   </author>
   <component>
      <structuredBody>
         <component>
            <section ID="DLDE">
               <id root="ca0d9d56-6d4b-4819-a7d6-d5b7997c98e7"/>
               <code code="48780-1" codeSystem="2.16.840.1.113883.6.1" displayName="SPL PRODUCT DATA ELEMENTS SECTION"/>
               <effectiveTime value="20200330"/>
               <subject>
                  <manufacturedProduct>
                     <manufacturedProduct>
                        <code code="50580-409" codeSystem="2.16.840.1.113883.6.69"/>
                        <name>Motrin IB</name>
                        <formCode code="C42954" codeSystem="2.16.840.1.113883.3.26.1.1" displayName="CAPSULE, LIQUID FILLED"/>
                        <asEntityWithGeneric>
                           <genericMedicine>
                              <name>Ibuprofen</name>
                           </genericMedicine>
                        </asEntityWithGeneric>
                        <ingredient classCode="ACTIB">
                           <quantity>
                              <numerator value="200" unit="mg"/>
                              <denominator value="1" unit="1"/>
                           </quantity>
                           <ingredientSubstance>
                              <code code="WK2XYI10QM" codeSystem="2.16.840.1.113883.4.9"/>
                              <name>Ibuprofen</name>
                              <activeMoiety>
                                 <activeMoiety>
                                    <code code="WK2XYI10QM" codeSystem="2.16.840.1.113883.4.9"/>
                                    <name>Ibuprofen</name>
                                 </activeMoiety>
                              </activeMoiety>
                           </ingredientSubstance>
                        </ingredient>
                        <ingredient classCode="IACT">
                           <ingredientSubstance>
                              <code code="2G86QN327L" codeSystem="2.16.840.1.113883.4.9"/>
                              <name>gelatin, unspecified</name>
                           </ingredientSubstance>
                        </ingredient>
                        <ingredient classCode="IACT">
                           <ingredientSubstance>
                              <code code="3WJQ0SDW1A" codeSystem="2.16.840.1.113883.4.9"/>
                              <name>polyethylene glycol, unspecified</name>
                           </ingredientSubstance>
                        </ingredient>
                        <ingredient classCode="IACT">
                           <ingredientSubstance>
                              <code code="WZH3C48M4T" codeSystem="2.16.840.1.113883.4.9"/>
                              <name>potassium hydroxide</name>
                           </ingredientSubstance>
                        </ingredient>
                        <ingredient classCode="IACT">
                           <ingredientSubstance>
                              <code code="059QF0KO0R" codeSystem="2.16.840.1.113883.4.9"/>
                              <name>water</name>
                           </ingredientSubstance>
                        </ingredient>
                        <ingredient classCode="IACT">
                           <ingredientSubstance>
                              <code code="6O92ICV9RU" codeSystem="2.16.840.1.113883.4.9"/>
                              <name>sorbitan</name>
                           </ingredientSubstance>
                        </ingredient>
                        <ingredient classCode="IACT">
                           <ingredientSubstance>
                              <code code="506T60A25R" codeSystem="2.16.840.1.113883.4.9"/>
                              <name>sorbitol</name>
                           </ingredientSubstance>
                        </ingredient>
                        <asContent>
                           <quantity>
                              <numerator value="20" unit="1"/>
                              <denominator value="1"/>
                           </quantity>
                           <containerPackagedProduct>
                              <code/>
                              <formCode code="C43173" codeSystem="2.16.840.1.113883.3.26.1.1" displayName="BOTTLE, PLASTIC"/>
                              <asContent>
                                 <quantity>
                                    <numerator value="1" unit="1"/>
                                    <denominator value="1"/>
                                 </quantity>
                                 <containerPackagedProduct>
                                    <code code="50580-409-20" codeSystem="2.16.840.1.113883.6.69"/>
                                    <formCode code="C43182" codeSystem="2.16.840.1.113883.3.26.1.1" displayName="CARTON"/>
                                 </containerPackagedProduct>
                                 <subjectOf>
                                    <marketingAct>
                                       <code code="C53292" codeSystem="2.16.840.1.113883.3.26.1.1"/>
                                       <statusCode code="active"/>
                                       <effectiveTime>
                                          <low value="20150126"/>
                                       </effectiveTime>
                                    </marketingAct>
                                 </subjectOf>
                              </asContent>
                           </containerPackagedProduct>
                           <subjectOf>
                              <characteristic>
                                 <code code="SPLCMBPRDTP" codeSystem="2.16.840.1.113883.1.11.19255"/>
                                 <value code="C112160" codeSystem="2.16.840.1.113883.3.26.1.1" displayName="Type 0: Not a Combination Product" xsi:type="CV"/>
                              </characteristic>
                           </subjectOf>
                        </asContent>
                        <asContent>
                           <quantity>
                              <numerator value="80" unit="1"/>
                              <denominator value="1"/>
                           </quantity>
                           <containerPackagedProduct>
                              <code/>
                              <formCode code="C43173" codeSystem="2.16.840.1.113883.3.26.1.1" displayName="BOTTLE, PLASTIC"/>
                              <asContent>
                                 <quantity>
                                    <numerator value="1" unit="1"/>
                                    <denominator value="1"/>
                                 </quantity>
                                 <containerPackagedProduct>
                                    <code code="50580-409-80" codeSystem="2.16.840.1.113883.6.69"/>
                                    <formCode code="C43182" codeSystem="2.16.840.1.113883.3.26.1.1" displayName="CARTON"/>
                                 </containerPackagedProduct>
                                 <subjectOf>
                                    <marketingAct>
                                       <code code="C53292" codeSystem="2.16.840.1.113883.3.26.1.1"/>
                                       <statusCode code="active"/>
                                       <effectiveTime>
                                          <low value="20150126"/>
                                       </effectiveTime>
                                    </marketingAct>
                                 </subjectOf>
                              </asContent>
                           </containerPackagedProduct>
                           <subjectOf>
                              <characteristic>
                                 <code code="SPLCMBPRDTP" codeSystem="2.16.840.1.113883.1.11.19255"/>
                                 <value code="C112160" codeSystem="2.16.840.1.113883.3.26.1.1" displayName="Type 0: Not a Combination Product" xsi:type="CV"/>
                              </characteristic>
                           </subjectOf>
                        </asContent>
                        <asContent>
                           <quantity>
                              <numerator value="120" unit="1"/>
                              <denominator value="1"/>
                           </quantity>
                           <containerPackagedProduct>
                              <code/>
                              <formCode code="C43173" codeSystem="2.16.840.1.113883.3.26.1.1" displayName="BOTTLE, PLASTIC"/>
                              <asContent>
                                 <quantity>
                                    <numerator value="1" unit="1"/>
                                    <denominator value="1"/>
                                 </quantity>
                                 <containerPackagedProduct>
                                    <code code="50580-409-12" codeSystem="2.16.840.1.113883.6.69"/>
                                    <formCode code="C43182" codeSystem="2.16.840.1.113883.3.26.1.1" displayName="CARTON"/>
                                 </containerPackagedProduct>
                                 <subjectOf>
                                    <marketingAct>
                                       <code code="C53292" codeSystem="2.16.840.1.113883.3.26.1.1"/>
                                       <statusCode code="active"/>
                                       <effectiveTime>
                                          <low value="20150126"/>
                                       </effectiveTime>
                                    </marketingAct>
                                 </subjectOf>
                              </asContent>
                           </containerPackagedProduct>
                           <subjectOf>
                              <characteristic>
                                 <code code="SPLCMBPRDTP" codeSystem="2.16.840.1.113883.1.11.19255"/>
                                 <value code="C112160" codeSystem="2.16.840.1.113883.3.26.1.1" displayName="Type 0: Not a Combination Product" xsi:type="CV"/>
                              </characteristic>
                           </subjectOf>
                        </asContent>
                     </manufacturedProduct>
                     <subjectOf>
                        <approval>
                           <id extension="ANDA078682" root="2.16.840.1.113883.3.150"/>
                           <code code="C73584" codeSystem="2.16.840.1.113883.3.26.1.1" displayName="ANDA"/>
                           <author>
                              <territorialAuthority>
                                 <territory>
                                    <code code="USA" codeSystem="2.16.840.1.113883.5.28"/>
                                 </territory>
                              </territorialAuthority>
                           </author>
                        </approval>
                     </subjectOf>
                     <subjectOf>
                        <marketingAct>
                           <code code="C53292" codeSystem="2.16.840.1.113883.3.26.1.1"/>
                           <statusCode code="active"/>
                           <effectiveTime>
                              <low value="20150126"/>
                           </effectiveTime>
                        </marketingAct>
                     </subjectOf>
                     <subjectOf>
                        <characteristic classCode="OBS">
                           <code code="SPLCOLOR" codeSystem="2.16.840.1.113883.1.11.19255"/>
                           <value code="C48332" codeSystem="2.16.840.1.113883.3.26.1.1" displayName="BROWN" xsi:type="CE">
                              <originalText>Clear</originalText>
                           </value>
                        </characteristic>
                     </subjectOf>
                     <subjectOf>
                        <characteristic classCode="OBS">
                           <code code="SPLSCORE" codeSystem="2.16.840.1.113883.1.11.19255"/>
                           <value value="1" xsi:type="INT"/>
                        </characteristic>
                     </subjectOf>
                     <subjectOf>
                        <characteristic classCode="OBS">
                           <code code="SPLSHAPE" codeSystem="2.16.840.1.113883.1.11.19255"/>
                           <value code="C48345" codeSystem="2.16.840.1.113883.3.26.1.1" displayName="OVAL" xsi:type="CE">
                              <originalText/>
                           </value>
                        </characteristic>
                     </subjectOf>
                     <subjectOf>
                        <characteristic classCode="OBS">
                           <code code="SPLSIZE" codeSystem="2.16.840.1.113883.1.11.19255"/>
                           <value unit="mm" value="20" xsi:type="PQ"/>
                        </characteristic>
                     </subjectOf>
                     <subjectOf>
                        <characteristic classCode="OBS">
                           <code code="SPLIMPRINT" codeSystem="2.16.840.1.113883.1.11.19255"/>
                           <value xsi:type="ST">Motrin;IB</value>
                        </characteristic>
                     </subjectOf>
                     <consumedIn>
                        <substanceAdministration>
                           <routeCode code="C38288" codeSystem="2.16.840.1.113883.3.26.1.1" displayName="ORAL"/>
                        </substanceAdministration>
                     </consumedIn>
                  </manufacturedProduct>
               </subject>
            </section>
         </component>
         <component>
            <section>
               <id root="fc2b5605-4599-4edf-864c-49297942ac0b"/>
               <code code="42229-5" codeSystem="2.16.840.1.113883.6.1" displayName="SPL UNCLASSIFIED SECTION"/>
               <text>
                  <paragraph>
                     <content styleCode="bold italics">Drug Facts</content>
                  </paragraph>
               </text>
               <effectiveTime value="20200330"/>
            </section>
         </component>
         <component>
            <section>
               <id root="6a910a69-be76-47a5-a1b0-2816ff470972"/>
               <code code="55106-9" codeSystem="2.16.840.1.113883.6.1" displayName="OTC - ACTIVE INGREDIENT SECTION"/>
               <title>Active ingredient (in each capsule)</title>
               <text>
                  <paragraph>Solubilized ibuprofen equal to 200 mg ibuprofen (NSAID)<footnote>nonsteroidal anti-inflammatory drug</footnote>
                     <br/>(present as the free acid and potassium salt)</paragraph>
               </text>
               <effectiveTime value="20200330"/>
            </section>
         </component>
         <component>
            <section>
               <id root="26a974cc-7c35-4252-bec0-0f69ab49741a"/>
               <code code="55105-1" codeSystem="2.16.840.1.113883.6.1" displayName="OTC - PURPOSE SECTION"/>
               <title>Purpose</title>
               <text>
                  <paragraph>Pain reliever/fever reducer</paragraph>
               </text>
               <effectiveTime value="20200330"/>
            </section>
         </component>
         <component>
            <section>
               <id root="7a052caf-6d8b-4d3f-a197-ef073abb92ed"/>
               <code code="34067-9" codeSystem="2.16.840.1.113883.6.1" displayName="INDICATIONS &amp; USAGE SECTION"/>
               <title>Uses</title>
               <text>
                  <list listType="unordered" styleCode="Square">
                     <item>temporarily relieves minor aches and pains due to: 						 						<list listType="unordered" styleCode="Square">
                           <item>headache</item>
                           <item>muscular aches</item>
                           <item>minor pain of arthritis</item>
                           <item>toothache</item>
                           <item>backache</item>
                           <item>the common cold</item>
                           <item>menstrual cramps</item>
                        </list>
                     </item>
                     <item>temporarily reduces fever</item>
                  </list>
               </text>
               <effectiveTime value="20200330"/>
            </section>
         </component>
         <component>
            <section>
               <id root="faed18d4-9b8f-4cea-8d1d-8d5a19f06429"/>
               <code code="34071-1" codeSystem="2.16.840.1.113883.6.1" displayName="WARNINGS SECTION"/>
               <title>Warnings</title>
               <effectiveTime value="20200330"/>
               <component>
                  <section>
                     <id root="b1e5480b-4ff8-410c-9217-b2dd5717ea89"/>
                     <code code="42229-5" codeSystem="2.16.840.1.113883.6.1" displayName="SPL UNCLASSIFIED SECTION"/>
                     <title>Allergy alert</title>
                     <text>
                        <paragraph>Ibuprofen may cause a severe allergic reaction, especially in people allergic to aspirin. Symptoms may include:</paragraph>
                        <list listType="unordered" styleCode="Square">
                           <item>hives</item>
                           <item>facial swelling</item>
                           <item>asthma (wheezing)</item>
                           <item>shock</item>
                           <item>skin reddening</item>
                           <item>rash</item>
                           <item>blisters</item>
                        </list>
                        <paragraph>If an allergic reaction occurs, stop use and seek medical help right away.</paragraph>
                     </text>
                     <effectiveTime value="20200330"/>
                  </section>
               </component>
               <component>
                  <section>
                     <id root="177e829f-6548-4311-bfcb-dc8d69e6900d"/>
                     <code code="42229-5" codeSystem="2.16.840.1.113883.6.1" displayName="SPL UNCLASSIFIED SECTION"/>
                     <title>Stomach bleeding warning</title>
                     <text>
                        <paragraph>This product contains an NSAID, which may cause severe stomach bleeding. The chance is higher if you:</paragraph>
                        <list listType="unordered" styleCode="Square">
                           <item>are age 60 or older</item>
                           <item>have had stomach ulcers or bleeding problems</item>
                           <item>take a blood thinning (anticoagulant) or steroid drug</item>
                           <item>take other drugs containing prescription or nonprescription NSAIDs (aspirin, ibuprofen, naproxen, or others)</item>
                           <item>have 3 or more alcoholic drinks every day while using this product</item>
                           <item>take more or for a longer time than directed</item>
                        </list>
                     </text>
                     <effectiveTime value="20200330"/>
                  </section>
               </component>
               <component>
                  <section>
                     <id root="619472e9-e2de-4fca-9f82-ff9e18845738"/>
                     <code code="42229-5" codeSystem="2.16.840.1.113883.6.1" displayName="SPL UNCLASSIFIED SECTION"/>
                     <title>Heart attack and stroke warning</title>
                     <text>
                        <paragraph>NSAIDs, except aspirin, increase the risk of heart attack, heart failure, and stroke. These can be fatal. The risk is higher if you use more than directed or for longer than directed.</paragraph>
                     </text>
                     <effectiveTime value="20200330"/>
                  </section>
               </component>
               <component>
                  <section>
                     <id root="8c578d83-017c-4993-b525-6fb30d728ddd"/>
                     <code code="50570-1" codeSystem="2.16.840.1.113883.6.1" displayName="OTC - DO NOT USE SECTION"/>
                     <title>Do not use</title>
                     <text>
                        <list listType="unordered" styleCode="Square">
                           <item>if you have ever had an allergic reaction to any other pain reliever/fever reducer</item>
                           <item>right before or after heart surgery</item>
                        </list>
                     </text>
                     <effectiveTime value="20200330"/>
                  </section>
               </component>
               <component>
                  <section>
                     <id root="c8bd90d5-ce53-4f83-98d2-b7600b6a410e"/>
                     <code code="50569-3" codeSystem="2.16.840.1.113883.6.1" displayName="OTC - ASK DOCTOR SECTION"/>
                     <title>Ask a doctor before use if</title>
                     <text>
                        <list listType="unordered" styleCode="Square">
                           <item>you have problems or serious side effects from taking pain relievers or fever reducers</item>
                           <item>the stomach bleeding warning applies to you</item>
                           <item>you have a history of stomach problems, such as heartburn</item>
                           <item>you have high blood pressure, heart disease, liver cirrhosis, kidney disease, asthma, or had a stroke</item>
                           <item>you are taking a diuretic</item>
                        </list>
                     </text>
                     <effectiveTime value="20200330"/>
                  </section>
               </component>
               <component>
                  <section>
                     <id root="434e86c1-382c-4764-90cc-fa1beb625af2"/>
                     <code code="50568-5" codeSystem="2.16.840.1.113883.6.1" displayName="OTC - ASK DOCTOR/PHARMACIST SECTION"/>
                     <title>Ask a doctor or pharmacist before use if you are</title>
                     <text>
                        <list listType="unordered" styleCode="Square">
                           <item>taking aspirin for heart attack or stroke, because ibuprofen may decrease this benefit of aspirin</item>
                           <item>under a doctor's care for any serious condition</item>
                           <item>taking any other drug</item>
                        </list>
                     </text>
                     <effectiveTime value="20200330"/>
                  </section>
               </component>
               <component>
                  <section>
                     <id root="b27e56b1-d8d9-42ef-bfd8-891797a57cdb"/>
                     <code code="50567-7" codeSystem="2.16.840.1.113883.6.1" displayName="OTC - WHEN USING SECTION"/>
                     <title>When using this product</title>
                     <text>
                        <list listType="unordered" styleCode="Square">
                           <item>take with food or milk if stomach upset occurs</item>
                        </list>
                     </text>
                     <effectiveTime value="20200330"/>
                  </section>
               </component>
               <component>
                  <section>
                     <id root="982790bc-256b-49f0-8d9d-77fc0387dee1"/>
                     <code code="50566-9" codeSystem="2.16.840.1.113883.6.1" displayName="OTC - STOP USE SECTION"/>
                     <title>Stop use and ask a doctor if</title>
                     <text>
                        <list listType="unordered" styleCode="Square">
                           <item>you experience any of the following signs of stomach bleeding:<list listType="unordered" styleCode="Square">
                                 <item>feel faint</item>
                                 <item>vomit blood</item>
                                 <item>have bloody or black stools</item>
                                 <item>have stomach pain that does not get better</item>
                              </list>
                           </item>
                           <item>you have symptoms of heart problems or stroke:<list listType="unordered" styleCode="Square">
                                 <item>chest pain</item>
                                 <item>trouble breathing</item>
                                 <item>weakness in one part or side of body</item>
                                 <item>slurred speech</item>
                                 <item>leg swelling</item>
                              </list>
                           </item>
                           <item>pain gets worse or lasts more than 10 days</item>
                           <item>fever gets worse or lasts more than 3 days</item>
                           <item>redness or swelling is present in the painful area</item>
                           <item>any new symptoms appear</item>
                        </list>
                     </text>
                     <effectiveTime value="20200330"/>
                  </section>
               </component>
               <component>
                  <section>
                     <id root="0af41f5b-5f19-429f-a378-ec506223af6d"/>
                     <code code="53414-9" codeSystem="2.16.840.1.113883.6.1" displayName="OTC - PREGNANCY OR BREAST FEEDING SECTION"/>
                     <text>
                        <paragraph>
                           <content styleCode="bold">If pregnant or breast-feeding,</content> ask a health professional before use. It is especially important not to use ibuprofen during the last 3 months of pregnancy unless definitely directed to do so by a doctor because it may cause problems in the unborn child or complications during delivery.</paragraph>
                     </text>
                     <effectiveTime value="20200330"/>
                  </section>
               </component>
               <component>
                  <section>
                     <id root="3203eaab-ff74-474c-b87b-d44ae0b72068"/>
                     <code code="50565-1" codeSystem="2.16.840.1.113883.6.1" displayName="OTC - KEEP OUT OF REACH OF CHILDREN SECTION"/>
                     <text>
                        <paragraph>
                           <content styleCode="bold">Keep out of reach of children.</content> In case of overdose, get medical help or contact a Poison Control Center right away. (1-800-222-1222)</paragraph>
                     </text>
                     <effectiveTime value="20200330"/>
                  </section>
               </component>
            </section>
         </component>
         <component>
            <section>
               <id root="3beb3000-3a54-4e23-8d20-045a14198e8f"/>
               <code code="34068-7" codeSystem="2.16.840.1.113883.6.1" displayName="DOSAGE &amp; ADMINISTRATION SECTION"/>
               <title>Directions</title>
               <text>
                  <list listType="unordered" styleCode="Square">
                     <item>
                        <content styleCode="bold">do not take more than directed</content>
                     </item>
                     <item>
                        <content styleCode="bold">the smallest effective dose should be used</content>
                     </item>
                  </list>
                  <table width="55%" styleCode="Noautorules">
                     <col valign="top" align="left" width="20%"/>
                     <col valign="top" align="left" width="80%"/>
                     <tbody>
                        <tr styleCode="Botrule">
                           <td styleCode="Rrule Toprule">adults and children 12 years and older</td>
                           <td styleCode="Toprule">
                              <list listType="unordered" styleCode="Square">
                                 <item>take 1 capsule every 4 to 6 hours while symptoms persist</item>
                                 <item>if pain or fever does not respond to 1 capsule, 2 capsules may be used</item>
                                 <item>do not exceed 6 capsules in 24 hours, unless directed by a doctor</item>
                              </list>
                           </td>
                        </tr>
                        <tr>
                           <td styleCode="Rrule" valign="top">children under 12 years</td>
                           <td valign="top">
                              <list listType="unordered" styleCode="Square">
                                 <item>ask a doctor</item>
                              </list>
                           </td>
                        </tr>
                     </tbody>
                  </table>
               </text>
               <effectiveTime value="20200330"/>
            </section>
         </component>
         <component>
            <section>
               <id root="5fa0a367-eaa6-48b2-a3fb-f1536ab92b0b"/>
               <code code="44425-7" codeSystem="2.16.840.1.113883.6.1" displayName="STORAGE AND HANDLING SECTION"/>
               <title>Other information</title>
               <text>
                  <list listType="unordered" styleCode="Square">
                     <item>
                        <content styleCode="bold">each capsule contains:</content> potassium 20 mg</item>
                     <item>store between 20-25°C (68-77°F)</item>
                     <item>avoid excessive heat above 40°C (104°F). Protect from light.</item>
                     <item>
                        <content styleCode="bold">do not use if foil inner seal imprinted with "SAFETY SEAL®" is broken or missing</content>
                     </item>
                  </list>
               </text>
               <effectiveTime value="20200330"/>
            </section>
         </component>
         <component>
            <section>
               <id root="9e7c628a-ff62-451e-91ce-35e3d14e8405"/>
               <code code="51727-6" codeSystem="2.16.840.1.113883.6.1" displayName="INACTIVE INGREDIENT SECTION"/>
               <title>Inactive ingredients</title>
               <text>
                  <paragraph>gelatin, pharmaceutical ink, polyethylene glycol, potassium hydroxide, purified water, sorbitan and sorbitol</paragraph>
               </text>
               <effectiveTime value="20200330"/>
            </section>
         </component>
         <component>
            <section>
               <id root="a167335c-2384-4290-ac32-24c4ef1e7180"/>
               <code code="53413-1" codeSystem="2.16.840.1.113883.6.1" displayName="OTC - QUESTIONS SECTION"/>
               <title>Questions or comments?</title>
               <text>
                  <paragraph>call <content styleCode="bold">1-877-895-3665</content> (toll-free) or <content styleCode="bold">215-273-8755</content> (collect)</paragraph>
               </text>
               <effectiveTime value="20200330"/>
            </section>
         </component>
         <component>
            <section>
               <id root="9ea39676-2ce2-4108-ab7f-b8fbfc4c827c"/>
               <code code="51945-4" codeSystem="2.16.840.1.113883.6.1" displayName="PACKAGE LABEL.PRINCIPAL DISPLAY PANEL"/>
               <title>PRINCIPAL DISPLAY PANEL</title>
               <text>
                  <paragraph>NDC 50580-409-20</paragraph>
                  <paragraph>Motrin<sup>®</sup> IB<br/>LIQUID GELS</paragraph>
                  <paragraph>Ibuprofen Capsules, 200 mg<br/>Pain Reliever/Fever Reducer (NSAID)</paragraph>
                  <paragraph>20 Liquid Filled Capsules</paragraph>
                  <paragraph>Actual Size</paragraph>
                  <renderMultiMedia referencedObject="MM1"/>
               </text>
               <effectiveTime value="20200330"/>
               <component>
                  <observationMedia ID="MM1">
                     <text>Principal Display Panel</text>
                     <value xsi:type="ED" mediaType="image/jpeg">
                        <reference value="motrin-01.jpg"/>
                     </value>
                  </observationMedia>
               </component>
            </section>
         </component>
      </structuredBody>
   </component>
</document>