<?xml version="1.0" encoding="UTF-8"?><?xml-stylesheet href="http://www.accessdata.fda.gov/spl/stylesheet/spl.xsl" type="text/xsl"?>
<document xmlns="urn:hl7-org:v3" xmlns:xsi="http://www.w3.org/2001/XMLSchema-instance" xsi:schemaLocation="urn:hl7-org:v3 https://www.accessdata.fda.gov/spl/schema/spl.xsd">
   <id root="3ee97a25-2d22-4618-abc5-fea174ea2ab1"/>
   <code code="34390-5" displayName="HUMAN OTC DRUG LABEL" codeSystem="2.16.840.1.113883.6.1"/>
   <title>Drug Facts</title>
   <effectiveTime value="20191016"/>
   <setId root="0b5397c8-7af7-42ef-a59e-fecd4a48bf61"/>
   <versionNumber value="3"/>
   <author>
      <time/>
      <assignedEntity>
         <representedOrganization>
            <id extension="186063850" root="1.3.6.1.4.1.519.1"/>
            <name>Productos Zapotol Corp.</name>
         </representedOrganization>
      </assignedEntity>
   </author>
   <component>
      <structuredBody>
         <component>
            <section>
               <id root="118d9dad-932f-4d31-a343-87742274a788"/>
               <code code="48780-1" displayName="SPL LISTING DATA ELEMENTS SECTION" codeSystem="2.16.840.1.113883.6.1"/>
               <effectiveTime value="20191016"/>
               <subject>
                  <manufacturedProduct>
                     <manufacturedProduct>
                        <code code="59428-068" codeSystem="2.16.840.1.113883.6.69"/>
                        <name>Pain Reliever</name>
                        <formCode code="C42998" displayName="TABLET" codeSystem="2.16.840.1.113883.3.26.1.1"/>
                        <asEntityWithGeneric>
                           <genericMedicine>
                              <name>Naproxen Sodium</name>
                           </genericMedicine>
                        </asEntityWithGeneric>
                        <ingredient classCode="ACTIB">
                           <quantity>
                              <numerator unit="mg" value="220"/>
                              <denominator unit="1" value="1"/>
                           </quantity>
                           <ingredientSubstance>
                              <code code="9TN87S3A3C" codeSystem="2.16.840.1.113883.4.9"/>
                              <name>NAPROXEN SODIUM</name>
                              <activeMoiety>
                                 <activeMoiety>
                                    <code code="57Y76R9ATQ" codeSystem="2.16.840.1.113883.4.9"/>
                                    <name>NAPROXEN</name>
                                 </activeMoiety>
                              </activeMoiety>
                           </ingredientSubstance>
                        </ingredient>
                        <ingredient classCode="IACT">
                           <ingredientSubstance>
                              <code code="M28OL1HH48" codeSystem="2.16.840.1.113883.4.9"/>
                              <name>CROSCARMELLOSE SODIUM</name>
                           </ingredientSubstance>
                        </ingredient>
                        <ingredient classCode="IACT">
                           <ingredientSubstance>
                              <code code="L06K8R7DQK" codeSystem="2.16.840.1.113883.4.9"/>
                              <name>FD&amp;C BLUE NO. 2</name>
                           </ingredientSubstance>
                        </ingredient>
                        <ingredient classCode="IACT">
                           <ingredientSubstance>
                              <code code="3WJQ0SDW1A" codeSystem="2.16.840.1.113883.4.9"/>
                              <name>POLYETHYLENE GLYCOL, UNSPECIFIED</name>
                           </ingredientSubstance>
                        </ingredient>
                        <ingredient classCode="IACT">
                           <ingredientSubstance>
                              <code code="70097M6I30" codeSystem="2.16.840.1.113883.4.9"/>
                              <name>MAGNESIUM STEARATE</name>
                           </ingredientSubstance>
                        </ingredient>
                        <ingredient classCode="IACT">
                           <ingredientSubstance>
                              <code code="532B59J990" codeSystem="2.16.840.1.113883.4.9"/>
                              <name>POLYVINYL ALCOHOL, UNSPECIFIED</name>
                           </ingredientSubstance>
                        </ingredient>
                        <ingredient classCode="IACT">
                           <ingredientSubstance>
                              <code code="FZ989GH94E" codeSystem="2.16.840.1.113883.4.9"/>
                              <name>POVIDONE</name>
                           </ingredientSubstance>
                        </ingredient>
                        <ingredient classCode="IACT">
                           <ingredientSubstance>
                              <code code="O8232NY3SJ" codeSystem="2.16.840.1.113883.4.9"/>
                              <name>STARCH, CORN</name>
                           </ingredientSubstance>
                        </ingredient>
                        <ingredient classCode="IACT">
                           <ingredientSubstance>
                              <code code="7SEV7J4R1U" codeSystem="2.16.840.1.113883.4.9"/>
                              <name>TALC</name>
                           </ingredientSubstance>
                        </ingredient>
                        <ingredient classCode="IACT">
                           <ingredientSubstance>
                              <code code="15FIX9V2JP" codeSystem="2.16.840.1.113883.4.9"/>
                              <name>TITANIUM DIOXIDE</name>
                           </ingredientSubstance>
                        </ingredient>
                        <asContent>
                           <quantity>
                              <numerator unit="1" value="24"/>
                              <denominator value="1"/>
                           </quantity>
                           <containerPackagedProduct>
                              <code/>
                              <formCode code="C43173" displayName="BOTTLE, PLASTIC" codeSystem="2.16.840.1.113883.3.26.1.1"/>
                              <asContent>
                                 <quantity>
                                    <numerator unit="1" value="1"/>
                                    <denominator value="1"/>
                                 </quantity>
                                 <containerPackagedProduct>
                                    <code code="59428-068-24" codeSystem="2.16.840.1.113883.6.69"/>
                                    <formCode code="C43178" displayName="BOX" codeSystem="2.16.840.1.113883.3.26.1.1"/>
                                 </containerPackagedProduct>
                                 <subjectOf>
                                    <marketingAct>
                                       <code code="C53292" codeSystem="2.16.840.1.113883.3.26.1.1"/>
                                       <statusCode code="active"/>
                                       <effectiveTime>
                                          <low value="20170531"/>
                                       </effectiveTime>
                                    </marketingAct>
                                 </subjectOf>
                              </asContent>
                           </containerPackagedProduct>
                           <subjectOf>
                              <characteristic>
                                 <code code="SPLCMBPRDTP" codeSystem="2.16.840.1.113883.1.11.19255"/>
                                 <value code="C112160" displayName="Type 0: Not a Combination Product" codeSystem="2.16.840.1.113883.3.26.1.1" xsi:type="CV"/>
                              </characteristic>
                           </subjectOf>
                        </asContent>
                     </manufacturedProduct>
                     <subjectOf>
                        <approval>
                           <id extension="ANDA079096" root="2.16.840.1.113883.3.150"/>
                           <code code="C73584" displayName="ANDA" codeSystem="2.16.840.1.113883.3.26.1.1"/>
                           <author>
                              <territorialAuthority>
                                 <territory>
                                    <code code="USA" codeSystem="2.16.840.1.113883.5.28"/>
                                 </territory>
                              </territorialAuthority>
                           </author>
                        </approval>
                     </subjectOf>
                     <subjectOf>
                        <marketingAct>
                           <code code="C53292" codeSystem="2.16.840.1.113883.3.26.1.1"/>
                           <statusCode code="active"/>
                           <effectiveTime>
                              <low value="20170531"/>
                           </effectiveTime>
                        </marketingAct>
                     </subjectOf>
                     <subjectOf>
                        <characteristic classCode="OBS">
                           <code code="SPLCOLOR" codeSystem="2.16.840.1.113883.1.11.19255"/>
                           <value code="C48333" displayName="BLUE" codeSystem="2.16.840.1.113883.3.26.1.1" xsi:type="CV"/>
                        </characteristic>
                     </subjectOf>
                     <subjectOf>
                        <characteristic classCode="OBS">
                           <code code="SPLIMPRINT" codeSystem="2.16.840.1.113883.1.11.19255"/>
                           <value xsi:type="ST">I7</value>
                        </characteristic>
                     </subjectOf>
                     <subjectOf>
                        <characteristic classCode="OBS">
                           <code code="SPLSCORE" codeSystem="2.16.840.1.113883.1.11.19255"/>
                           <value value="1" xsi:type="INT"/>
                        </characteristic>
                     </subjectOf>
                     <subjectOf>
                        <characteristic classCode="OBS">
                           <code code="SPLSHAPE" codeSystem="2.16.840.1.113883.1.11.19255"/>
                           <value code="C48336" displayName="CAPSULE" codeSystem="2.16.840.1.113883.3.26.1.1" xsi:type="CV"/>
                        </characteristic>
                     </subjectOf>
                     <subjectOf>
                        <characteristic classCode="OBS">
                           <code code="SPLSIZE" codeSystem="2.16.840.1.113883.1.11.19255"/>
                           <value unit="mm" value="12" xsi:type="PQ"/>
                        </characteristic>
                     </subjectOf>
                     <consumedIn>
                        <substanceAdministration>
                           <routeCode code="C38288" displayName="ORAL" codeSystem="2.16.840.1.113883.3.26.1.1"/>
                        </substanceAdministration>
                     </consumedIn>
                  </manufacturedProduct>
               </subject>
            </section>
         </component>
         <component>
            <section ID="LINK_3776b1af-d1b6-4d38-81df-4d17a1794c7c">
               <id root="37e4d934-ebe1-40b0-baae-06777d845845"/>
               <code code="55106-9" codeSystem="2.16.840.1.113883.6.1" displayName="OTC - ACTIVE INGREDIENT SECTION"/>
               <title>Active ingredient (in each caplet)</title>
               <text>
                  <paragraph>
                     <content styleCode="bold">Naproxen sodium 220 mg </content>
                  </paragraph>
                  <paragraph>
                     <content styleCode="bold"> </content>
                     <content styleCode="bold">(naproxen 200 mg) (NSAID)* </content>
                  </paragraph>
                  <paragraph>
                     <content styleCode="bold">*nonsteroidal anti-inflammatory drug</content>
                  </paragraph>
               </text>
               <effectiveTime value="20191016"/>
            </section>
         </component>
         <component>
            <section ID="LINK_87cdf145-85b4-4065-9432-993d7480f3c7">
               <id root="c8969c89-b2fe-44b8-91eb-f6bb5730885c"/>
               <code code="55105-1" codeSystem="2.16.840.1.113883.6.1" displayName="OTC - PURPOSE SECTION"/>
               <title>Purpose</title>
               <text>
                  <paragraph>
                     <content styleCode="bold">Pain reliever/fever reducer</content>
                  </paragraph>
               </text>
               <effectiveTime value="20191016"/>
            </section>
         </component>
         <component>
            <section ID="LINK_26856d82-c775-4a09-ab02-e7a2cbba28f8">
               <id root="2a5ec8b6-81d1-4438-ad28-c01556e67058"/>
               <code code="34067-9" codeSystem="2.16.840.1.113883.6.1" displayName="INDICATIONS &amp; USAGE SECTION"/>
               <title>Uses</title>
               <text>
                  <list listType="unordered" styleCode="Disk">
                     <item>temporarily relieves minor aches and pains due to: 
<list listType="unordered" styleCode="Circle">
                           <item>headache</item>
                           <item>muscular aches </item>
                           <item>minor pain of arthritis</item>
                           <item>toothache</item>
                           <item>backache</item>
                           <item>the common cold</item>
                           <item>menstrual cramps</item>
                        </list>
                     </item>
                     <item>temporarily reduces fever</item>
                  </list>
               </text>
               <effectiveTime value="20191016"/>
            </section>
         </component>
         <component>
            <section ID="LINK_03313d59-e68d-4db4-9d92-ef7aff5b5025">
               <id root="bc2c4963-2f91-40f6-b0dd-5831af80001d"/>
               <code code="34071-1" codeSystem="2.16.840.1.113883.6.1" displayName="WARNINGS SECTION"/>
               <title>Warnings</title>
               <text>
                  <paragraph>
                     <content styleCode="bold">Allergy alert:</content> Naproxen sodium may cause a severe allergic reaction, especially in people allergic to aspirin. Symptoms may include:</paragraph>
                  <list listType="unordered" styleCode="Disk">
                     <item>hives </item>
                     <item>facial swelling </item>
                     <item>asthma (wheezing) </item>
                     <item>shock </item>
                     <item>skin reddening </item>
                     <item>rash </item>
                     <item>blisters</item>
                  </list>
                  <paragraph>If an allergic reaction occurs, stop use and seek medical help right away.</paragraph>
                  <paragraph>
                     <content styleCode="bold">Stomach bleeding warning:</content> This product contains an NSAID, which may cause severe stomach bleeding. The chance is higher if you:</paragraph>
                  <list listType="unordered" styleCode="Disk">
                     <item>are age 60 or older </item>
                     <item>have had stomach ulcers or bleeding problems </item>
                     <item>take a blood thinning (anticoagulant) or steroid drug </item>
                     <item>have 3 or more alcoholic drinks every day while using this product </item>
                     <item>take other drugs containing prescription or nonprescription NSAIDs (aspirin, ibuprofen, naproxen, or others) </item>
                     <item>take more or for a longer time than directed</item>
                  </list>
                  <paragraph>
                     <content styleCode="bold">Heart attack and stroke warning:</content> NSAID, except aspirin, increase the risk of heart attack, heart failure, and stroke. These can be fatal. The risk is higher if you use more than directed or for longer than directed</paragraph>
               </text>
               <effectiveTime value="20191016"/>
               <component>
                  <section ID="LINK_5aa25ab0-34c2-4b9a-a3bc-0a9b7b955874">
                     <id root="3aa3ba4c-25a4-48a1-8c09-cd5dd27d07cf"/>
                     <code code="50570-1" codeSystem="2.16.840.1.113883.6.1" displayName="OTC - DO NOT USE SECTION"/>
                     <title>Do not use</title>
                     <text>
                        <list listType="unordered" styleCode="Disk">
                           <item>if you have ever had an allergic reaction to any other pain reliever/fever reducer </item>
                           <item>right before or after heart surgery</item>
                        </list>
                     </text>
                     <effectiveTime value="20191016"/>
                  </section>
               </component>
               <component>
                  <section ID="LINK_c46fab5a-d65b-40c7-a301-5c39d1edc43d">
                     <id root="9dd1e447-ec92-43ef-8216-14ab649f8df4"/>
                     <code code="50569-3" codeSystem="2.16.840.1.113883.6.1" displayName="OTC - ASK DOCTOR SECTION"/>
                     <title>Ask a doctor before use if</title>
                     <text>
                        <list listType="unordered" styleCode="Disk">
                           <item>the stomach bleeding warning applies to you </item>
                           <item>you have a history of stomach problems, such as heartburn </item>
                           <item>you have high blood pressure, heart disease, liver cirrhosis, or kidney disease </item>
                           <item>you have problems or serious side effects from taking pain relievers or fever reducers </item>
                           <item>you have asthma </item>
                           <item>you are taking a diuretic</item>
                        </list>
                     </text>
                     <effectiveTime value="20191016"/>
                  </section>
               </component>
               <component>
                  <section ID="LINK_7a7f4fb0-a5c7-4f8b-8033-48af23b353a2">
                     <id root="42772889-b462-45bd-8c0a-ea9356ad0913"/>
                     <code code="50568-5" codeSystem="2.16.840.1.113883.6.1" displayName="OTC - ASK DOCTOR/PHARMACIST SECTION"/>
                     <title>Ask a doctor or pharmacist before use if you are</title>
                     <text>
                        <list listType="unordered" styleCode="Disk">
                           <item>under a doctor’s care for any serious condition </item>
                           <item>taking any other drug</item>
                        </list>
                     </text>
                     <effectiveTime value="20191016"/>
                  </section>
               </component>
               <component>
                  <section ID="LINK_301d0832-8905-459a-9612-4337a3b0c3b7">
                     <id root="2fe984c2-5456-418c-b681-59bb5b46a58d"/>
                     <code code="50567-7" codeSystem="2.16.840.1.113883.6.1" displayName="OTC - WHEN USING SECTION"/>
                     <title>When using this product</title>
                     <text>
                        <list listType="unordered" styleCode="Disk">
                           <item>take with food or milk if stomach upset occurs </item>
                        </list>
                        <paragraph>
                           <br/>
                        </paragraph>
                     </text>
                     <effectiveTime value="20191016"/>
                  </section>
               </component>
               <component>
                  <section ID="LINK_6ab11bfa-7e92-4a8c-833c-b94d660aa011">
                     <id root="5f49ea1a-98f8-47ac-8e43-c9178096ab52"/>
                     <code code="50566-9" codeSystem="2.16.840.1.113883.6.1" displayName="OTC - STOP USE SECTION"/>
                     <title>Stop use and ask a doctor if</title>
                     <text>
                        <list listType="unordered" styleCode="Disk">
                           <item>you experience any of the following signs of stomach bleeding: 
<list listType="unordered" styleCode="Circle">
                                 <item>feel faint </item>
                                 <item>have bloody or black stools </item>
                                 <item>vomit blood </item>
                                 <item>have stomach pain that does not get better</item>
                              </list>
                           </item>
                           <item>you have symptoms of heart problems or stroke:<list listType="unordered" styleCode="Circle">
                                 <item>chest pain</item>
                                 <item>slurred speech</item>
                                 <item>trouble breathing</item>
                                 <item>leg swelling</item>
                                 <item>weakness in one part or side of body</item>
                              </list>
                           </item>
                           <item>pain gets worse or lasts more than 10 days </item>
                           <item>fever gets worse or lasts more than 3 days </item>
                           <item>redness or swelling is present in the painful area </item>
                           <item>any new symptoms appear </item>
                           <item>you have difficulty swallowing </item>
                           <item>it feels like the pill is stuck in your throat </item>
                        </list>
                     </text>
                     <effectiveTime value="20191016"/>
                  </section>
               </component>
               <component>
                  <section ID="LINK_b222c7eb-cbcf-460b-b4df-7a5da46e2bf9">
                     <id root="c65717c3-acf3-4834-ac96-d40e77c9dd56"/>
                     <code code="53414-9" codeSystem="2.16.840.1.113883.6.1" displayName="OTC - PREGNANCY OR BREAST FEEDING SECTION"/>
                     <title>If pregnant or breast-feeding,</title>
                     <text>
                        <paragraph>ask a health professional before use. It is especially important not to use naproxen sodium during the last 3 months of pregnancy unless definitely directed to do so by a doctor because it may cause problems in the unborn child or complications during delivery.</paragraph>
                     </text>
                     <effectiveTime value="20191016"/>
                  </section>
               </component>
               <component>
                  <section ID="LINK_4bbe7e16-db26-4c7f-854f-c94c0592edd1">
                     <id root="827c9617-8316-4e30-9e68-3fe132fdbedd"/>
                     <code code="50565-1" codeSystem="2.16.840.1.113883.6.1" displayName="OTC - KEEP OUT OF REACH OF CHILDREN SECTION"/>
                     <title>Keep out of reach of children.</title>
                     <text>
                        <paragraph>In case of overdose, get medical help or contact a Poison Control Center right away (1-800-222-1222).</paragraph>
                     </text>
                     <effectiveTime value="20191016"/>
                  </section>
               </component>
            </section>
         </component>
         <component>
            <section ID="LINK_32f7f51e-1c3a-40a5-a45c-65518498a3e1">
               <id root="7d467cd7-d00e-4056-a718-79d0f84b98e8"/>
               <code code="34068-7" codeSystem="2.16.840.1.113883.6.1" displayName="DOSAGE &amp; ADMINISTRATION SECTION"/>
               <title>Directions</title>
               <text>
                  <list listType="unordered" styleCode="Disk">
                     <item>do not take more than directed </item>
                     <item>the smallest effective dose should be used </item>
                     <item>drink a full glass of water with each dose </item>
                     <item>adults and children 12 years and older: 
<list listType="unordered" styleCode="Circle">
                           <item>take 1 caplet every 8 to 12 hours while symptoms last </item>
                           <item>for the first dose you may take 2 caplets within the first hour </item>
                           <item>do not exceed 2 caplets in any 8- to 12-hour period </item>
                           <item>do not exceed 3 caplets in a 24-hour period</item>
                        </list>
                     </item>
                     <item>children under 12 years: ask a doctor</item>
                  </list>
               </text>
               <effectiveTime value="20191016"/>
            </section>
         </component>
         <component>
            <section ID="LINK_7cf05c64-08da-4034-a68a-c4b0464e2016">
               <id root="36d59ccb-44e1-450e-866e-03f0140d3cc7"/>
               <code code="44425-7" codeSystem="2.16.840.1.113883.6.1" displayName="STORAGE AND HANDLING SECTION"/>
               <title>Other information</title>
               <text>
                  <list listType="unordered" styleCode="Disk">
                     <item>
                        <content styleCode="bold">each caplet contains:</content> sodium 20 mg </item>
                     <item>store at 20° to 25°C (68° to 77°F). Avoid high humidity and excessive heat above 40°C (104°F). </item>
                     <item>read all warnings and directions before use. Keep carton.</item>
                  </list>
               </text>
               <effectiveTime value="20191016"/>
            </section>
         </component>
         <component>
            <section ID="LINK_ac276f69-4732-4b1e-9b8d-e327d02c2d5a">
               <id root="d716fe63-87f2-498f-ba13-312be9986220"/>
               <code code="51727-6" codeSystem="2.16.840.1.113883.6.1" displayName="INACTIVE INGREDIENT SECTION"/>
               <title>Inactive ingredients</title>
               <text>
                  <paragraph>croscarmellose sodium, FD&amp;C blue #2, macrogol, magnesium stearate, polyvinyl alcohol, povidone, pregelatinized starch, talc, titanium dioxide</paragraph>
               </text>
               <effectiveTime value="20191016"/>
            </section>
         </component>
         <component>
            <section ID="LINK_1f69b700-da1b-4483-a9df-2d8365bf24fd">
               <id root="3dc51e1e-74eb-4f99-bc0a-b08f7619e377"/>
               <code code="53413-1" codeSystem="2.16.840.1.113883.6.1" displayName="OTC - QUESTIONS SECTION"/>
               <title>Questions or comments?</title>
               <text>
                  <paragraph>Call <content styleCode="bold">1-888-927-6865<br/>
                     </content>
                  </paragraph>
               </text>
               <effectiveTime value="20191016"/>
            </section>
         </component>
         <component>
            <section ID="LINK_517ebed8-0e90-4f0b-91f2-2230a4e26aeb">
               <id root="952f9f4c-5a17-4611-9371-eab103f1b679"/>
               <code code="51945-4" codeSystem="2.16.840.1.113883.6.1" displayName="PACKAGE LABEL.PRINCIPAL DISPLAY PANEL"/>
               <title>Principal Display Panel</title>
               <text>
                  <paragraph>
                     <content styleCode="bold">Artridol</content>
                  </paragraph>
                  <paragraph>Naproxen Sodium  220 mg </paragraph>
                  <paragraph>Pain Reliever / Fever Reducer <content styleCode="bold">(NSAID)</content>
                  </paragraph>
                  <paragraph>CAPLETS** (**Capsule-Shaped Tablets)</paragraph>
                  <paragraph>Artritis</paragraph>
                  <list listType="unordered" styleCode="Disk">
                     <item>Artritis</item>
                     <item>Muscular Aches</item>
                     <item>Joint Pain</item>
                  </list>
                  <paragraph>
                     <content styleCode="bold">TAMPER EVIDENT: DO NOT USE IF PRINTED SAFETY SEAL UNDER CAP IS BROKEN OR MISSING</content>
                  </paragraph>
                  <paragraph>
                     <content styleCode="bold">KEEP OUTER CARTON FOR COMPLETE WARNINGS AND PRODUCT INFORMATION</content>
                  </paragraph>
                  <paragraph>
                     <content styleCode="bold">Distributed by / Distribuido por</content>
                  </paragraph>
                  <paragraph>
                     <content styleCode="bold">Productos Zapotol Corp.</content>
                  </paragraph>
                  <paragraph>
                     <content styleCode="bold">38850 20th St E, Palmdale, CA 93550   888-927-6865</content>
                  </paragraph>
               </text>
               <effectiveTime value="20191016"/>
            </section>
         </component>
         <component>
            <section ID="LINK_d173b762-e140-4c76-b823-36f5d961925a">
               <id root="9cc2a71e-f90f-4a39-9dba-4d46eae0360b"/>
               <code code="51945-4" codeSystem="2.16.840.1.113883.6.1" displayName="PACKAGE LABEL.PRINCIPAL DISPLAY PANEL"/>
               <title>Product Label</title>
               <text>
                  <renderMultiMedia referencedObject="MM1">
                     <caption>ZAPOTOL ARTRIDOL Naproxen Sodium 220 mg</caption>
                  </renderMultiMedia>
               </text>
               <effectiveTime value="20191016"/>
               <component>
                  <observationMedia ID="MM1">
                     <text>Naproxen sodium, USP 220 mg (naproxen 200 mg) (NSAID)* *nonsteroidal anti-inflammatory drug</text>
                     <value xsi:type="ED" mediaType="image/jpeg">
                        <reference value="naproxen-sodium-caplets-aml-1.jpg"/>
                     </value>
                  </observationMedia>
               </component>
            </section>
         </component>
      </structuredBody>
   </component>
</document>