<?xml version="1.0" encoding="UTF-8"?><?xml-stylesheet href="http://www.accessdata.fda.gov/spl/stylesheet/spl.xsl" type="text/xsl"?>
<document xmlns="urn:hl7-org:v3" xmlns:xsi="http://www.w3.org/2001/XMLSchema-instance" xsi:schemaLocation="urn:hl7-org:v3 http://www.accessdata.fda.gov/spl/schema/spl.xsd">
   <id root="3f875486-bfd5-423f-8c77-5852c5fa7ed0"/>
   <code code="34391-3" codeSystem="2.16.840.1.113883.6.1" displayName="HUMAN PRESCRIPTION DRUG LABEL"/>
   <title>Ibuprofen Tablets, USP</title>
   <effectiveTime value="20110726"/>
   <setId root="7261a535-6d82-4e92-ac82-f1f2653b2966"/>
   <versionNumber value="1"/>
   <author>
      <time/>
      <assignedEntity>
         <representedOrganization>
            <id extension="008039641" root="1.3.6.1.4.1.519.1"/>
            <name>RedPharm Drug Inc.</name>
            <assignedEntity>
               <assignedOrganization>
                  <assignedEntity>
                     <assignedOrganization>
                        <id extension="831227801" root="1.3.6.1.4.1.519.1"/>
                        <name>Amneal Pharmaceuticals</name>
                     </assignedOrganization>
                     <performance>
                        <actDefinition>
                           <code code="C25391" codeSystem="2.16.840.1.113883.3.26.1.1" displayName="ANALYSIS"/>
                        </actDefinition>
                     </performance>
                     <performance>
                        <actDefinition>
                           <code code="C43360" codeSystem="2.16.840.1.113883.3.26.1.1" displayName="MANUFACTURE"/>
                        </actDefinition>
                     </performance>
                     <performance>
                        <actDefinition>
                           <code code="C84732" codeSystem="2.16.840.1.113883.3.26.1.1" displayName="LABEL"/>
                        </actDefinition>
                     </performance>
                     <performance>
                        <actDefinition>
                           <code code="C84731" codeSystem="2.16.840.1.113883.3.26.1.1" displayName="PACK"/>
                        </actDefinition>
                     </performance>
                  </assignedEntity>
               </assignedOrganization>
            </assignedEntity>
         </representedOrganization>
      </assignedEntity>
   </author>
   <component>
      <structuredBody>
         <component>
            <section>
               <id root="ba6509be-4b82-418b-986c-90525de3171e"/>
               <code code="48780-1" codeSystem="2.16.840.1.113883.6.1" displayName="SPL listing data elements section"/>
               <effectiveTime value="20110726"/>
               <subject>
                  <manufacturedProduct>
                     <manufacturedProduct>
                        <code code="67296-0574" codeSystem="2.16.840.1.113883.6.69"/>
                        <name>Ibuprofen<suffix/>
                        </name>
                        <formCode code="C42998" codeSystem="2.16.840.1.113883.3.26.1.1" displayName="TABLET"/>
                        <asEntityWithGeneric>
                           <genericMedicine>
                              <name>Ibuprofen</name>
                           </genericMedicine>
                        </asEntityWithGeneric>
                        <asEquivalentEntity classCode="EQUIV">
                           <code code="C64637" codeSystem="2.16.840.1.113883.3.26.1.1"/>
                           <definingMaterialKind>
                              <code code="53746-465" codeSystem="2.16.840.1.113883.6.69"/>
                           </definingMaterialKind>
                        </asEquivalentEntity>
                        <ingredient classCode="ACTIB">
                           <quantity>
                              <numerator value="800" unit="mg"/>
                              <denominator value="1" unit="1"/>
                           </quantity>
                           <ingredientSubstance>
                              <code code="WK2XYI10QM" codeSystem="2.16.840.1.113883.4.9"/>
                              <name>IBUPROFEN</name>
                              <activeMoiety>
                                 <activeMoiety>
                                    <code code="WK2XYI10QM" codeSystem="2.16.840.1.113883.4.9"/>
                                    <name>IBUPROFEN</name>
                                 </activeMoiety>
                              </activeMoiety>
                           </ingredientSubstance>
                        </ingredient>
                        <ingredient classCode="IACT">
                           <ingredientSubstance>
                              <code code="ETJ7Z6XBU4" codeSystem="2.16.840.1.113883.4.9"/>
                              <name>SILICON DIOXIDE</name>
                           </ingredientSubstance>
                        </ingredient>
                        <ingredient classCode="IACT">
                           <ingredientSubstance>
                              <code code="M28OL1HH48" codeSystem="2.16.840.1.113883.4.9"/>
                              <name>croscarmellose sodium</name>
                           </ingredientSubstance>
                        </ingredient>
                        <ingredient classCode="IACT">
                           <ingredientSubstance>
                              <code code="70097M6I30" codeSystem="2.16.840.1.113883.4.9"/>
                              <name>magnesium stearate</name>
                           </ingredientSubstance>
                        </ingredient>
                        <ingredient classCode="IACT">
                           <ingredientSubstance>
                              <code code="3WJQ0SDW1A" codeSystem="2.16.840.1.113883.4.9"/>
                              <name>polyethylene glycol</name>
                           </ingredientSubstance>
                        </ingredient>
                        <ingredient classCode="IACT">
                           <ingredientSubstance>
                              <code code="532B59J990" codeSystem="2.16.840.1.113883.4.9"/>
                              <name>polyvinyl alcohol</name>
                           </ingredientSubstance>
                        </ingredient>
                        <ingredient classCode="IACT">
                           <ingredientSubstance>
                              <code code="O8232NY3SJ" codeSystem="2.16.840.1.113883.4.9"/>
                              <name>STARCH, CORN</name>
                           </ingredientSubstance>
                        </ingredient>
                        <ingredient classCode="IACT">
                           <ingredientSubstance>
                              <code code="7SEV7J4R1U" codeSystem="2.16.840.1.113883.4.9"/>
                              <name>talc</name>
                           </ingredientSubstance>
                        </ingredient>
                        <ingredient classCode="IACT">
                           <ingredientSubstance>
                              <code code="4ELV7Z65AP" codeSystem="2.16.840.1.113883.4.9"/>
                              <name>stearic acid</name>
                           </ingredientSubstance>
                        </ingredient>
                        <ingredient classCode="IACT">
                           <ingredientSubstance>
                              <code code="15FIX9V2JP" codeSystem="2.16.840.1.113883.4.9"/>
                              <name>titanium dioxide</name>
                           </ingredientSubstance>
                        </ingredient>
                        <asContent>
                           <quantity>
                              <numerator value="30" unit="1">
                                 <translation code="C48542" codeSystem="2.16.840.1.113883.3.26.1.1" displayName="TABLET"/>
                              </numerator>
                              <denominator value="1"/>
                           </quantity>
                           <containerPackagedProduct>
                              <code code="67296-0574-1" codeSystem="2.16.840.1.113883.6.69"/>
                              <formCode code="C43169" codeSystem="2.16.840.1.113883.3.26.1.1" displayName="BOTTLE"/>
                           </containerPackagedProduct>
                        </asContent>
                        <asContent>
                           <quantity>
                              <numerator value="10" unit="1">
                                 <translation code="C48542" codeSystem="2.16.840.1.113883.3.26.1.1" displayName="TABLET"/>
                              </numerator>
                              <denominator value="1"/>
                           </quantity>
                           <containerPackagedProduct>
                              <code code="67296-0574-2" codeSystem="2.16.840.1.113883.6.69"/>
                              <formCode code="C43169" codeSystem="2.16.840.1.113883.3.26.1.1" displayName="BOTTLE"/>
                           </containerPackagedProduct>
                        </asContent>
                     </manufacturedProduct>
                     <subjectOf>
                        <marketingAct>
                           <code code="C53292" codeSystem="2.16.840.1.113883.3.26.1.1"/>
                           <statusCode code="active"/>
                           <effectiveTime>
                              <low value="20091123"/>
                           </effectiveTime>
                        </marketingAct>
                     </subjectOf>
                     <subjectOf>
                        <approval>
                           <id extension="ANDA078558" root="2.16.840.1.113883.3.150"/>
                           <code code="C73584" codeSystem="2.16.840.1.113883.3.26.1.1" displayName="ANDA"/>
                           <author>
                              <territorialAuthority>
                                 <territory>
                                    <code code="USA" codeSystem="2.16.840.1.113883.5.28"/>
                                 </territory>
                              </territorialAuthority>
                           </author>
                        </approval>
                     </subjectOf>
                     <subjectOf>
                        <characteristic classCode="OBS">
                           <code code="SPLCOLOR" codeSystem="2.16.840.1.113883.1.11.19255"/>
                           <value code="C48325" codeSystem="2.16.840.1.113883.3.26.1.1" displayName="white" xsi:type="CE">
                              <originalText/>
                           </value>
                        </characteristic>
                     </subjectOf>
                     <subjectOf>
                        <characteristic classCode="OBS">
                           <code code="SPLSCORE" codeSystem="2.16.840.1.113883.1.11.19255"/>
                           <value value="1" xsi:type="INT"/>
                        </characteristic>
                     </subjectOf>
                     <subjectOf>
                        <characteristic classCode="OBS">
                           <code code="SPLSHAPE" codeSystem="2.16.840.1.113883.1.11.19255"/>
                           <value code="C48345" codeSystem="2.16.840.1.113883.3.26.1.1" displayName="OVAL" xsi:type="CE">
                              <originalText>Biconvex</originalText>
                           </value>
                        </characteristic>
                     </subjectOf>
                     <subjectOf>
                        <characteristic classCode="OBS">
                           <code code="SPLIMPRINT" codeSystem="2.16.840.1.113883.1.11.19255"/>
                           <value xsi:type="ST">IP;465</value>
                        </characteristic>
                     </subjectOf>
                     <subjectOf>
                        <characteristic classCode="OBS">
                           <code code="SPLSIZE" codeSystem="2.16.840.1.113883.1.11.19255"/>
                           <value unit="mm" value="17" xsi:type="PQ"/>
                        </characteristic>
                     </subjectOf>
                     <consumedIn>
                        <substanceAdministration>
                           <routeCode code="C38288" codeSystem="2.16.840.1.113883.3.26.1.1" displayName="ORAL"/>
                        </substanceAdministration>
                     </consumedIn>
                  </manufacturedProduct>
               </subject>
            </section>
         </component>
         <component>
            <section>
               <id root="a3571a37-df21-4a13-99b4-c4d2c04b5955"/>
               <code code="42229-5" codeSystem="2.16.840.1.113883.6.1" displayName="SPL UNCLASSIFIED SECTION"/>
               <title>
                  <content styleCode="bold"/>
               </title>
               <text>
                  <paragraph>
                     <content styleCode="bold">Rx Only</content>
                  </paragraph>
               </text>
               <effectiveTime value="20100917"/>
            </section>
         </component>
         <component>
            <section>
               <id root="a70da703-57ae-46d5-b801-862a56f642bb"/>
               <code code="34066-1" codeSystem="2.16.840.1.113883.6.1" displayName="BOXED WARNING SECTION"/>
               <title>
                  <content styleCode="bold"/>
               </title>
               <text>
                  <paragraph>
                     <content styleCode="bold">Cardiovascular Risk</content>
                  </paragraph>
                  <list listType="unordered" ID="i4a226941-4393-4a29-86bf-172887c531d5">
                     <item>
                        <caption/>
                        <paragraph> •	NSAIDs may cause an increased risk of serious cardiovascular thrombotic events, myocardial infarction, and stroke, which can be fatal. This risk may increase with duration of use. Patients with cardiovascular disease or risk factors for cardiovascular disease may be at greater risk (See <linkHtml href="#b1653291-df37-4512-93ca-e3e0f5808d5b">WARNINGS</linkHtml>).</paragraph>
                     </item>
                  </list>
                  <list listType="unordered" ID="ib759eb08-06ca-4e3c-87de-c216d09b751f">
                     <item>
                        <caption/>
                        <paragraph> •	Ibuprofen tablets are contraindicated for treatment of peri-operative pain in the setting of coronary artery bypass graft (CABG) surgery (see <linkHtml href="#b1653291-df37-4512-93ca-e3e0f5808d5b">WARNINGS</linkHtml>).</paragraph>
                     </item>
                  </list>
                  <paragraph>
                     <content styleCode="bold">Gastrointestinal Risk</content>
                  </paragraph>
                  <list listType="unordered" ID="i5ac12dfe-f1df-4c8b-840b-0ae246413af2">
                     <item>
                        <caption/>
                        <paragraph> •	NSAIDs cause an increased risk of serious gastrointestinal adverse events including bleeding, ulceration, and perforation of the stomach or intestines, which can be fatal. These events can    occur at any time during use and without warning symptoms. Elderly patients are at greater risk for serious gastrointestinal events. (See <linkHtml href="#b1653291-df37-4512-93ca-e3e0f5808d5b">WARNINGS</linkHtml>).</paragraph>
                     </item>
                  </list>
               </text>
               <effectiveTime value="20091123"/>
            </section>
         </component>
         <component>
            <section>
               <id root="a1e2a33d-6bbb-4576-9068-a99316695f59"/>
               <code code="34089-3" codeSystem="2.16.840.1.113883.6.1" displayName="DESCRIPTION SECTION"/>
               <title>
                  <content styleCode="bold">DESCRIPTION
</content>
               </title>
               <text>
                  <paragraph>Ibuprofen Tablets, USP contain the active ingredient ibuprofen, 
which is (±) – 2 – (<content styleCode="italics">p </content>– isobutylphenyl) propionic 
acid.  Ibuprofen is a white powder with a melting point of 74-77° C and is very 
slightly soluble in water (less than 1 mg/mL) and readily soluble in organic solvents 
such as ethanol and acetone.</paragraph>
                  <paragraph>The structural formula is represented below:<renderMultiMedia referencedObject="MM1"/>
                  </paragraph>
                  <paragraph>Ibuprofen Tablets, USP, a nonsteroidal anti-inflammatory drug (NSAID), is 
available in 400 mg, 600 mg, and 800 mg tablets for oral administration. 
Inactive ingredients: colloidal silicon dioxide, croscarmellose sodium, 
magnesium stearate, microcrystalline cellulose, polyethylene glycol, polyvinyl 
alcohol, pregelatinized starch, talc, stearic acid, and titanium dioxide.</paragraph>
               </text>
               <effectiveTime value="20091123"/>
               <component>
                  <observationMedia classCode="OBS" moodCode="EVN" ID="MM1">
                     <text>structural formula</text>
                     <value xsi:type="ED" mediaType="image/jpeg">
                        <reference value="image1.jpg"/>
                     </value>
                  </observationMedia>
               </component>
            </section>
         </component>
         <component>
            <section ID="b6aabddd-ef90-4fc0-8171-2968eec072c1">
               <id root="a64ef350-da3d-4d45-88c2-27de5bbd649e"/>
               <code code="34090-1" codeSystem="2.16.840.1.113883.6.1" displayName="CLINICAL PHARMACOLOGY SECTION"/>
               <title>
                  <content styleCode="bold">CLINICAL PHARMACOLOGY
</content>
               </title>
               <text>
                  <paragraph>Ibuprofen tablets contain ibuprofen which possesses analgesic and antipyretic activities. Its mode of action, like that of other NSAIDs, is not completely understood, but may be related to prostaglandin synthetase inhibition.</paragraph>
                  <paragraph>In clinical studies in patients with rheumatoid arthritis and osteoarthritis, ibuprofen tablets have been shown to be comparable to aspirin in controlling pain and inflammation and to be associated with a statistically significant reduction in the milder gastrointestinal side effects (see <linkHtml href="#b1edd47a-a709-4894-8c05-98a69332b9d5">ADVERSE REACTIONS</linkHtml>).</paragraph>
                  <paragraph>Ibuprofen tablets may be well tolerated in some patients who have had gastrointestinal side effects with aspirin, but these patients when treated with ibuprofen tablets should be carefully followed for signs and symptoms of gastrointestinal ulceration and bleeding. Although it is not definitely known whether ibuprofen tablets causes less peptic ulceration than aspirin, in one study involving 885 patients with rheumatoid arthritis treated for up to one year, there were no reports of gastric ulceration with ibuprofen tablets whereas frank ulceration was reported in 13 patients in the aspirin group (statistically significant p&lt;.001).</paragraph>
                  <paragraph>Gastroscopic studies at varying doses show an increased tendency toward gastric irritation at higher doses. However, at comparable doses, gastric irritation is approximately half that seen with aspirin. Studies using <sup>51</sup>Cr-tagged red cells indicate that fecal blood loss associated with ibuprofen tablets in doses up to 2400 mg daily did not exceed the normal range, and was significantly less than that seen in aspirin-treated patients.</paragraph>
                  <paragraph>In clinical studies in patients with rheumatoid arthritis, ibuprofen tablets have been shown to be comparable to indomethacin in controlling the signs and symptoms of disease activity and to be associated with a statistically significant reduction of the milder gastrointestinal (see <linkHtml href="#b1edd47a-a709-4894-8c05-98a69332b9d5">ADVERSE REACTIONS</linkHtml>) and CNS side effects.</paragraph>
                  <paragraph>Ibuprofen tablets may be used in combination with gold salts and/or corticosteroids.</paragraph>
                  <paragraph>Controlled studies have demonstrated that ibuprofen tablets are a more effective analgesic than propoxyphene for the relief of episiotomy pain, pain following dental extraction procedures, and for the relief of the symptoms of primary dysmenorrhea.</paragraph>
                  <paragraph>In patients with primary dysmenorrhea, ibuprofen tablets have been shown to reduce elevated levels of prostaglandin activity in the menstrual fluid and to reduce resting and active intrauterine pressure, as well as the frequency of uterine contractions. The probable mechanism of action is to inhibit prostaglandin synthesis rather than simply to provide analgesia.</paragraph>
                  <paragraph>The ibuprofen in ibuprofen tablets is rapidly absorbed. Peak serum ibuprofen levels are generally attained one to two hours after administration. With single doses up to 800 mg, a linear relationship exists between amount of drug administered and the integrated area under the serum drug concentration vs time curve. Above 800 mg, however, the area under the curve increases less than proportional to increases in dose.  There is no evidence of drug accumulation or enzyme induction.</paragraph>
                  <paragraph>The administration of ibuprofen tablets either under fasting conditions or immediately before meals yields quite similar serum ibuprofen concentration-time profiles. When ibuprofen tablets are administered immediately after a meal, there is a reduction in the rate of absorption but no appreciable decrease in the extent of absorption. The bioavailability of the drug is minimally altered by the presence of food.</paragraph>
                  <paragraph>A bioavailability study has shown that there was no interference with the absorption of ibuprofen when ibuprofen tablets were given in conjunction with an antacid containing both aluminum hydroxide and magnesium hydroxide.</paragraph>
                  <paragraph>Ibuprofen is rapidly metabolized and eliminated in the urine. The excretion of ibuprofen is virtually complete 24 hours after the last dose. The serum half-life is 1.8 to 2.0 hours.</paragraph>
                  <paragraph>Studies have shown that following ingestion of the drug, 45% to 79% of the dose was recovered in the urine within 24 hours as metabolite A (25%), (+)-2-[<content styleCode="italics">p</content>-(2hydroxymethyl-propyl) phenyl] propionic acid and metabolite B (37%), (+)-2-[<content styleCode="italics">p</content>-(2carboxypropyl)phenyl]  propionic acid; the percentages of free and conjugated ibuprofen were approximately 1% and 14%, respectively.</paragraph>
               </text>
               <effectiveTime value="20091123"/>
            </section>
         </component>
         <component>
            <section>
               <id root="a05546ae-f7c6-4544-8abd-96dc6164ed83"/>
               <code code="34067-9" codeSystem="2.16.840.1.113883.6.1" displayName="INDICATIONS &amp; USAGE SECTION"/>
               <title>
                  <content styleCode="bold">INDICATIONS AND USAGE
</content>
               </title>
               <text>
                  <paragraph>Carefully consider the potential benefits and risks of Ibuprofen Tablets, USP and other treatment options before deciding to use Ibuprofen Tablets, USP. Use the lowest effective dose for the shortest duration consistent with individual patient treatment goals (see <linkHtml href="#b1653291-df37-4512-93ca-e3e0f5808d5b">WARNINGS</linkHtml>).</paragraph>
                  <paragraph>Ibuprofen Tablets, USP are indicated for relief of the signs and symptoms of rheumatoid arthritis and osteoarthritis.</paragraph>
                  <paragraph>Ibuprofen Tablets, USP are indicated for relief of mild to moderate pain.</paragraph>
                  <paragraph>Ibuprofen Tablets, USP are also indicated for the treatment of primary dysmenorrhea.</paragraph>
                  <paragraph>Controlled clinical trials to establish the safety and effectiveness of Ibuprofen Tablets, USP in children have not been conducted.</paragraph>
               </text>
               <effectiveTime value="20091123"/>
            </section>
         </component>
         <component>
            <section ID="b3afd378-093f-43ad-b880-809fdd25efd1">
               <id root="a2012958-ccfb-4eed-b212-6e5f189545b7"/>
               <code code="34070-3" codeSystem="2.16.840.1.113883.6.1" displayName="CONTRAINDICATIONS SECTION"/>
               <title>
                  <content styleCode="bold">CONTRAINDICATIONS
</content>
               </title>
               <text>
                  <paragraph>Ibuprofen tablets are contraindicated in patients with known hypersensitivity to ibuprofen.</paragraph>
                  <paragraph>Ibuprofen tablets should not be given to patients who have experienced asthma, urticaria, or allergic-type reactions after taking aspirin or other NSAIDs.</paragraph>
                  <paragraph>Severe, rarely fatal, anaphylactic-like reactions to NSAIDs have been reported in such patients (see <linkHtml href="#bf90af1e-dd70-45f2-87e5-6d10e4f97098">WARNINGS, Anaphylactoid Reactions</linkHtml>, and <linkHtml href="#b99ef8df-d4f3-42a8-919a-c9e7d3c9bd37">PRECAUTIONS, Preexisting Asthma</linkHtml>).</paragraph>
                  <paragraph>Ibuprofen tablets are contraindicated for the treatment of peri-operative pain in the setting of coronary artery bypass graft (CABG) surgery (see <linkHtml href="#b1653291-df37-4512-93ca-e3e0f5808d5b">WARNINGS</linkHtml>).</paragraph>
               </text>
               <effectiveTime value="20091123"/>
            </section>
         </component>
         <component>
            <section ID="b1653291-df37-4512-93ca-e3e0f5808d5b">
               <id root="adcb3d2d-84aa-4691-85e7-234dea498595"/>
               <code code="34071-1" codeSystem="2.16.840.1.113883.6.1" displayName="WARNINGS SECTION"/>
               <title>
                  <content styleCode="bold">WARNINGS
</content>
               </title>
               <text>
                  <paragraph>
                     <content styleCode="bold">CARDIOVASCULAR EFFECTS</content>
                  </paragraph>
                  <paragraph>
                     <content styleCode="bold">Cardiovascular Thrombotic Events</content>
                  </paragraph>
                  <paragraph>Clinical trials of several COX-2 selective and nonselective NSAIDs of up to three years duration have shown an increased risk of serious cardiovascular (CV) thrombotic events, myocardial infarction, and stroke, which can be fatal. All NSAIDs, both COX-2 selective and nonselective, may have a similar risk. Patients with known CV disease or risk factors for CV disease may be at greater risk. To minimize the potential risk for an adverse CV event in patients treated with an NSAID, the lowest effective dose should be used for the shortest duration possible. Physicians and patients should remain alert for the development of such events, even in the absence of previous CV symptoms. Patients should be informed about the signs and/or symptoms of serious CV events and the steps to take if they occur.</paragraph>
                  <paragraph>There is no consistent evidence that concurrent use of aspirin mitigates the increased risk of serious CV thrombotic events associated with NSAID use. The concurrent use of aspirin and an NSAID does increase the risk of serious GI events (see <linkHtml href="#b4bc93cc-7428-46ac-95a6-1a37f0a37994">GI WARNINGS</linkHtml>).</paragraph>
                  <paragraph>Two large, controlled clinical trials of a COX-2 selective NSAID for the treatment of pain in the first 10-14 days following CABG surgery found an increased incidence of myocardial infarction and stroke (see <linkHtml href="#b3afd378-093f-43ad-b880-809fdd25efd1">CONTRAINDICATIONS</linkHtml>).</paragraph>
                  <paragraph>
                     <content styleCode="bold">Hypertension</content>
                  </paragraph>
                  <paragraph>NSAIDs including ibuprofen tablets, can lead to onset of new hypertension or worsening of preexisting hypertension, either of which may contribute to the increased incidence of CV events. Patients taking thiazides or loop diuretics may have impaired response to these therapies when taking NSAIDs. NSAIDs, including ibuprofen tablets, should be used with caution in patients with hypertension. Blood pressure (BP) should be monitored closely during the initiation of NSAID treatment and throughout the course of therapy.</paragraph>
                  <paragraph>
                     <content styleCode="bold">Congestive Heart Failure and Edema</content>
                  </paragraph>
                  <paragraph>Fluid retention and edema have been observed in some patients taking NSAIDs. Ibuprofen tablets should be used with caution in patients with fluid retention or heart failure.</paragraph>
                  <paragraph>
                     <content styleCode="bold">Gastrointestinal Effects - Risk of Ulceration, Bleeding, and Perforation</content>
                  </paragraph>
                  <paragraph>NSAIDs, including ibuprofen tablets, can cause serious gastrointestinal (GI) adverse events including inflammation, bleeding, ulceration, and perforation of the stomach, small intestine, or large intestine, which can be fatal. These serious adverse events can occur at any time, with or without warning symptoms, in patients treated with NSAIDs. Only one in five patients, who develop a serious upper GI adverse event on NSAID therapy, is symptomatic. Upper GI ulcers, gross bleeding, or perforation caused by NSAIDs occur in approximately 1% of patients treated for 3-6 months, and in about 2-4% of patients treated for one year. These trends continue with longer duration of use, increasing the likelihood of developing a serious GI event at some time during the course of therapy. However, even short-term therapy is not without risk.</paragraph>
                  <paragraph>NSAIDs should be prescribed with extreme caution in those with a prior history of ulcer disease or gastrointestinal bleeding. Patients with a <content styleCode="italics">prior history of peptic ulcer disease and/or gastrointestinal bleeding </content>who use NSAIDs have a greater than 10-fold increased risk for developing a GI bleed compared to patients treated with neither of these risk factors. Other factors that increase the risk of GI bleeding in patients treated with NSAIDs include concomitant use of oral corticosteroids or anticoagulants, longer duration of NSAID therapy, smoking, use of alcohol, older age, and poor general health status. Most spontaneous reports of fatal GI events are in elderly or debilitated patients and therefore, special care should be taken in treating this population. To minimize the potential risk for an adverse GI event in patients treated with a NSAID, the lowest effective dose should be used for the shortest possible duration. Patients and physicians should remain alert for signs and symptoms of GI ulcerations and bleeding during NSAID therapy and promptly initiate additional evaluation and treatment if a serious GI event is suspected. This should include discontinuation of the NSAID until a serious GI adverse event is ruled out. For high-risk patients, alternate therapies that do not involve NSAIDs should be considered.</paragraph>
                  <paragraph>
                     <content styleCode="bold">Renal Effects</content>
                  </paragraph>
                  <paragraph>Long-term administration of NSAIDs has resulted in renal papillary necrosis and other renal injury. Renal toxicity has also been seen in patients in whom renal prostaglandins have a compensatory role in the maintenance of renal perfusion. In these patients, administration of a NSAID may cause a dose-dependent reduction in prostaglandin formation and, secondarily, in renal blood flow, which may precipitate overt renal decompensation. Patients at greatest risk of this reaction are those with impaired renal function, heart failure, liver dysfunction, those taking diuretics and ACE inhibitors, and the elderly. Discontinuation of NSAID therapy is usually followed by recovery to the pretreatment state.</paragraph>
                  <paragraph>
                     <content styleCode="bold">Advanced Renal Disease</content>
                  </paragraph>
                  <paragraph>No information is available from controlled clinical studies regarding the use of ibuprofen tablets in patients with advanced renal disease. Therefore, treatment with ibuprofen tablets is not recommended in these patients with advanced renal disease. If ibuprofen tablets therapy must be initiated, close monitoring of the patients renal function is advisable.</paragraph>
                  <paragraph>
                     <content styleCode="bold">Anaphylactoid Reactions</content>
                  </paragraph>
                  <paragraph>As with other NSAIDs, anaphylactoid reactions may occur in patients without known prior exposure to ibuprofen tablets. Ibuprofen tablets should not be given to patients with the aspirin triad. This symptom complex typically occurs in asthmatic patients who experience rhinitis with or without nasal polyps, or who exhibit severe, potentially fatal bronchospasm after taking aspirin or other NSAIDs (see <linkHtml href="#b3afd378-093f-43ad-b880-809fdd25efd1">CONTRAINDICATIONS</linkHtml> and <linkHtml href="#b99ef8df-d4f3-42a8-919a-c9e7d3c9bd37">PRECAUTIONS, Preexisting Asthma</linkHtml>). Emergency help should be sought in cases where an anaphylactoid reaction occurs.</paragraph>
                  <paragraph>
                     <content styleCode="bold">Skin Reactions</content>
                  </paragraph>
                  <paragraph>NSAIDs, including ibuprofen tablets, can cause serious skin adverse events such as exfoliative dermatitis, Stevens-Johnson Syndrome (SJS), and toxic epidermal necrolysis (TEN), which can be fatal. These serious events may occur without warning. Patients should be informed about the signs and symptoms of serious skin manifestations and use of the drug should be discontinued at the first appearance of skin rash or any other sign of hypersensitivity.</paragraph>
                  <paragraph>
                     <content styleCode="bold">Pregnancy</content>
                  </paragraph>
                  <paragraph>In late pregnancy, as with other NSAIDs, ibuprofen tablets should be avoided because it may cause premature closure of the ductus arteriosus.</paragraph>
               </text>
               <effectiveTime value="20091123"/>
            </section>
         </component>
         <component>
            <section ID="b565236b-83b9-4ba6-9b62-b2d7796482b3">
               <id root="a5aa217c-3c06-4cbb-838a-a3bf3789b369"/>
               <code code="42232-9" codeSystem="2.16.840.1.113883.6.1" displayName="PRECAUTIONS SECTION"/>
               <title>
                  <content styleCode="bold">PRECAUTIONS
</content>
               </title>
               <text>
                  <paragraph>
                     <content styleCode="bold">General</content>
                  </paragraph>
                  <paragraph>Ibuprofen tablets cannot be expected to substitute for corticosteroids or to treat corticosteroid insufficiency. Abrupt discontinuation of corticosteroids may lead to disease exacerbation. Patients on prolonged corticosteroid therapy should have their therapy tapered slowly if a decision is made to discontinue corticosteroids.</paragraph>
                  <paragraph>The pharmacological activity of ibuprofen tablets in reducing fever and inflammation may diminish the utility of these diagnostic signs in detecting complications of presumed noninfectious, painful conditions.</paragraph>
                  <paragraph>
                     <content styleCode="bold">Hepatic effects</content>
                  </paragraph>
                  <paragraph>Borderline elevations of one or more liver tests may occur in up to 15% of patients taking NSAIDs, including ibuprofen tablets. These laboratory abnormalities may progress, may remain unchanged, or may be transient with continuing therapy. Notable elevations of ALT or AST (approximately three or more times the upper limit of normal) have been reported in approximately 1% of patients in clinical trials with NSAIDs. In addition, rare cases of severe hepatic reactions, including jaundice, fulminant hepatitis, liver necrosis, and hepatic failure, some of them with fatal outcomes have been reported.</paragraph>
                  <paragraph>A patient with symptoms and/or signs suggesting liver dysfunction, or with abnormal liver test values, should be evaluated for evidence of the development of a more severe hepatic reaction while on therapy with ibuprofen tablets. If clinical signs and symptoms consistent with liver disease develop, or if systemic manifestations occur (e.g., eosinophilia, rash, etc.), ibuprofen tablets should be discontinued.</paragraph>
                  <paragraph>
                     <content styleCode="bold">Hematological effects</content>
                  </paragraph>
                  <paragraph>Anemia is sometimes seen in patients receiving NSAIDs, including ibuprofen tablets. This may be due to fluid retention, occult or gross GI blood loss, or an incompletely described effect upon erythropoiesis. Patients on long-term treatment with NSAIDs, including ibuprofen tablets, should have their hemoglobin or hematocrit checked if they exhibit any signs or symptoms of anemia.</paragraph>
                  <paragraph>In two postmarketing clinical studies the incidence of a decreased hemoglobin level was greater than previously reported. Decrease in hemoglobin of 1 gram or more was observed in 17.1% of 193 patients on 1600 mg ibuprofen daily (osteoarthritis), and in 22.8% of 189 patients taking 2400 mg of ibuprofen daily (rheumatoid arthritis). Positive stool occult blood tests and elevated serum creatinine levels were also observed in these studies.</paragraph>
                  <paragraph>NSAIDs inhibit platelet aggregation and have been shown to prolong bleeding time in some patients.</paragraph>
                  <paragraph>Unlike aspirin, their effect on platelet function is quantitatively less, of shorter duration, and reversible.</paragraph>
                  <paragraph>Patients receiving ibuprofen tablets who may be adversely affected by alterations in platelet function, such as those with coagulation disorders or patients receiving anticoagulants should be carefully monitored.</paragraph>
                  <paragraph>
                     <content styleCode="bold">Preexisting asthma</content>
                  </paragraph>
                  <paragraph>Patients with asthma may have aspirin-sensitive asthma. The use of aspirin in patients with aspirin-sensitive asthma has been associated with severe bronchospasm, which can be fatal. Since cross reactivity, including bronchospasm, between aspirin and NSAIDs has been reported in such aspirin-sensitive patients, ibuprofen tablets should not be administered to patients with this form of aspirin sensitivity and should be used with caution in patients with preexisting asthma.</paragraph>
                  <paragraph>
                     <content styleCode="bold">Ophthalmological effects</content>
                  </paragraph>
                  <paragraph>Blurred and/or diminished vision, scotomata, and/or changes in color vision have been reported. If a patient develops such complaints while receiving ibuprofen tablets, the drug should be discontinued, and the patient should have an ophthalmologic examination which includes central visual fields and color vision testing.</paragraph>
                  <paragraph>
                     <content styleCode="bold">Aseptic meningitis</content>
                  </paragraph>
                  <paragraph>Aseptic meningitis with fever and coma has been observed on rare occasions in patients on ibuprofen therapy. Although it is probably more likely to occur in patients with systemic lupus erythematosus and related connective tissue diseases, it has been reported in patients who do not have an underlying chronic disease. If signs or symptoms of meningitis develop in a patient on ibuprofen tablets, the possibility of its being related to ibuprofen tablets should be considered.</paragraph>
                  <paragraph>
                     <content styleCode="bold">INFORMATION FOR PATIENTS</content>
                  </paragraph>
                  <paragraph>
                     <content styleCode="bold">Patients should be informed of the following information before initiating therapy with an NSAID and periodically during the course of ongoing therapy. Patients should also be encouraged to read the NSAID Medication Guide that accompanies each prescription dispensed. </content>
                  </paragraph>
                  <paragraph>•	Ibuprofen tablets, like other NSAIDs, may cause serious CV side effects, such as MI or stroke, which may result in hospitalization and even death. Although serious CV events can occur without warning symptoms, patients should be alert for the signs and symptoms of chest pain, shortness of breath, weakness, slurring of speech, and should ask for medical advice when observing any indicative signs or symptoms. Patients should be apprised of the importance of this follow-up (see<linkHtml href="#b76dd8d0-c88e-4ac1-a53d-ca7c52993439"> WARNINGS, Cardiovascular Effects</linkHtml>).</paragraph>
                  <paragraph>•	Ibuprofen tablets, like other NSAIDs, can cause GI discomfort and, rarely, serious GI side effects, such as ulcers and bleeding, which may result in hospitalization and even death. Although serious GI tract ulcerations and bleeding can occur without warning symptoms, patients should be alert for the signs and symptoms of ulcerations and bleeding, and should ask for medical advice when observing any indicative signs or symptoms including epigastric pain, dyspepsia, melena, and hematemesis. Patients should be apprised of the importance of this follow-up (see <linkHtml href="#b4bc93cc-7428-46ac-95a6-1a37f0a37994">WARNINGS, Gastrointestinal Effects-Risk of Ulceration, Bleeding and Perforation</linkHtml>).</paragraph>
                  <paragraph>•	Ibuprofen tablets, like other NSAIDs, can cause serious skin side effects such as exfoliative dermatitis, SJS and TEN, which may result in hospitalization and even death. Although serious skin reactions may occur without warning, patients should be alert for the signs and symptoms of skin rash and blisters, fever, or other signs of hypersensitivity such as itching, and should ask for medical advice when observing any indicative signs or symptoms. Patients should be advised to stop the drug immediately if they develop any type of rash and contact their physicians as soon as possible.</paragraph>
                  <paragraph>•	Patients should promptly report signs or symptoms of unexplained weight gain or edema to their physicians.</paragraph>
                  <paragraph>•	Patients should be informed of the warning signs and symptoms of hepatotoxicity (e.g., nausea, fatigue, lethargy, pruritus, jaundice, right upper quadrant tenderness and "flu-like" symptoms).If these occur, patients should be instructed to stop therapy and seek immediate medical therapy.</paragraph>
                  <paragraph>•	Patients should be informed of the signs of an anaphylactoid reaction (e.g., difficulty breathing, swelling of the face or throat). If these occur, patients should be instructed to seek immediate emergency help (see <linkHtml href="#b1653291-df37-4512-93ca-e3e0f5808d5b">WARNINGS</linkHtml>).</paragraph>
                  <paragraph>•	In late pregnancy, as with other NSAIDs, ibuprofen tablets should be avoided because it may cause premature closure of the ductus arteriosus.</paragraph>
                  <paragraph>
                     <content styleCode="bold">Laboratory Tests</content>
                  </paragraph>
                  <paragraph>Because serious GI tract ulcerations and bleeding can occur without warning symptoms, physicians should monitor for signs or symptoms of GI bleeding.</paragraph>
                  <paragraph>Patients on long-term treatment with NSAIDs should have their CBC and chemistry profile checked periodically. If clinical signs and symptoms consistent with liver or renal disease develop, systemic manifestations occur (e.g., eosinophilia, rash etc.), or abnormal liver tests persist or worsen, Ibuprofen Tablets, USP should be discontinued.</paragraph>
                  <paragraph>
                     <content styleCode="bold">Drug Interactions</content>
                  </paragraph>
                  <paragraph>
                     <content styleCode="bold">ACE-inhibitors:</content>
                  </paragraph>
                  <paragraph>Reports suggest that NSAIDs may diminish the antihypertensive effect of ACE-inhibitors. This interaction should be given consideration in patients taking NSAIDs concomitantly with ACE-inhibitors.</paragraph>
                  <paragraph>
                     <content styleCode="bold">Aspirin</content>
                  </paragraph>
                  <paragraph>When ibuprofen tablets are administered with aspirin, its protein binding is reduced, although the clearance of free ibuprofen tablets is not altered.</paragraph>
                  <paragraph>The clinical significance of this interaction is not known; however, as with other NSAIDs, concomitant administration of ibuprofen and aspirin is not generally recommended because of the potential for increased adverse effects.</paragraph>
                  <paragraph>
                     <content styleCode="bold">Diuretics</content>
                  </paragraph>
                  <paragraph>Clinical studies, as well as post marketing observations, have shown that ibuprofen tablets can reduce the natriuretic effect of furosemide and thiazides in some patients. This response has been attributed to inhibition of renal prostaglandin synthesis. During concomitant therapy with NSAIDs, the patient should be observed closely for signs of renal failure (see <linkHtml href="#b23ad4f0-bebd-4208-bc4e-32433d1ba36d">WARNINGS, Renal Effects</linkHtml>), as well as to assure diuretic efficacy.</paragraph>
                  <paragraph>
                     <content styleCode="bold">Lithium</content>
                  </paragraph>
                  <paragraph>Ibuprofen produced an elevation of plasma lithium levels and a reduction in renal lithium clearance in a study of eleven normal volunteers. The mean minimum lithium concentration increased 15% and the renal clearance of lithium was decreased by 19% during this period of concomitant drug administration.</paragraph>
                  <paragraph>This effect has been attributed to inhibition of renal prostaglandin synthesis by ibuprofen. Thus, when ibuprofen and lithium are administered concurrently, subjects should be observed carefully for signs of lithium toxicity. (Read circulars for lithium preparation before use of such concurrent therapy.)</paragraph>
                  <paragraph>
                     <content styleCode="bold">Methotrexate</content>
                  </paragraph>
                  <paragraph>NSAIDs have been reported to competitively inhibit methotrexate accumulation in rabbit kidney slices. This may indicate that they could enhance the toxicity of methotrexate. Caution should be used when NSAIDs are administered concomitantly with methotrexate.</paragraph>
                  <paragraph>
                     <content styleCode="bold">Warfarin-type anticoagulants</content>
                  </paragraph>
                  <paragraph>Several short-term controlled studies failed to show that ibuprofen tablets significantly affected prothrombin times or a variety of other clotting factors when administered to individuals on coumarin-type anticoagulants. However, because bleeding has been reported when ibuprofen tablets and other NSAIDs have been administered to patients on coumarin-type anticoagulants, the physician should be cautious when administering ibuprofen tablets to patients on anticoagulants. The effects of warfarin and NSAIDs on GI bleeding are synergistic, such that the users of both drugs together have a risk of serious GI bleeding higher than users of either drug alone.</paragraph>
                  <paragraph>
                     <content styleCode="bold">H-2 Antagonists</content>
                  </paragraph>
                  <paragraph>In studies with human volunteers, co-administration of cimetidine or ranitidine with ibuprofen had no substantive effect on ibuprofen serum concentrations.</paragraph>
                  <paragraph>
                     <content styleCode="bold">Pregnancy</content>
                  </paragraph>
                  <paragraph>
                     <content styleCode="bold">Teratogenic effects: Pregnancy Category C</content>
                  </paragraph>
                  <paragraph>Reproductive studies conducted in rats and rabbits have not demonstrated evidence of developmental abnormalities. However, animal reproduction studies are not always predictive of human response.</paragraph>
                  <paragraph>There are no adequate and well-controlled studies in pregnant women. Ibuprofen tablets should be used in pregnancy only if the potential benefit justifies the potential risk to the fetus.</paragraph>
                  <paragraph>
                     <content styleCode="bold">Nonteratogenic effects</content>
                  </paragraph>
                  <paragraph>Because of the known effects of NSAIDs on the fetal cardiovascular system (closure of ductus arteriosus), use during late pregnancy should be avoided.</paragraph>
                  <paragraph>
                     <content styleCode="bold">Labor and Delivery</content>
                  </paragraph>
                  <paragraph>In rat studies with NSAIDs, as with other drugs known to inhibit prostaglandin synthesis, an increased incidence of dystocia, delayed parturition, and decreased pup survival occurred. The effects of ibuprofen tablets on labor and delivery in pregnant women are unknown.</paragraph>
                  <paragraph>
                     <content styleCode="bold">Nursing Mothers</content>
                  </paragraph>
                  <paragraph>It is not known whether this drug is excreted in human milk. Because many drugs are excreted in human milk and because of the potential for serious adverse reactions in nursing infants from ibuprofen tablets, a decision should be made whether to discontinue nursing or discontinue the drug, taking into account the importance of the drug to the mother.</paragraph>
                  <paragraph>
                     <content styleCode="bold">Pediatric Use</content>
                  </paragraph>
                  <paragraph>Safety and effectiveness of ibuprofen tablets in pediatric patients have not been established.</paragraph>
                  <paragraph>
                     <content styleCode="bold">Geriatric Use</content>
                  </paragraph>
                  <paragraph>As with any NSAIDs, caution should be exercised in treating the elderly (65 years and older).</paragraph>
               </text>
               <effectiveTime value="20091123"/>
            </section>
         </component>
         <component>
            <section ID="b1edd47a-a709-4894-8c05-98a69332b9d5">
               <id root="ae67f855-f1cf-44b0-97f0-9316e4a9ffef"/>
               <code code="34084-4" codeSystem="2.16.840.1.113883.6.1" displayName="ADVERSE REACTIONS SECTION"/>
               <title>
                  <content styleCode="bold">ADVERSE REACTIONS
</content>
               </title>
               <text>
                  <paragraph>The most frequent type of adverse reaction occurring with ibuprofen tablets is gastrointestinal. In controlled clinical trials the percentage of patients reporting one or more gastrointestinal complaints ranged from 4% to 16%.</paragraph>
                  <paragraph>In controlled studies when ibuprofen tablets were compared to aspirin and indomethacin in equally effective doses, the overall incidence of gastrointestinal complaints was about half that seen in either the aspirin- or indomethacin-treated patients.</paragraph>
                  <paragraph>Adverse reactions observed during controlled clinical trials at an incidence greater than 1% are listed in the table. Those reactions listed in Column one encompass observations in approximately 3,000 patients. More than 500 of these patients were treated for periods of at least 54 weeks. Still other reactions occurring less frequently than 1 in 100 were reported in controlled clinical trials and from marketing experience. These reactions have been divided into two categories: Column two of the table lists reactions with therapy with ibuprofen tablets where the probability of a causal relationship exists: for the reactions in Column three, a causal relationship with ibuprofen tablets has not been established.</paragraph>
                  <paragraph>Reported side effects were higher at doses of 3200 mg/day than at doses of 2400 mg or less per day in clinical trials of patients with rheumatoid arthritis. The increases in incidence were slight and still within the ranges reported in the table.</paragraph>
                  <table frame="void" width="704" ID="ib5089649-5438-46db-890e-94cd49f8f201">
                     <thead>
                        <tr>
                           <td styleCode="Botrule" align="center" valign="top">
                              <content styleCode="bold">Incidence Greater Than 1% </content>
                              <content styleCode="bold">
                                 <br/>
                              </content>
                              <content styleCode="bold">(but less than 3%)</content>
                              <content styleCode="bold">
                                 <br/>
                              </content>
                              <content styleCode="bold">Probable Causal Relationship</content>
                           </td>
                           <td styleCode="Botrule" align="center" valign="top">
                              <content styleCode="bold">Precise Incidence Unknown </content>
                              <content styleCode="bold">
                                 <br/>
                              </content>
                              <content styleCode="bold">(but less than 1%)</content>
                              <content styleCode="bold">
                                 <br/>
                              </content>
                              <content styleCode="bold">Probable Causal Relationship**</content>
                           </td>
                           <td styleCode="Botrule" align="center" valign="top">
                              <content styleCode="bold">Precise Incidence Unknown </content>
                              <content styleCode="bold">
                                 <br/>
                              </content>
                              <content styleCode="bold">(but less than 1%)</content>
                              <content styleCode="bold">
                                 <br/>
                              </content>
                              <content styleCode="bold">Causal Relationship Unknown**</content>
                           </td>
                        </tr>
                     </thead>
                     <tfoot>
                        <tr>
                           <td styleCode="Toprule" align="left" valign="top" colspan="3"> * Reactions occurring in 3% to 9% of patients treated with ibuprofen tablets. (Those reactions occurring in less than 3% of the patients are unmarked.) </td>
                        </tr>
                        <tr>
                           <td align="left" valign="top" colspan="3"> ** Reactions are classified under “<content styleCode="italics">Probable Causal Relationship (PCR)</content>” if there has been one positive rechallenge or if three or more cases occur which might be causally related. Reactions are classified under “<content styleCode="italics">Causal Relationship Unknown</content>” if seven or more events have been reported but the criteria for PCR have not been met. </td>
                        </tr>
                     </tfoot>
                     <tbody>
                        <tr>
                           <td styleCode="Toprule" align="left" valign="top">
                              <content styleCode="bold">GASTROINTESTINAL</content>
                           </td>
                           <td styleCode="Toprule" align="left" valign="top"/>
                           <td styleCode="Toprule" align="left" valign="top"/>
                        </tr>
                        <tr>
                           <td styleCode="Botrule" align="left" valign="top">Nausea*, epigastric pain*, heartburn*, diarrhea, abdominal distress, nausea and vomiting, indigestion, constipation, abdominal cramps or Pain, fullness of GI tract (bloating and flatulence)</td>
                           <td styleCode="Botrule" align="left" valign="top">Gastric or duodenal ulcer with bleeding and/or perforation, gastrointestinal hemorrhage, melena, gastritis, hepatitis, jaundice, abnormal liver function tests; pancreatitis</td>
                           <td styleCode="Botrule" align="left" valign="top"/>
                        </tr>
                        <tr>
                           <td styleCode="Toprule" align="left" valign="top">
                              <content styleCode="bold">CENTRAL NERVOUS SYSTEM</content>
                           </td>
                           <td styleCode="Toprule" align="left" valign="top"/>
                           <td styleCode="Toprule" align="left" valign="top"/>
                        </tr>
                        <tr>
                           <td styleCode="Botrule" align="left" valign="top">Dizziness*, headache, nervousness</td>
                           <td styleCode="Botrule" align="left" valign="top">Depression, insomnia, confusion, emotional liability, somnolence, aseptic  meningitis with fever and coma  (see <linkHtml href="#b565236b-83b9-4ba6-9b62-b2d7796482b3">PRECAUTIONS</linkHtml>)</td>
                           <td styleCode="Botrule" align="left" valign="top">Paresthesias, hallucinations, dream abnormalities, pseudo-tumor cerebri</td>
                        </tr>
                        <tr>
                           <td styleCode="Toprule" align="left" valign="top">
                              <content styleCode="bold">DERMATOLOGIC</content>
                           </td>
                           <td styleCode="Toprule" align="left" valign="top"/>
                           <td styleCode="Toprule" align="left" valign="top"/>
                        </tr>
                        <tr>
                           <td styleCode="Botrule" align="left" valign="top">Rash* (including maculopapular type), pruritus</td>
                           <td styleCode="Botrule" align="left" valign="top">Vesiculobullous eruptions, urticaria, erythema multiforme, Stevens-Johnson syndrome, alopecia </td>
                           <td styleCode="Botrule" align="left" valign="top">Toxic epidermal necrolysis, photoallergic skin reactions neuritis, cataracts </td>
                        </tr>
                        <tr>
                           <td styleCode="Toprule" align="left" valign="top">
                              <content styleCode="bold">SPECIAL SENSES</content>
                           </td>
                           <td styleCode="Toprule" align="left" valign="top"/>
                           <td styleCode="Toprule" align="left" valign="top"/>
                        </tr>
                        <tr>
                           <td styleCode="Botrule" align="left" valign="top">Tinnitus</td>
                           <td styleCode="Botrule" align="left" valign="top">Hearing loss, amblyopia (blurred and/or diminished vision, scotomata and/or changes in color vision) (see <linkHtml href="#b565236b-83b9-4ba6-9b62-b2d7796482b3">PRECAUTIONS</linkHtml>)</td>
                           <td styleCode="Botrule" align="left" valign="top">Conjunctivitis, diplopia, optic neuritis, cataracts</td>
                        </tr>
                        <tr>
                           <td styleCode="Toprule" align="left" valign="top">
                              <content styleCode="bold">HEMATOLOGIC</content>
                           </td>
                           <td styleCode="Toprule" align="left" valign="top"/>
                           <td styleCode="Toprule" align="left" valign="top"/>
                        </tr>
                        <tr>
                           <td styleCode="Botrule" align="left" valign="top"/>
                           <td styleCode="Botrule" align="left" valign="top">Neutropenia, agranulocytosis, aplastic anemia, hemolytic anemia (sometimes Coombs positive), thrombocytopenia with or without purpura, eosinophilia, decreases in hemoglobin and hematocrit (see <linkHtml href="#b565236b-83b9-4ba6-9b62-b2d7796482b3">PRECAUTIONS</linkHtml>)</td>
                           <td styleCode="Botrule" align="left" valign="top">Bleeding episodes (eg epistaxis, menorrhagia)</td>
                        </tr>
                        <tr>
                           <td styleCode="Toprule" align="left" valign="top">
                              <content styleCode="bold">METABOLIC/ENDOCRINE</content>
                           </td>
                           <td styleCode="Toprule" align="left" valign="top"/>
                           <td styleCode="Toprule" align="left" valign="top"/>
                        </tr>
                        <tr>
                           <td styleCode="Botrule" align="left" valign="top">Decreased appetite</td>
                           <td styleCode="Botrule" align="left" valign="top"/>
                           <td styleCode="Botrule" align="left" valign="top">Gynecomastia, hypoglycemic reaction, acidosis</td>
                        </tr>
                        <tr>
                           <td styleCode="Toprule" align="left" valign="top">
                              <content styleCode="bold">CARDIOVASCULAR</content>
                           </td>
                           <td styleCode="Toprule" align="left" valign="top"/>
                           <td styleCode="Toprule" align="left" valign="top"/>
                        </tr>
                        <tr>
                           <td styleCode="Botrule" align="left" valign="top">Edema, fluid retention (generally responds promptly to drug discontinuation) (see PRECAUTIONS)</td>
                           <td styleCode="Botrule" align="left" valign="top">Congestive heart failure in patients with marginal cardiac function, elevated blood pressure, palpitations  </td>
                           <td styleCode="Botrule" align="left" valign="top">Arrhythmias (sinus tachycardia, sinus bradycardia)</td>
                        </tr>
                        <tr>
                           <td styleCode="Toprule" align="left" valign="top">
                              <content styleCode="bold">ALLERGIC</content>
                           </td>
                           <td styleCode="Toprule" align="left" valign="top"/>
                           <td styleCode="Toprule" align="left" valign="top"/>
                        </tr>
                        <tr>
                           <td styleCode="Botrule" align="left" valign="top"/>
                           <td styleCode="Botrule" align="left" valign="top">Syndrome of abdominal pain, fever, chills, nausea and vomiting; anaphylaxis; bronchospasm (see <linkHtml href="#b3afd378-093f-43ad-b880-809fdd25efd1">CONTRAINDICATIONS</linkHtml>) </td>
                           <td styleCode="Botrule" align="left" valign="top">Serum sickness, lupus erythe- matosus syndrome. Henoch-Schonlein vasculitis, angioedema</td>
                        </tr>
                        <tr>
                           <td styleCode="Toprule" align="left" valign="top">
                              <content styleCode="bold">RENAL</content>
                           </td>
                           <td styleCode="Toprule" align="left" valign="top"/>
                           <td styleCode="Toprule" align="left" valign="top"/>
                        </tr>
                        <tr>
                           <td styleCode="Botrule" align="left" valign="top"/>
                           <td styleCode="Botrule" align="left" valign="top">Acute renal failure (see <linkHtml href="#b565236b-83b9-4ba6-9b62-b2d7796482b3">PRECAUTIONS</linkHtml>), decreased creatinine clearance, polyuria, azotemia, cystitis, Hematuria</td>
                           <td styleCode="Botrule" align="left" valign="top">Renal papillary necrosis</td>
                        </tr>
                        <tr>
                           <td styleCode="Toprule" align="left" valign="top">
                              <content styleCode="bold">MISCELLANEOUS</content>
                           </td>
                           <td styleCode="Toprule" align="left" valign="top"/>
                           <td styleCode="Toprule" align="left" valign="top"/>
                        </tr>
                        <tr>
                           <td styleCode="Botrule" align="left" valign="top"/>
                           <td styleCode="Botrule" align="left" valign="top">Dry eyes and mouth, gingival ulcer, rhinitis</td>
                           <td styleCode="Botrule" align="left" valign="top"/>
                        </tr>
                     </tbody>
                  </table>
               </text>
               <effectiveTime value="20091123"/>
            </section>
         </component>
         <component>
            <section>
               <id root="af38f2d0-8f9f-4724-a6d6-7038a0ad6ebb"/>
               <code code="34088-5" codeSystem="2.16.840.1.113883.6.1" displayName="OVERDOSAGE SECTION"/>
               <title>
                  <content styleCode="bold">OVERDOSAGE
</content>
               </title>
               <text>
                  <paragraph>Approximately 1 ½ hours after the reported ingestion of from 7 to 10 ibuprofen tablets (400 mg), a 19-month old child weighing 12 kg was seen in the hospital emergency room, apneic and cyanotic, responding only to painful stimuli. This type of stimulus, however, was sufficient to induce respiration. Oxygen and parenteral fluids were given; a greenish-yellow fluid was aspirated from the stomach with no evidence to indicate the presence of ibuprofen. Two hours after ingestion the child's condition seemed stable; she still responded only to painful stimuli and continued to have periods of apnea lasting from 5 to 10 seconds. She was admitted to intensive care and sodium bicarbonate was administered as well as infusions of dextrose and normal saline. By four hours post-ingestion she could be aroused easily, sit by herself and respond to spoken commands. Blood level of ibuprofen was 102.9 μg/mL approximately 8 ½ hours after accidental ingestion. At 12 hours she appeared to be completely recovered.</paragraph>
                  <paragraph>In two other reported cases where children (each weighing approximately 10 kg) accidentally, acutely ingested approximately 120 mg/kg, there were no signs of acute intoxication or late sequelae. Blood level in one child 90 minutes after ingestion was 700 μg/mL - about 10 times the peak levels seen in absorption-excretion studies.</paragraph>
                  <paragraph>A 19-year old male who had taken 8,000 mg of ibuprofen over a period of a few hours complained of dizziness, and nystagmus was noted. After hospitalization, parenteral hydration and three days bed rest, he recovered with no reported sequelae.</paragraph>
                  <paragraph>In cases of acute overdosage, the stomach should be emptied by vomiting or lavage, though little drug will likely be recovered if more than an hour has elapsed since ingestion. Because the drug is acidic and is excreted in the urine, it is theoretically beneficial to administer alkali and induce diuresis. In addition to supportive measures, the use of oral activated charcoal may help to reduce the absorption and reabsorption of ibuprofen tablets.</paragraph>
               </text>
               <effectiveTime value="20091123"/>
            </section>
         </component>
         <component>
            <section>
               <id root="a90a919d-0317-4ad9-ae2e-c15a1a631c58"/>
               <code code="34068-7" codeSystem="2.16.840.1.113883.6.1" displayName="DOSAGE &amp; ADMINISTRATION SECTION"/>
               <title>
                  <content styleCode="bold">DOSAGE AND ADMINISTRATION
</content>
               </title>
               <text>
                  <paragraph>Carefully consider the potential benefits and risks of ibuprofen tablets and other treatment options before deciding to use ibuprofen tablets. Use the lowest effective dose for the shortest duration consistent with individual patient treatment goals (see <linkHtml href="#b1653291-df37-4512-93ca-e3e0f5808d5b">WARNINGS</linkHtml>).</paragraph>
                  <paragraph>After observing the response to initial therapy with ibuprofen tablets the dose and frequency should be adjusted to suit an individual patient's needs.</paragraph>
                  <paragraph>Do not exceed 3200 mg total daily dose. If gastrointestinal complaints occur, administer Ibuprofen Tablets, USP with meals or milk.</paragraph>
                  <paragraph>
                     <content styleCode="bold">Rheumatoid arthritis and osteoarthritis, including flare-ups of chronic disease:</content>
                  </paragraph>
                  <paragraph>
                     <content styleCode="italics">Suggested Dosage: </content>1200 mg-3200 mg daily (300 mg qid; 400 mg, 600 mg or 800 mg tid or qid).</paragraph>
                  <paragraph>Individual patients may show a better response to 3200 mg daily, as compared with 2400 mg, although in well-controlled clinical trials patients on 3200 mg did not show a better mean response in terms of efficacy. Therefore, when treating patients with 3200 mg/day, the physician should observe sufficient increased clinical benefits to offset potential increased risk.</paragraph>
                  <paragraph>The dose should be tailored to each patient, and may be lowered or raised depending on the severity of symptoms either at time of initiating drug therapy or as the patient responds or fails to respond.</paragraph>
                  <paragraph>In general, patients with rheumatoid arthritis seem to require higher doses of ibuprofen tablets than do patients with osteoarthritis.</paragraph>
                  <paragraph>The smallest dose of ibuprofen tablets that yields acceptable control should be employed. A linear blood level dose-response relationship exists with single doses up to 800 mg (See <linkHtml href="#b6aabddd-ef90-4fc0-8171-2968eec072c1">CLINICAL PHARMACOLOGY </linkHtml>for effects of food on rate of absorption). The availability of four tablet strengths facilitates dosage adjustment.</paragraph>
                  <paragraph>
                     <content styleCode="italics">In chronic conditions</content>, a therapeutic response to therapy with ibuprofen tablets is sometimes seen in a few days to a week but most often is observed by two weeks. After a satisfactory response has been achieved, the patient's dose should be reviewed and adjusted as required.</paragraph>
                  <paragraph>
                     <content styleCode="bold">Mild to moderate pain: </content>400 mg every 4 to 6 hours as necessary for relief of pain.</paragraph>
                  <paragraph>In controlled analgesic clinical trials, doses of ibuprofen tablets greater than 400 mg were no more effective than the 400 mg dose.</paragraph>
                  <paragraph>
                     <content styleCode="bold">Dysmenorrhea: </content>For the treatment of dysmenorrhea, beginning with the earliest onset of such pain, ibuprofen tablets should be given in a dose of 400 mg every 4 hours as necessary for the relief of pain.</paragraph>
               </text>
               <effectiveTime value="20091123"/>
            </section>
         </component>
         <component>
            <section>
               <id root="a6bd7678-23fb-453f-a379-8a7792e8b52b"/>
               <code code="34069-5" codeSystem="2.16.840.1.113883.6.1" displayName="HOW SUPPLIED SECTION"/>
               <title>
                  <content styleCode="bold">HOW SUPPLIED
</content>
               </title>
               <text>
                  <paragraph>Ibuprofen Tablets, USP are available in the following strengths, colors and sizes:</paragraph>
                  <paragraph>
                     <content styleCode="bold">600 mg </content>(white, oval-shaped, biconvex, aqueous 
film-coated tablets, debossed “IP 465” on obverse and plain on reverse.</paragraph>
                  <paragraph/>
                  <paragraph>They are available as follows:</paragraph>
                  <paragraph>Bottles of 10: NDC 67296-0574-2<br/>
                  </paragraph>
                  <paragraph>Bottles of 30: NDC 67296-0574-1<br/>
                  </paragraph>
                  <paragraph>Store at controlled room temperature 20° to 25°C (68° to 77°F)[see USP].</paragraph>
                  <paragraph>Rx only</paragraph>
               </text>
               <effectiveTime value="20091123"/>
            </section>
         </component>
         <component>
            <section>
               <id root="a7ad3d5b-8a8b-4c53-a986-53b738ff9c3d"/>
               <code code="42229-5" codeSystem="2.16.840.1.113883.6.1" displayName="SPL UNCLASSIFIED SECTION"/>
               <title>
                  <content styleCode="bold"/>
               </title>
               <text>
                  <paragraph>Manufactured by:</paragraph>
                  <paragraph>
                     <content styleCode="bold">Amneal Pharmaceuticals of NY</content>
                  </paragraph>
                  <paragraph>Hauppauge, NY 11788</paragraph>
                  <paragraph>Distributed by:</paragraph>
                  <paragraph>
                     <content styleCode="bold">Amneal Pharmaceuticals</content>
                     <br/>Glasgow, KY 42141</paragraph>
                  <paragraph>Rev. 09-2009</paragraph>
               </text>
               <effectiveTime value="20100917"/>
            </section>
         </component>
         <component>
            <section>
               <id root="ea267ea9-25d7-4516-9627-cbb5d1f2eae6"/>
               <code code="51945-4" codeSystem="2.16.840.1.113883.6.1" displayName="PACKAGE LABEL.PRINCIPAL DISPLAY PANEL"/>
               <text>copy of label<renderMultiMedia referencedObject="MM2"/>
               </text>
               <effectiveTime value="20110726"/>
               <component>
                  <observationMedia classCode="OBS" moodCode="EVN" ID="MM2">
                     <text>copy of label</text>
                     <value xsi:type="ED" mediaType="image/jpeg">
                        <reference value="6729605381.jpg"/>
                     </value>
                  </observationMedia>
               </component>
            </section>
         </component>
      </structuredBody>
   </component>
</document>